From,To,Sent At,Message,Direction,inviterProfileUrl,inviteeProfileUrl
Gautam Kumar  Maurya,Andrew  Berg,"8/12/26, 6:06 PM",,OUTGOING,https://www.linkedin.com/in/gkm563,https://www.linkedin.com/in/andrew-berg-b4b404273
Gautam Kumar  Maurya,SAKTHIVEL K,"8/12/26, 4:47 PM",,OUTGOING,https://www.linkedin.com/in/gkm563,https://www.linkedin.com/in/sakthivel-kk
Gautam Kumar  Maurya,Niti Verma,"8/12/26, 10:17 AM",,OUTGOING,https://www.linkedin.com/in/gkm563,https://www.linkedin.com/in/niti-verma-370684294
Gautam Kumar  Maurya,Tanishka Yadav,"8/12/26, 10:16 AM",,OUTGOING,https://www.linkedin.com/in/gkm563,https://www.linkedin.com/in/tanishka-yadav-856347212
Gautam Kumar  Maurya,Anurag Singh,"8/12/26, 10:16 AM",,OUTGOING,https://www.linkedin.com/in/gkm563,https://www.linkedin.com/in/anu1337
Gautam Kumar  Maurya,Bhavya .,"8/12/26, 10:16 AM",,OUTGOING,https://www.linkedin.com/in/gkm563,https://www.linkedin.com/in/bhavya106086170
Gautam Kumar  Maurya,Mohd Kafeel Khan,"8/10/26, 4:44 PM",,OUTGOING,https://www.linkedin.com/in/gkm563,https://www.linkedin.com/in/kafeel001khan
Gautam Kumar  Maurya,Anubhav Singh,"8/10/26, 4:12 AM",,OUTGOING,https://www.linkedin.com/in/gkm563,https://www.linkedin.com/in/xprilion
Gautam Kumar  Maurya,Dr. Ranadheer Mandadi,"8/8/26, 4:26 AM",,OUTGOING,https://www.linkedin.com/in/gkm563,https://www.linkedin.com/in/dr-ranadheer-mandadi-1b45b6213
Gautam Kumar  Maurya,Priya Gupta,"8/8/26, 3:11 AM",,OUTGOING,https://www.linkedin.com/in/gkm563,https://www.linkedin.com/in/priya-gupta-132508231
Gautam Kumar  Maurya,Laxman Yadav,"8/6/26, 6:32 PM",,OUTGOING,https://www.linkedin.com/in/gkm563,https://www.linkedin.com/in/laxman--yadav
Gautam Kumar  Maurya,Devesh Tripathi,"8/6/26, 6:32 PM",,OUTGOING,https://www.linkedin.com/in/gkm563,https://www.linkedin.com/in/devesh-tripathi-b08a9922b
Gautam Kumar  Maurya,Nilabh Narayan Singh,"8/6/26, 6:32 PM",,OUTGOING,https://www.linkedin.com/in/gkm563,https://www.linkedin.com/in/nilabh-narayan-singh-b502a225a
Gautam Kumar  Maurya,Himanshu Vitthalani,"8/6/26, 6:32 PM",,OUTGOING,https://www.linkedin.com/in/gkm563,https://www.linkedin.com/in/himanshu-vitthalani-748310313
Gautam Kumar  Maurya,Ronak Goyal,"8/6/26, 6:32 PM",,OUTGOING,https://www.linkedin.com/in/gkm563,https://www.linkedin.com/in/ronakk7
Gautam Kumar  Maurya,Rishu Kumar,"8/6/26, 6:32 PM",,OUTGOING,https://www.linkedin.com/in/gkm563,https://www.linkedin.com/in/rkrj7
Gautam Kumar  Maurya,Esha Kushwaha,"8/5/26, 10:25 AM",,OUTGOING,https://www.linkedin.com/in/gkm563,https://www.linkedin.com/in/esha-kushwaha
Gautam Kumar  Maurya,Tanishqa Giri,"8/2/26, 12:53 PM",,OUTGOING,https://www.linkedin.com/in/gkm563,https://www.linkedin.com/in/tanishqa-giri-b29a15260
Gautam Kumar  Maurya,Sai Chithra Devaraneni ,"7/31/26, 6:11 AM",,OUTGOING,https://www.linkedin.com/in/gkm563,https://www.linkedin.com/in/sai-chithra-devaraneni-619a91292
Gautam Kumar  Maurya,Riya Ghaloth,"7/30/26, 11:08 PM",,OUTGOING,https://www.linkedin.com/in/gkm563,https://www.linkedin.com/in/riyaghaloth
Gautam Kumar  Maurya,Gauri Juneja,"7/30/26, 7:25 PM",,OUTGOING,https://www.linkedin.com/in/gkm563,https://www.linkedin.com/in/gauri-juneja
Gautam Kumar  Maurya,Rieyanshi Sharma,"7/22/26, 6:42 PM",,OUTGOING,https://www.linkedin.com/in/gkm563,https://www.linkedin.com/in/rieyanshi
Gautam Kumar  Maurya,Yash Agrawal,"7/21/26, 8:48 AM",,OUTGOING,https://www.linkedin.com/in/gkm563,https://www.linkedin.com/in/yash-agrawal-514974229
Gautam Kumar  Maurya,Akshat Shrivastava ,"7/20/26, 10:43 PM",,OUTGOING,https://www.linkedin.com/in/gkm563,https://www.linkedin.com/in/akshat-shrivastava03
Gautam Kumar  Maurya,Arpan Garg,"7/19/26, 7:42 PM",,OUTGOING,https://www.linkedin.com/in/gkm563,https://www.linkedin.com/in/arpansac
Gautam Kumar  Maurya,Aakash Kuragayala,"7/17/26, 8:32 PM",,OUTGOING,https://www.linkedin.com/in/gkm563,https://www.linkedin.com/in/aakash-kuragayala-102a78233
Gautam Kumar  Maurya,Ayushman Bhattacharya,"7/17/26, 5:04 PM",,OUTGOING,https://www.linkedin.com/in/gkm563,https://www.linkedin.com/in/elixpo
Gautam Kumar  Maurya,Dishant Sonani,"7/17/26, 5:04 PM",,OUTGOING,https://www.linkedin.com/in/gkm563,https://www.linkedin.com/in/dishantsonani
Gautam Kumar  Maurya,Suyash Dwivedi,"7/17/26, 3:19 AM",,OUTGOING,https://www.linkedin.com/in/gkm563,https://www.linkedin.com/in/suyash-dwivedi-b47bab58
Gautam Kumar  Maurya,Shreya .,"7/16/26, 10:58 PM",,OUTGOING,https://www.linkedin.com/in/gkm563,https://www.linkedin.com/in/shre8ya
Gautam Kumar  Maurya,Nikhil Singh,"7/14/26, 7:50 AM",,OUTGOING,https://www.linkedin.com/in/gkm563,https://www.linkedin.com/in/nickhilist
Gautam Kumar  Maurya,Chaitanya Pandey,"7/12/26, 7:20 AM",,OUTGOING,https://www.linkedin.com/in/gkm563,https://www.linkedin.com/in/chaitanya-pandey-
Gautam Kumar  Maurya,Dr. Deepak Kumar (CEngg).,"7/12/26, 6:12 AM",,OUTGOING,https://www.linkedin.com/in/gkm563,https://www.linkedin.com/in/deepak-kumar734
Gautam Kumar  Maurya,Kunal Jain,"7/11/26, 12:20 AM",,OUTGOING,https://www.linkedin.com/in/gkm563,https://www.linkedin.com/in/kunal-3805-jain
Gautam Kumar  Maurya,Sumeet Doshi,"7/9/26, 7:19 PM",,OUTGOING,https://www.linkedin.com/in/gkm563,https://www.linkedin.com/in/sumeet-doshi
Gautam Kumar  Maurya,Praphul Singh,"7/8/26, 9:29 AM",,OUTGOING,https://www.linkedin.com/in/gkm563,https://www.linkedin.com/in/praphul-s-a3b11a34
Gautam Kumar  Maurya,Mallika Verma,"7/8/26, 7:20 AM",,OUTGOING,https://www.linkedin.com/in/gkm563,https://www.linkedin.com/in/mallikaverma58
Gautam Kumar  Maurya,Samir  Raja .̴̱̝̱͚̳̻͖̥̪̺͔̺̘̞̺͙̩̯̪̫͛͊̌͛́͗̇͛̇̓̃̓̊̔̔̄̒͆̈́͌͜͜͝,"7/7/26, 12:30 PM",,OUTGOING,https://www.linkedin.com/in/gkm563,https://www.linkedin.com/in/samir-raja07
Gautam Kumar  Maurya,Swati .,"7/7/26, 4:24 AM",,OUTGOING,https://www.linkedin.com/in/gkm563,https://www.linkedin.com/in/swati-255582292
Gautam Kumar  Maurya,Rohit Verma,"7/6/26, 7:06 AM",,OUTGOING,https://www.linkedin.com/in/gkm563,https://www.linkedin.com/in/rohit-verma-bb0685387
Gautam Kumar  Maurya,Sonam Maurya,"7/5/26, 2:04 AM",,OUTGOING,https://www.linkedin.com/in/gkm563,https://www.linkedin.com/in/sonam-maurya-7648b030b
Gautam Kumar  Maurya,CHITTAWAR ANUSHRI,"7/3/26, 7:01 PM",,OUTGOING,https://www.linkedin.com/in/gkm563,https://www.linkedin.com/in/chittawar-anushri-957a84296
Gautam Kumar  Maurya,Devashish Sharma,"6/26/26, 8:58 PM",,OUTGOING,https://www.linkedin.com/in/gkm563,https://www.linkedin.com/in/devashish-sharma-89a111367
Gautam Kumar  Maurya,Baishakhi Karmakar,"6/26/26, 8:14 PM",,OUTGOING,https://www.linkedin.com/in/gkm563,https://www.linkedin.com/in/baishakhi-karmakar-1a41a5100
Gautam Kumar  Maurya,Chukwubuikem Williams,"6/26/26, 12:54 AM",,OUTGOING,https://www.linkedin.com/in/gkm563,https://www.linkedin.com/in/chukwubuikem-williams-32a59729b
Gautam Kumar  Maurya,Adeed Khan,"6/22/26, 6:54 AM",,OUTGOING,https://www.linkedin.com/in/gkm563,https://www.linkedin.com/in/adeed-khan-202a30327
Gautam Kumar  Maurya,Suhaani Agarwal,"6/21/26, 9:13 PM",,OUTGOING,https://www.linkedin.com/in/gkm563,https://www.linkedin.com/in/suhaani-agarwal-010a0a280
Gautam Kumar  Maurya,Shivam Kushwah,"6/20/26, 9:53 AM",,OUTGOING,https://www.linkedin.com/in/gkm563,https://www.linkedin.com/in/shivam-kushwah-95947228a
Gautam Kumar  Maurya,Shiva Mishra (Dracxo),"6/20/26, 9:52 AM",,OUTGOING,https://www.linkedin.com/in/gkm563,https://www.linkedin.com/in/shiva-mishra-in
Gautam Kumar  Maurya,Aadeesh Jain,"6/20/26, 9:50 AM",,OUTGOING,https://www.linkedin.com/in/gkm563,https://www.linkedin.com/in/itsmeaadeesh
Gautam Kumar  Maurya,Pujitha G,"6/19/26, 8:12 PM",,OUTGOING,https://www.linkedin.com/in/gkm563,https://www.linkedin.com/in/pujithag
Gautam Kumar  Maurya,Anubhav Tiwari,"6/19/26, 5:24 PM",,OUTGOING,https://www.linkedin.com/in/gkm563,https://www.linkedin.com/in/anubhav-tiwari2005
Gautam Kumar  Maurya,Janhvi .,"6/18/26, 5:13 PM",,OUTGOING,https://www.linkedin.com/in/gkm563,https://www.linkedin.com/in/janhvi-43630b273
Gautam Kumar  Maurya,MD KAIF,"6/18/26, 5:11 PM",,OUTGOING,https://www.linkedin.com/in/gkm563,https://www.linkedin.com/in/md-kaif-0aa874254
Gautam Kumar  Maurya,Aman Singh,"6/18/26, 5:09 PM",,OUTGOING,https://www.linkedin.com/in/gkm563,https://www.linkedin.com/in/aman-singh-945b02374
Gautam Kumar  Maurya,Saniya Siddiqui,"6/18/26, 5:53 AM",,OUTGOING,https://www.linkedin.com/in/gkm563,https://www.linkedin.com/in/saniya-siddiqui-b504b02a9
Gautam Kumar  Maurya,Ichchha  mishra ,"6/17/26, 8:30 PM",,OUTGOING,https://www.linkedin.com/in/gkm563,https://www.linkedin.com/in/ichchha-mishra-38b206348
Gautam Kumar  Maurya,Chaitanya Gupta,"6/15/26, 9:09 PM",,OUTGOING,https://www.linkedin.com/in/gkm563,https://www.linkedin.com/in/chaitanya-gupta-a017a3250
Gautam Kumar  Maurya,Harshit Bisht,"6/15/26, 9:09 PM",,OUTGOING,https://www.linkedin.com/in/gkm563,https://www.linkedin.com/in/harshit-bisht-2b691b2a6
Gautam Kumar  Maurya,Rishabh Wasan,"6/14/26, 9:49 PM",,OUTGOING,https://www.linkedin.com/in/gkm563,https://www.linkedin.com/in/rishabh-wasan
Gautam Kumar  Maurya,Bala Veera Venkata Sunil Podugu,"6/14/26, 9:12 PM",,OUTGOING,https://www.linkedin.com/in/gkm563,https://www.linkedin.com/in/bala-veera-venkata-sunil-podugu-294758292
Gautam Kumar  Maurya,Seraj Alam Ansari,"6/14/26, 6:31 PM",,OUTGOING,https://www.linkedin.com/in/gkm563,https://www.linkedin.com/in/seraj-alam-a-a07004245
Gautam Kumar  Maurya,Shiv Shankar,"6/14/26, 6:29 PM",,OUTGOING,https://www.linkedin.com/in/gkm563,https://www.linkedin.com/in/shiv-shankar-ee
Gautam Kumar  Maurya,Akshay kumar Chaubey,"6/14/26, 6:29 PM",,OUTGOING,https://www.linkedin.com/in/gkm563,https://www.linkedin.com/in/akshay-kumar-chaubey-3b5b91299
Gautam Kumar  Maurya,Aryan Singh,"6/14/26, 6:29 PM",,OUTGOING,https://www.linkedin.com/in/gkm563,https://www.linkedin.com/in/invaded-author
Gautam Kumar  Maurya,Aparna Kumar,"6/14/26, 9:08 AM",,OUTGOING,https://www.linkedin.com/in/gkm563,https://www.linkedin.com/in/aparna-kumar-055228275
Gautam Kumar  Maurya,Praveen  Tiwari,"6/14/26, 9:07 AM",,OUTGOING,https://www.linkedin.com/in/gkm563,https://www.linkedin.com/in/praveen-tiwari-a222523b8
Gautam Kumar  Maurya,Nikil K,"6/14/26, 9:07 AM",,OUTGOING,https://www.linkedin.com/in/gkm563,https://www.linkedin.com/in/nikil-k-ba8361238
Gautam Kumar  Maurya,Varsha Datta,"6/12/26, 5:32 PM",,OUTGOING,https://www.linkedin.com/in/gkm563,https://www.linkedin.com/in/varsha-datta-56764177
Gautam Kumar  Maurya,Gopichand  Dandimeni,"6/12/26, 9:59 AM",,OUTGOING,https://www.linkedin.com/in/gkm563,https://www.linkedin.com/in/gopichand-dandimeni-269709287
Gautam Kumar  Maurya,Vikash Kumar,"6/12/26, 5:20 AM",,OUTGOING,https://www.linkedin.com/in/gkm563,https://www.linkedin.com/in/cybersecvikash
Gautam Kumar  Maurya,Harshit Narula,"6/11/26, 11:29 PM",,OUTGOING,https://www.linkedin.com/in/gkm563,https://www.linkedin.com/in/harshit-narula-85707a33a
Gautam Kumar  Maurya,Teena  Swarnkar,"6/11/26, 10:50 PM",,OUTGOING,https://www.linkedin.com/in/gkm563,https://www.linkedin.com/in/teena-swarnkar
Gautam Kumar  Maurya,Himanshu Kumar,"6/11/26, 10:46 PM",,OUTGOING,https://www.linkedin.com/in/gkm563,https://www.linkedin.com/in/himanshu-kumar-biotech
Gautam Kumar  Maurya,Minal Setia,"6/11/26, 10:12 PM",,OUTGOING,https://www.linkedin.com/in/gkm563,https://www.linkedin.com/in/minalsetia
Gautam Kumar  Maurya,Rajnandita singh,"6/11/26, 5:44 PM",,OUTGOING,https://www.linkedin.com/in/gkm563,https://www.linkedin.com/in/rajnandita-singh-2aa082313
Gautam Kumar  Maurya,Mansi Bhatia,"6/8/26, 10:31 AM",,OUTGOING,https://www.linkedin.com/in/gkm563,https://www.linkedin.com/in/ermansibhatia
Gautam Kumar  Maurya,Mitali Singh,"6/8/26, 8:06 AM",,OUTGOING,https://www.linkedin.com/in/gkm563,https://www.linkedin.com/in/mitali-singh-b5b646226
Gautam Kumar  Maurya,Yash Tiwari,"6/8/26, 8:05 AM",,OUTGOING,https://www.linkedin.com/in/gkm563,https://www.linkedin.com/in/yash-tiwari-915a69327
Gautam Kumar  Maurya,Krystal Briggs,"6/7/26, 6:14 AM",,OUTGOING,https://www.linkedin.com/in/gkm563,https://www.linkedin.com/in/krystal-briggs-2019
Gautam Kumar  Maurya,Jitendra Suryavanshi,"6/6/26, 5:58 PM",,OUTGOING,https://www.linkedin.com/in/gkm563,https://www.linkedin.com/in/jitendra-suryavanshi
Gautam Kumar  Maurya,Dev Goel,"6/6/26, 5:23 PM",,OUTGOING,https://www.linkedin.com/in/gkm563,https://www.linkedin.com/in/devgoel901
Gautam Kumar  Maurya,Pooja Jaiswal,"6/6/26, 7:00 AM",,OUTGOING,https://www.linkedin.com/in/gkm563,https://www.linkedin.com/in/pooja-jaiswal-a12a98221
Gautam Kumar  Maurya,Mohd Sajid Raza,"6/6/26, 3:12 AM",,OUTGOING,https://www.linkedin.com/in/gkm563,https://www.linkedin.com/in/sajidrazapec
Gautam Kumar  Maurya,Kanhaiya Gupta,"6/5/26, 11:23 PM",,OUTGOING,https://www.linkedin.com/in/gkm563,https://www.linkedin.com/in/kanhaiya-gupta-401303240
Gautam Kumar  Maurya,Ashish Chanchal,"6/4/26, 7:53 PM",,OUTGOING,https://www.linkedin.com/in/gkm563,https://www.linkedin.com/in/ashishchanchal
Gautam Kumar  Maurya,Anis Rahman,"6/4/26, 7:19 AM",,OUTGOING,https://www.linkedin.com/in/gkm563,https://www.linkedin.com/in/anis-rahman2003
Gautam Kumar  Maurya,Sarang Chaudhari,"6/2/26, 11:13 PM",,OUTGOING,https://www.linkedin.com/in/gkm563,https://www.linkedin.com/in/sarang-chaudhari-b10942381
Gautam Kumar  Maurya,Sandrani Balachandu,"6/2/26, 1:14 PM",,OUTGOING,https://www.linkedin.com/in/gkm563,https://www.linkedin.com/in/chandu-sandrani
Gautam Kumar  Maurya,Vedant  Mishra,"6/2/26, 5:03 AM",,OUTGOING,https://www.linkedin.com/in/gkm563,https://www.linkedin.com/in/vedant-mishra-38a95b291
Gautam Kumar  Maurya,Yashi Srivastava,"6/2/26, 5:03 AM",,OUTGOING,https://www.linkedin.com/in/gkm563,https://www.linkedin.com/in/yashi-srivastava-4b8a9a36a
Gautam Kumar  Maurya,Sreenath Dasari,"6/2/26, 5:03 AM",,OUTGOING,https://www.linkedin.com/in/gkm563,https://www.linkedin.com/in/sreenathdasari
Gautam Kumar  Maurya,Lakshay Chhabra,"6/2/26, 5:03 AM",,OUTGOING,https://www.linkedin.com/in/gkm563,https://www.linkedin.com/in/lakshay-chhabra-ai-innovator
Gautam Kumar  Maurya,HARSH RAJ SINGH,"6/2/26, 5:03 AM",,OUTGOING,https://www.linkedin.com/in/gkm563,https://www.linkedin.com/in/harsh-raj-singh-16b53328a
Gautam Kumar  Maurya,Arnav Kuchhal,"6/2/26, 5:03 AM",,OUTGOING,https://www.linkedin.com/in/gkm563,https://www.linkedin.com/in/arnav-kuchhal
Gautam Kumar  Maurya,Sonali  Sahu,"6/2/26, 4:58 AM",,OUTGOING,https://www.linkedin.com/in/gkm563,https://www.linkedin.com/in/sonalisahu-brandstrategy
Gautam Kumar  Maurya,Omprakash Singh,"6/2/26, 12:26 AM",,OUTGOING,https://www.linkedin.com/in/gkm563,https://www.linkedin.com/in/omprakash-singh-cyber
Gautam Kumar  Maurya,"Sanjukta Dutta, Ph.D.","6/2/26, 12:23 AM",,OUTGOING,https://www.linkedin.com/in/gkm563,https://www.linkedin.com/in/sanjuktadutta14
Gautam Kumar  Maurya,Aryan Bhutani,"6/1/26, 10:21 PM",,OUTGOING,https://www.linkedin.com/in/gkm563,https://www.linkedin.com/in/aryan-bhutani-564121263
Gautam Kumar  Maurya,Priyanshi Shukla,"6/1/26, 10:20 PM",,OUTGOING,https://www.linkedin.com/in/gkm563,https://www.linkedin.com/in/priyanshi-shukla-ambitious-coder
Gautam Kumar  Maurya,Adarsh Rai,"6/1/26, 10:20 PM",,OUTGOING,https://www.linkedin.com/in/gkm563,https://www.linkedin.com/in/adarsh-rai7
Gautam Kumar  Maurya,PRINCE KUMAR,"6/1/26, 10:20 PM",,OUTGOING,https://www.linkedin.com/in/gkm563,https://www.linkedin.com/in/prince-kumar-cr
Gautam Kumar  Maurya,Anurag Singh Yadav,"6/1/26, 10:20 PM",,OUTGOING,https://www.linkedin.com/in/gkm563,https://www.linkedin.com/in/anurag-singh-yadav-272006185
Gautam Kumar  Maurya,Bhuwan Saretia,"6/1/26, 10:15 PM",,OUTGOING,https://www.linkedin.com/in/gkm563,https://www.linkedin.com/in/bhuwan-saretia
Gautam Kumar  Maurya,Akansha Jain,"6/1/26, 6:49 PM",,OUTGOING,https://www.linkedin.com/in/gkm563,https://www.linkedin.com/in/akansha-jain-2001
Gautam Kumar  Maurya,Ashinee Kesanam,"6/1/26, 5:27 PM",,OUTGOING,https://www.linkedin.com/in/gkm563,https://www.linkedin.com/in/ashinee20
Gautam Kumar  Maurya,piyush tripathi,"6/1/26, 4:50 PM",,OUTGOING,https://www.linkedin.com/in/gkm563,https://www.linkedin.com/in/piyush-tripathi-105324321
Gautam Kumar  Maurya,Shivam Singh Yadav,"6/1/26, 2:53 AM",,OUTGOING,https://www.linkedin.com/in/gkm563,https://www.linkedin.com/in/dev-shivam-ssy
Gautam Kumar  Maurya,Saurabh Kumar Tiwary,"5/30/26, 6:19 AM",,OUTGOING,https://www.linkedin.com/in/gkm563,https://www.linkedin.com/in/saurabh-kumar-tiwary-009941257
Gautam Kumar  Maurya,Sagar Joshi,"5/29/26, 6:23 PM",,OUTGOING,https://www.linkedin.com/in/gkm563,https://www.linkedin.com/in/sagar-joshi-73759b273
Gautam Kumar  Maurya,Janisa Kashyap,"5/29/26, 4:14 PM",,OUTGOING,https://www.linkedin.com/in/gkm563,https://www.linkedin.com/in/janisakashyap
Gautam Kumar  Maurya,Akshara Jaiswal,"5/29/26, 2:56 AM",,OUTGOING,https://www.linkedin.com/in/gkm563,https://www.linkedin.com/in/akshara-jaiswal
Gautam Kumar  Maurya,Shivansh Das,"5/29/26, 2:52 AM",,OUTGOING,https://www.linkedin.com/in/gkm563,https://www.linkedin.com/in/shivansh-das
Gautam Kumar  Maurya,Alok Kumar,"5/28/26, 5:11 PM",,OUTGOING,https://www.linkedin.com/in/gkm563,https://www.linkedin.com/in/imalokkumar
Gautam Kumar  Maurya,Kavya Singh,"5/27/26, 10:12 PM",,OUTGOING,https://www.linkedin.com/in/gkm563,https://www.linkedin.com/in/kavya-singh10
Gautam Kumar  Maurya,Aryan Dhiman,"5/27/26, 10:11 PM","Hey, I saw your post about APCSIP-2026. I also got selected for the program.  Are you planning to attend itI saw in the email that we have to arrange everything on our own, like food and accommodatio",OUTGOING,https://www.linkedin.com/in/gkm563,https://www.linkedin.com/in/aryandhiman10
Gautam Kumar  Maurya,Abhishek Chauhan,"5/27/26, 10:11 PM","Hey, I saw your post about APCSIP-2026. I also got selected for the program. Are you planning to attend it? I saw in the email that we have to arrange everything on our own, like food and accommodatio",OUTGOING,https://www.linkedin.com/in/gkm563,https://www.linkedin.com/in/13chauhanabhishek
Gautam Kumar  Maurya,Rupali shukla,"5/27/26, 10:11 PM",,OUTGOING,https://www.linkedin.com/in/gkm563,https://www.linkedin.com/in/rupali-shukla-0ba8b6310
Gautam Kumar  Maurya,Shashank  Kushwaha,"5/27/26, 10:09 PM",,OUTGOING,https://www.linkedin.com/in/gkm563,https://www.linkedin.com/in/shashank-kushwaha-420b71387
Gautam Kumar  Maurya,Atul kumar yadav,"5/27/26, 10:09 PM",,OUTGOING,https://www.linkedin.com/in/gkm563,https://www.linkedin.com/in/atul-kumar-yadav-152b1b294
Gautam Kumar  Maurya,Anjali Kataria,"5/27/26, 9:59 PM",,OUTGOING,https://www.linkedin.com/in/gkm563,https://www.linkedin.com/in/cop-anjalikataria
Gautam Kumar  Maurya,Akaash Tripathee,"5/27/26, 8:19 PM",,OUTGOING,https://www.linkedin.com/in/gkm563,https://www.linkedin.com/in/akaash-t-bb9211212
Gautam Kumar  Maurya,Nikhil ludder,"5/27/26, 3:26 AM",,OUTGOING,https://www.linkedin.com/in/gkm563,https://www.linkedin.com/in/badnikhil
Gautam Kumar  Maurya,Vikas Singh Thakur,"5/23/26, 2:42 AM",,OUTGOING,https://www.linkedin.com/in/gkm563,https://www.linkedin.com/in/vikas0singh0thakur
Gautam Kumar  Maurya,Akshat Khatri,"5/23/26, 2:22 AM",,OUTGOING,https://www.linkedin.com/in/gkm563,https://www.linkedin.com/in/i-am-akshat-khatri
Gautam Kumar  Maurya,Lakshya Mittal,"5/23/26, 2:21 AM",,OUTGOING,https://www.linkedin.com/in/gkm563,https://www.linkedin.com/in/lakshyamittal123
Gautam Kumar  Maurya,Yatharth Chauhan,"5/23/26, 2:08 AM",,OUTGOING,https://www.linkedin.com/in/gkm563,https://www.linkedin.com/in/yatharth-chauhan
Gautam Kumar  Maurya,Vishwanath Barve,"5/22/26, 6:08 PM",,OUTGOING,https://www.linkedin.com/in/gkm563,https://www.linkedin.com/in/vishwanath-barve-151146323
Gautam Kumar  Maurya,Chirag Tankan,"5/22/26, 5:03 PM",,OUTGOING,https://www.linkedin.com/in/gkm563,https://www.linkedin.com/in/chirag-tankan
Gautam Kumar  Maurya,Divyansh Bhushan,"5/22/26, 5:02 PM",,OUTGOING,https://www.linkedin.com/in/gkm563,https://www.linkedin.com/in/divyansh-3107abd
Gautam Kumar  Maurya,Ayushi Awasthi,"5/20/26, 8:49 PM",,OUTGOING,https://www.linkedin.com/in/gkm563,https://www.linkedin.com/in/ayushi-awasthi-61b4a82a7
Gautam Kumar  Maurya,Vedant Hondre,"5/18/26, 4:47 PM",,OUTGOING,https://www.linkedin.com/in/gkm563,https://www.linkedin.com/in/vedant-hondre-aa7a89356
Gautam Kumar  Maurya,Harsh Shukla,"5/18/26, 4:46 PM",,OUTGOING,https://www.linkedin.com/in/gkm563,https://www.linkedin.com/in/harsh-shukla19
Gautam Kumar  Maurya,Shravani Kanase,"5/18/26, 6:50 AM",,OUTGOING,https://www.linkedin.com/in/gkm563,https://www.linkedin.com/in/shravani-kanase-698189375
Gautam Kumar  Maurya,Benjamin Granados,"5/18/26, 6:50 AM",,OUTGOING,https://www.linkedin.com/in/gkm563,https://www.linkedin.com/in/benjagranados
Gautam Kumar  Maurya,Ashish Mishra,"5/18/26, 6:50 AM",,OUTGOING,https://www.linkedin.com/in/gkm563,https://www.linkedin.com/in/join2ashish
Gautam Kumar  Maurya,Utkarsh Bisht,"5/18/26, 6:50 AM",,OUTGOING,https://www.linkedin.com/in/gkm563,https://www.linkedin.com/in/utkarsh-bisht-8b02a025b
Gautam Kumar  Maurya,Het Modi,"5/18/26, 6:50 AM",,OUTGOING,https://www.linkedin.com/in/gkm563,https://www.linkedin.com/in/het-a-modi
Gautam Kumar  Maurya,Akshit Tiwari,"5/17/26, 10:59 AM",,OUTGOING,https://www.linkedin.com/in/gkm563,https://www.linkedin.com/in/akshittiwarii
Gautam Kumar  Maurya,Varshini Buggana,"5/16/26, 5:33 PM",,OUTGOING,https://www.linkedin.com/in/gkm563,https://www.linkedin.com/in/varshini-buggana-834218321
Gautam Kumar  Maurya,Kriti Rohilla,"5/15/26, 5:20 PM",,OUTGOING,https://www.linkedin.com/in/gkm563,https://www.linkedin.com/in/kriti-rohilla
Gautam Kumar  Maurya,Deepak Mali,"5/15/26, 9:32 AM",,OUTGOING,https://www.linkedin.com/in/gkm563,https://www.linkedin.com/in/deepak-mali-7aa375290
Gautam Kumar  Maurya,Hanusha Jain,"5/15/26, 8:14 AM",,OUTGOING,https://www.linkedin.com/in/gkm563,https://www.linkedin.com/in/hanusha-jain-332b06288
Gautam Kumar  Maurya,Ankit Kumar,"5/15/26, 7:11 AM",,OUTGOING,https://www.linkedin.com/in/gkm563,https://www.linkedin.com/in/ankit-kumar-b26b482a7
Gautam Kumar  Maurya,Aditya Kumar,"5/13/26, 10:49 PM",,OUTGOING,https://www.linkedin.com/in/gkm563,https://www.linkedin.com/in/mexditya
Gautam Kumar  Maurya,Steve Daniel Teppa,"5/13/26, 10:00 PM",,OUTGOING,https://www.linkedin.com/in/gkm563,https://www.linkedin.com/in/steve-daniel-teppa-297b94259
Gautam Kumar  Maurya,Md Alkama,"5/13/26, 8:55 PM",,OUTGOING,https://www.linkedin.com/in/gkm563,https://www.linkedin.com/in/md-alkama
Gautam Kumar  Maurya,David Cheishvili,"5/13/26, 8:55 PM",,OUTGOING,https://www.linkedin.com/in/gkm563,https://www.linkedin.com/in/davit-cheishvili
Gautam Kumar  Maurya,Vikash Kumar,"5/13/26, 9:42 AM",,OUTGOING,https://www.linkedin.com/in/gkm563,https://www.linkedin.com/in/vikash-kumar-a6931a306
Gautam Kumar  Maurya,Pratham Srivastava,"5/13/26, 5:08 AM",,OUTGOING,https://www.linkedin.com/in/gkm563,https://www.linkedin.com/in/prathamsrivastavaa22
Gautam Kumar  Maurya,Shaurya Upadhyay,"5/12/26, 8:10 PM",,OUTGOING,https://www.linkedin.com/in/gkm563,https://www.linkedin.com/in/shaurya--upadhyay
Gautam Kumar  Maurya,Payal Goswami,"5/12/26, 5:12 PM",,OUTGOING,https://www.linkedin.com/in/gkm563,https://www.linkedin.com/in/payal-goswami97
Gautam Kumar  Maurya,Sambit Mondal,"5/12/26, 5:12 PM",,OUTGOING,https://www.linkedin.com/in/gkm563,https://www.linkedin.com/in/sambitm02
Gautam Kumar  Maurya,Shaurya Pratap Singh,"5/12/26, 2:16 AM",,OUTGOING,https://www.linkedin.com/in/gkm563,https://www.linkedin.com/in/shauryaprataps
Gautam Kumar  Maurya,Abhay Upadhyay,"5/11/26, 5:00 PM",,OUTGOING,https://www.linkedin.com/in/gkm563,https://www.linkedin.com/in/abhay-upadhyay-97a708310
Gautam Kumar  Maurya,Tushar Gupta,"5/10/26, 10:50 AM",,OUTGOING,https://www.linkedin.com/in/gkm563,https://www.linkedin.com/in/tushargupt4
Gautam Kumar  Maurya,SAKSHI DUBEY,"5/10/26, 10:48 AM",,OUTGOING,https://www.linkedin.com/in/gkm563,https://www.linkedin.com/in/sakshi-dubey-739a88375
Gautam Kumar  Maurya,Chaudhary Pawan Sohlot,"5/10/26, 10:45 AM",,OUTGOING,https://www.linkedin.com/in/gkm563,https://www.linkedin.com/in/pawansohlot
Gautam Kumar  Maurya,Preeti Tiwari,"5/10/26, 8:46 AM",,OUTGOING,https://www.linkedin.com/in/gkm563,https://www.linkedin.com/in/preeti-tiwari-5094b937a
Gautam Kumar  Maurya,Aditi Singh Shishodia ,"5/9/26, 5:26 PM",,OUTGOING,https://www.linkedin.com/in/gkm563,https://www.linkedin.com/in/aditi-singh-shishodia-230637201
Gautam Kumar  Maurya,Aditya Sinha,"5/9/26, 10:56 AM",,OUTGOING,https://www.linkedin.com/in/gkm563,https://www.linkedin.com/in/aditya-sinha-2a0773286
Gautam Kumar  Maurya,Khushi Pathariya,"5/8/26, 11:21 AM",,OUTGOING,https://www.linkedin.com/in/gkm563,https://www.linkedin.com/in/khushi-pathariya-20b08b2b1
Gautam Kumar  Maurya,Anshi Dwivedi,"5/8/26, 7:37 AM",,OUTGOING,https://www.linkedin.com/in/gkm563,https://www.linkedin.com/in/anshi-dwivedi-093360333
Gautam Kumar  Maurya,Vartika Lohiya,"5/8/26, 7:37 AM",,OUTGOING,https://www.linkedin.com/in/gkm563,https://www.linkedin.com/in/vartika-lohiya-70ba6a2b9
Gautam Kumar  Maurya,Mamta Chauhan,"5/7/26, 9:19 PM",,OUTGOING,https://www.linkedin.com/in/gkm563,https://www.linkedin.com/in/mamta-chauhan-66062b2ab
Gautam Kumar  Maurya,Manideep Bishnoi,"5/7/26, 5:42 PM",,OUTGOING,https://www.linkedin.com/in/gkm563,https://www.linkedin.com/in/manideep-bishnoi-8b18b631b
Gautam Kumar  Maurya,Namita Thapar,"5/6/26, 9:38 PM",,OUTGOING,https://www.linkedin.com/in/gkm563,https://www.linkedin.com/in/namita-thapar
Gautam Kumar  Maurya,Jay Patoliya,"5/6/26, 9:34 PM",,OUTGOING,https://www.linkedin.com/in/gkm563,https://www.linkedin.com/in/jay-patoliya-1212aa311
Gautam Kumar  Maurya,Prof. Amit Dubey,"5/6/26, 10:38 AM",,OUTGOING,https://www.linkedin.com/in/gkm563,https://www.linkedin.com/in/amitdubey77
Gautam Kumar  Maurya,Sanskar Srivastav,"5/6/26, 10:37 AM",,OUTGOING,https://www.linkedin.com/in/gkm563,https://www.linkedin.com/in/sanskar-srivastav-mechanical-engineer
Gautam Kumar  Maurya,M. Arpana Reddy,"5/6/26, 6:17 AM",,OUTGOING,https://www.linkedin.com/in/gkm563,https://www.linkedin.com/in/marpanareddy
Gautam Kumar  Maurya,Anil Kumar,"5/6/26, 6:16 AM",,OUTGOING,https://www.linkedin.com/in/gkm563,https://www.linkedin.com/in/anil-kumar-41148931a
Gautam Kumar  Maurya,Jyoti Nigam,"5/6/26, 6:16 AM",,OUTGOING,https://www.linkedin.com/in/gkm563,https://www.linkedin.com/in/jyotinigam-phoenix
Gautam Kumar  Maurya,Yash Gupta,"5/6/26, 6:16 AM",,OUTGOING,https://www.linkedin.com/in/gkm563,https://www.linkedin.com/in/yash-gupta-32b821200
Gautam Kumar  Maurya,Arshdeep Singh Grover,"5/6/26, 6:16 AM",,OUTGOING,https://www.linkedin.com/in/gkm563,https://www.linkedin.com/in/arshdeepgrover
Gautam Kumar  Maurya,Krishna Tripathi,"5/6/26, 5:45 AM",,OUTGOING,https://www.linkedin.com/in/gkm563,https://www.linkedin.com/in/krishna-tripathi-9aa494303
Gautam Kumar  Maurya,Anubhav Kumar Rao,"5/6/26, 5:45 AM",,OUTGOING,https://www.linkedin.com/in/gkm563,https://www.linkedin.com/in/anubhav100rao
Gautam Kumar  Maurya,Nikhil Shukla,"5/6/26, 5:44 AM",,OUTGOING,https://www.linkedin.com/in/gkm563,https://www.linkedin.com/in/nikhilsbuilds
Gautam Kumar  Maurya,Nilesh Malav,"5/6/26, 5:34 AM",,OUTGOING,https://www.linkedin.com/in/gkm563,https://www.linkedin.com/in/nileshmalav
Gautam Kumar  Maurya,Sahil  Gupta,"5/6/26, 5:34 AM",,OUTGOING,https://www.linkedin.com/in/gkm563,https://www.linkedin.com/in/sahil-gupta-383121255
Gautam Kumar  Maurya,Isha Dagar,"5/6/26, 5:34 AM",,OUTGOING,https://www.linkedin.com/in/gkm563,https://www.linkedin.com/in/isha-dagar
Gautam Kumar  Maurya,Adarsh Nampally,"5/6/26, 5:28 AM",,OUTGOING,https://www.linkedin.com/in/gkm563,https://www.linkedin.com/in/adarshnampally1
Gautam Kumar  Maurya,Harsh Gupta,"5/6/26, 5:28 AM",,OUTGOING,https://www.linkedin.com/in/gkm563,https://www.linkedin.com/in/harshachieve100
Gautam Kumar  Maurya,Kazi  Mohammad Anas,"5/6/26, 5:24 AM",,OUTGOING,https://www.linkedin.com/in/gkm563,https://www.linkedin.com/in/anas-kazi-ai
Gautam Kumar  Maurya,Anushree Das,"5/6/26, 2:51 AM",,OUTGOING,https://www.linkedin.com/in/gkm563,https://www.linkedin.com/in/anushree-das-001522358
Gautam Kumar  Maurya,Adarsh Patel,"5/6/26, 2:51 AM",,OUTGOING,https://www.linkedin.com/in/gkm563,https://www.linkedin.com/in/adarshpatel3436
Gautam Kumar  Maurya,Krupal Kasyap,"5/6/26, 2:24 AM",,OUTGOING,https://www.linkedin.com/in/gkm563,https://www.linkedin.com/in/krupal
Gautam Kumar  Maurya,Harsh  Raj,"5/6/26, 12:05 AM",,OUTGOING,https://www.linkedin.com/in/gkm563,https://www.linkedin.com/in/harshraj141
Gautam Kumar  Maurya,Ikshit .,"5/5/26, 6:08 AM",,OUTGOING,https://www.linkedin.com/in/gkm563,https://www.linkedin.com/in/ikshitj
Gautam Kumar  Maurya,Suryansh Deshwal,"5/4/26, 10:09 PM",,OUTGOING,https://www.linkedin.com/in/gkm563,https://www.linkedin.com/in/suryansh-deshwal
Gautam Kumar  Maurya,Tanya Yadav,"5/3/26, 5:04 PM",,OUTGOING,https://www.linkedin.com/in/gkm563,https://www.linkedin.com/in/tanya-yadav-bb388b336
Gautam Kumar  Maurya,Ghanshyam Singh,"5/2/26, 5:35 PM",,OUTGOING,https://www.linkedin.com/in/gkm563,https://www.linkedin.com/in/ghanshyam-singh-b014232b2
Gautam Kumar  Maurya,Milind Yadav,"5/2/26, 5:34 PM",,OUTGOING,https://www.linkedin.com/in/gkm563,https://www.linkedin.com/in/milind-yadav-a89157326
Gautam Kumar  Maurya,Ajeet Gupta,"5/2/26, 5:31 PM",,OUTGOING,https://www.linkedin.com/in/gkm563,https://www.linkedin.com/in/ajeet-gupta-99aa6b281
Gautam Kumar  Maurya,Shreya Singh,"5/1/26, 5:00 PM",,OUTGOING,https://www.linkedin.com/in/gkm563,https://www.linkedin.com/in/shreya-singh-35a195294
Gautam Kumar  Maurya,Vartika Krishnani,"5/1/26, 4:59 PM",,OUTGOING,https://www.linkedin.com/in/gkm563,https://www.linkedin.com/in/vartika-krishnani-digitalmarketer
Gautam Kumar  Maurya,Shruti Keshri,"5/1/26, 9:10 AM",,OUTGOING,https://www.linkedin.com/in/gkm563,https://www.linkedin.com/in/shrutikeshri
Gautam Kumar  Maurya,Niyati Yadav,"4/30/26, 5:05 PM",,OUTGOING,https://www.linkedin.com/in/gkm563,https://www.linkedin.com/in/niyati-yadav-7805a6326
Gautam Kumar  Maurya,Abhash Pratap Singh,"4/30/26, 5:04 PM",,OUTGOING,https://www.linkedin.com/in/gkm563,https://www.linkedin.com/in/abhash-pratap-singh-267920272
Gautam Kumar  Maurya,Ansh Darji,"4/29/26, 4:29 PM",,OUTGOING,https://www.linkedin.com/in/gkm563,https://www.linkedin.com/in/ansh14darji
Gautam Kumar  Maurya,Armaan Sidana,"4/29/26, 3:43 AM",,OUTGOING,https://www.linkedin.com/in/gkm563,https://www.linkedin.com/in/armaan-sidana
Gautam Kumar  Maurya,Naveen Rawat,"4/28/26, 6:07 PM",,OUTGOING,https://www.linkedin.com/in/gkm563,https://www.linkedin.com/in/naveen-rawat-100
Gautam Kumar  Maurya,Pradip Sengupta,"4/28/26, 6:05 PM",,OUTGOING,https://www.linkedin.com/in/gkm563,https://www.linkedin.com/in/pradip-sengupta
Gautam Kumar  Maurya,Anshu Singh,"4/28/26, 6:03 PM",,OUTGOING,https://www.linkedin.com/in/gkm563,https://www.linkedin.com/in/anshusingh1213
Gautam Kumar  Maurya,ASMIT SRIVASTAVA,"4/28/26, 6:02 PM",,OUTGOING,https://www.linkedin.com/in/gkm563,https://www.linkedin.com/in/asmit-srivastava-178420315
Gautam Kumar  Maurya,Santoshi Hajare,"4/27/26, 9:07 AM",,OUTGOING,https://www.linkedin.com/in/gkm563,https://www.linkedin.com/in/santoshi-hajare-15b170370
Gautam Kumar  Maurya,Naman Khandelwal,"4/27/26, 9:07 AM",,OUTGOING,https://www.linkedin.com/in/gkm563,https://www.linkedin.com/in/naman-khandelwal-43832528b
Gautam Kumar  Maurya,Prithvi Amarnath,"4/27/26, 9:07 AM",,OUTGOING,https://www.linkedin.com/in/gkm563,https://www.linkedin.com/in/prithvi-amarnath-434882265
Gautam Kumar  Maurya,Himanshu Jha,"4/27/26, 9:07 AM",,OUTGOING,https://www.linkedin.com/in/gkm563,https://www.linkedin.com/in/himanshujha25
Gautam Kumar  Maurya,Kushagra Verma,"4/27/26, 9:07 AM",,OUTGOING,https://www.linkedin.com/in/gkm563,https://www.linkedin.com/in/kushagra4647verma
Gautam Kumar  Maurya,Saurabh Gupta,"4/27/26, 3:29 AM",,OUTGOING,https://www.linkedin.com/in/gkm563,https://www.linkedin.com/in/saurabh-gupta-3562ba383
Gautam Kumar  Maurya,Sahil Ansari,"4/27/26, 3:26 AM",,OUTGOING,https://www.linkedin.com/in/gkm563,https://www.linkedin.com/in/sahilansari0002
Gautam Kumar  Maurya,Aditya Jamwal,"4/26/26, 4:25 PM",,OUTGOING,https://www.linkedin.com/in/gkm563,https://www.linkedin.com/in/adityajamwal02
Gautam Kumar  Maurya,Shristi  Dwivedi,"4/26/26, 9:13 AM",,OUTGOING,https://www.linkedin.com/in/gkm563,https://www.linkedin.com/in/shristi-dwivedi-938b3823a
Gautam Kumar  Maurya,Pratyushkumar Sinha,"4/25/26, 11:45 PM",,OUTGOING,https://www.linkedin.com/in/gkm563,https://www.linkedin.com/in/pratyushkumar-sinha-820a29284
Gautam Kumar  Maurya,Ayush Prajapati,"4/25/26, 6:52 PM",,OUTGOING,https://www.linkedin.com/in/gkm563,https://www.linkedin.com/in/ayush-prajapati-615100361
Gautam Kumar  Maurya,Ankit Bhadra,"4/25/26, 3:30 PM",,OUTGOING,https://www.linkedin.com/in/gkm563,https://www.linkedin.com/in/ankit-bhadra
Gautam Kumar  Maurya,Insha Farhan,"4/25/26, 3:29 PM",,OUTGOING,https://www.linkedin.com/in/gkm563,https://www.linkedin.com/in/insha-farhan-analyst
Gautam Kumar  Maurya,Lokendra Dubey,"4/25/26, 3:28 PM",,OUTGOING,https://www.linkedin.com/in/gkm563,https://www.linkedin.com/in/lokendradubey100
Gautam Kumar  Maurya,Raunak Dubey,"4/25/26, 5:16 AM",,OUTGOING,https://www.linkedin.com/in/gkm563,https://www.linkedin.com/in/raunak18904
Gautam Kumar  Maurya,Ananiya Shukla,"4/25/26, 2:35 AM",,OUTGOING,https://www.linkedin.com/in/gkm563,https://www.linkedin.com/in/ananiya-shukla-163a01373
Gautam Kumar  Maurya,Kashish Maurya,"4/25/26, 1:01 AM",,OUTGOING,https://www.linkedin.com/in/gkm563,https://www.linkedin.com/in/kashish-maurya-24b0712b6
Gautam Kumar  Maurya,Sukhmanpreet kaur,"4/24/26, 5:22 PM",,OUTGOING,https://www.linkedin.com/in/gkm563,https://www.linkedin.com/in/sukhmanpreet-kaur-080b783a6
Gautam Kumar  Maurya,Aastha Jain,"4/24/26, 5:21 PM",,OUTGOING,https://www.linkedin.com/in/gkm563,https://www.linkedin.com/in/aasthajain20
Gautam Kumar  Maurya,Akshita Srivastava,"4/24/26, 5:21 PM",,OUTGOING,https://www.linkedin.com/in/gkm563,https://www.linkedin.com/in/akshita-srivastava-1725a6256
Gautam Kumar  Maurya,Siddharth Singh,"4/24/26, 8:18 AM",,OUTGOING,https://www.linkedin.com/in/gkm563,https://www.linkedin.com/in/siddharthsinghdev
Gautam Kumar  Maurya,HARSH MISHRA,"4/22/26, 5:20 PM",,OUTGOING,https://www.linkedin.com/in/gkm563,https://www.linkedin.com/in/harshmishra2803cse
Gautam Kumar  Maurya,Sunny Kumar,"4/22/26, 9:45 AM",,OUTGOING,https://www.linkedin.com/in/gkm563,https://www.linkedin.com/in/sunny-kumar-a06484297
Gautam Kumar  Maurya,Dhruvin Sai Sajja,"4/20/26, 5:10 PM",,OUTGOING,https://www.linkedin.com/in/gkm563,https://www.linkedin.com/in/dhruvin-sai-sajja-24eu01055
Gautam Kumar  Maurya,Deepanshu Soni,"4/20/26, 5:09 PM",,OUTGOING,https://www.linkedin.com/in/gkm563,https://www.linkedin.com/in/deepanshu-soni-846321297
Gautam Kumar  Maurya,Utkarsh Tiwari,"4/20/26, 4:54 AM",,OUTGOING,https://www.linkedin.com/in/gkm563,https://www.linkedin.com/in/utkarsh-tiwari-b5b034250
Gautam Kumar  Maurya,Aayushi Patidar,"4/19/26, 6:20 AM",,OUTGOING,https://www.linkedin.com/in/gkm563,https://www.linkedin.com/in/aayushi-patidar1
Gautam Kumar  Maurya,Annu Tiwari,"4/19/26, 6:19 AM",,OUTGOING,https://www.linkedin.com/in/gkm563,https://www.linkedin.com/in/annu-tiwari-64179a289
Gautam Kumar  Maurya,Shivam Kumar,"4/19/26, 6:09 AM",,OUTGOING,https://www.linkedin.com/in/gkm563,https://www.linkedin.com/in/shivam-kumar-574600144
Gautam Kumar  Maurya,Vartika Singh,"4/19/26, 1:18 AM",,OUTGOING,https://www.linkedin.com/in/gkm563,https://www.linkedin.com/in/vartika-singh-75b17b372
Gautam Kumar  Maurya,Sudhanshu Pratap Singh,"4/18/26, 10:38 PM",,OUTGOING,https://www.linkedin.com/in/gkm563,https://www.linkedin.com/in/sudhanshupratapsingh
Gautam Kumar  Maurya,Hitanshu Yadav,"4/18/26, 10:39 PM",,OUTGOING,https://www.linkedin.com/in/gkm563,https://www.linkedin.com/in/hitanshu-yadav-b0467a38a
Gautam Kumar  Maurya,Krishna  Sharma,"4/18/26, 10:34 PM",,OUTGOING,https://www.linkedin.com/in/gkm563,https://www.linkedin.com/in/krishna-sharma-a3647b279
Gautam Kumar  Maurya,Seeta Sahu,"4/18/26, 10:34 PM",,OUTGOING,https://www.linkedin.com/in/gkm563,https://www.linkedin.com/in/seetasahu
Gautam Kumar  Maurya,Shraddha Tiwari,"4/18/26, 10:34 PM",,OUTGOING,https://www.linkedin.com/in/gkm563,https://www.linkedin.com/in/shraddha-tiwari-91549b328
Gautam Kumar  Maurya,Sanvi Rathore,"4/18/26, 10:34 PM",,OUTGOING,https://www.linkedin.com/in/gkm563,https://www.linkedin.com/in/sanvi-rathore-75611a289
Gautam Kumar  Maurya,Hridyesh Gupta,"4/18/26, 10:34 PM",,OUTGOING,https://www.linkedin.com/in/gkm563,https://www.linkedin.com/in/hridyesh-gupta
Gautam Kumar  Maurya,Adarsh Yadav,"4/18/26, 9:35 PM",,OUTGOING,https://www.linkedin.com/in/gkm563,https://www.linkedin.com/in/adarsh-yadav-22b376382
Gautam Kumar  Maurya,HARSH SHARMA,"4/18/26, 9:13 PM",,OUTGOING,https://www.linkedin.com/in/gkm563,https://www.linkedin.com/in/harsh-sharma-786779334
Gautam Kumar  Maurya,Sejal Baisla,"4/18/26, 9:12 PM",,OUTGOING,https://www.linkedin.com/in/gkm563,https://www.linkedin.com/in/sejal-baisla-63b6b639a
Gautam Kumar  Maurya,Riya Kumari,"4/18/26, 9:13 PM",,OUTGOING,https://www.linkedin.com/in/gkm563,https://www.linkedin.com/in/riya-kumari-37b65b395
Gautam Kumar  Maurya,Saurya Kapoor,"4/18/26, 9:12 PM",,OUTGOING,https://www.linkedin.com/in/gkm563,https://www.linkedin.com/in/saurya-kapoor
Gautam Kumar  Maurya,Mahima ..,"4/18/26, 5:45 PM",,OUTGOING,https://www.linkedin.com/in/gkm563,https://www.linkedin.com/in/mahima-96b834325
Gautam Kumar  Maurya,Shashank Shekhar,"4/18/26, 5:32 AM",,OUTGOING,https://www.linkedin.com/in/gkm563,https://www.linkedin.com/in/shashank-shekhar-56b616144
Gautam Kumar  Maurya,Eswar Bhageerath,"4/18/26, 12:46 AM",,OUTGOING,https://www.linkedin.com/in/gkm563,https://www.linkedin.com/in/eswarbhageerathkesari
Gautam Kumar  Maurya,Aashi Srivastava,"4/18/26, 12:46 AM",,OUTGOING,https://www.linkedin.com/in/gkm563,https://www.linkedin.com/in/aashi-srivastava-5672a032a
Gautam Kumar  Maurya,Gourav Jaat,"4/18/26, 12:39 AM",,OUTGOING,https://www.linkedin.com/in/gkm563,https://www.linkedin.com/in/gourav-jaat
Gautam Kumar  Maurya,Abhishek Sahu,"4/17/26, 10:54 PM",,OUTGOING,https://www.linkedin.com/in/gkm563,https://www.linkedin.com/in/a-sahu16
Gautam Kumar  Maurya,Pradeepto Sarkar,"4/17/26, 6:41 PM",,OUTGOING,https://www.linkedin.com/in/gkm563,https://www.linkedin.com/in/pradeeptosarkar
Gautam Kumar  Maurya,Gaurav Dwivedi,"4/17/26, 2:02 AM",,OUTGOING,https://www.linkedin.com/in/gkm563,https://www.linkedin.com/in/gdcse
Gautam Kumar  Maurya,Rudransh Srivastava,"4/15/26, 8:24 PM",,OUTGOING,https://www.linkedin.com/in/gkm563,https://www.linkedin.com/in/rudransh-srivastava-434747369
Gautam Kumar  Maurya,Urmi Dutta-Roy,"4/15/26, 8:23 PM",,OUTGOING,https://www.linkedin.com/in/gkm563,https://www.linkedin.com/in/urmidutta-roy
Gautam Kumar  Maurya,Pragati Gupta,"4/14/26, 5:13 PM",,OUTGOING,https://www.linkedin.com/in/gkm563,https://www.linkedin.com/in/pragati-gupta-632b45335
Gautam Kumar  Maurya,Rohit Naik,"4/14/26, 5:04 PM",,OUTGOING,https://www.linkedin.com/in/gkm563,https://www.linkedin.com/in/rohitnaikcodes
Gautam Kumar  Maurya,Shubham Kumar,"4/12/26, 4:39 PM",,OUTGOING,https://www.linkedin.com/in/gkm563,https://www.linkedin.com/in/shubham-kumar-a2b542254
Gautam Kumar  Maurya,Naman Jha,"4/12/26, 4:38 PM",,OUTGOING,https://www.linkedin.com/in/gkm563,https://www.linkedin.com/in/naman-iitm
Gautam Kumar  Maurya,Avarti Rastogi,"4/12/26, 11:08 AM",,OUTGOING,https://www.linkedin.com/in/gkm563,https://www.linkedin.com/in/avarti-rastogi
Gautam Kumar  Maurya,Ashutosh S. Bhakare,"4/11/26, 11:49 PM",,OUTGOING,https://www.linkedin.com/in/gkm563,https://www.linkedin.com/in/abhakare
Gautam Kumar  Maurya,Saurabh Mishra,"4/11/26, 11:49 PM",,OUTGOING,https://www.linkedin.com/in/gkm563,https://www.linkedin.com/in/connectsaurabhmishra
Gautam Kumar  Maurya,Ashutosh Mishra,"4/11/26, 5:09 PM",,OUTGOING,https://www.linkedin.com/in/gkm563,https://www.linkedin.com/in/ashutosh-mishra-841408324
Gautam Kumar  Maurya,Harshitha Arava,"4/11/26, 5:08 PM",,OUTGOING,https://www.linkedin.com/in/gkm563,https://www.linkedin.com/in/harshitha-arava
Gautam Kumar  Maurya,Mayank Srivastava,"4/11/26, 8:42 AM",,OUTGOING,https://www.linkedin.com/in/gkm563,https://www.linkedin.com/in/mayank-srivastava-72395b289
Gautam Kumar  Maurya,Shivani Tiwari,"4/10/26, 5:50 PM",,OUTGOING,https://www.linkedin.com/in/gkm563,https://www.linkedin.com/in/shivani-tiwari-bb6501268
Gautam Kumar  Maurya,Nabeel Ali,"4/10/26, 5:50 PM",,OUTGOING,https://www.linkedin.com/in/gkm563,https://www.linkedin.com/in/nabeelali99
Gautam Kumar  Maurya,Harsh K Aade,"4/10/26, 5:50 PM",,OUTGOING,https://www.linkedin.com/in/gkm563,https://www.linkedin.com/in/harshaade
Gautam Kumar  Maurya,Abhinash Choudhary,"4/10/26, 5:50 PM",,OUTGOING,https://www.linkedin.com/in/gkm563,https://www.linkedin.com/in/abhinash-choudhary
Gautam Kumar  Maurya,Manmeet Mishra,"4/10/26, 5:50 PM",,OUTGOING,https://www.linkedin.com/in/gkm563,https://www.linkedin.com/in/manmeet-mishra
Gautam Kumar  Maurya,Prince kumar Jha,"4/10/26, 5:50 PM",,OUTGOING,https://www.linkedin.com/in/gkm563,https://www.linkedin.com/in/prince-kumar-jha-037568285
Gautam Kumar  Maurya,Awakashh Mishraa,"4/10/26, 5:50 PM",,OUTGOING,https://www.linkedin.com/in/gkm563,https://www.linkedin.com/in/awakashh-mishraa-621386193
Gautam Kumar  Maurya,Aryan Gupta,"4/10/26, 5:50 PM",,OUTGOING,https://www.linkedin.com/in/gkm563,https://www.linkedin.com/in/aryan-gupta-7816942ba
Gautam Kumar  Maurya,Mohammad Faizan Kazi,"4/10/26, 5:50 PM",,OUTGOING,https://www.linkedin.com/in/gkm563,https://www.linkedin.com/in/mohammad-faizan-kazi-991735215
Gautam Kumar  Maurya,AMIT KUMAR,"4/10/26, 5:49 PM",,OUTGOING,https://www.linkedin.com/in/gkm563,https://www.linkedin.com/in/amit-kumar-b17886333
Gautam Kumar  Maurya,Pushplata Ranjan,"4/10/26, 10:28 AM",,OUTGOING,https://www.linkedin.com/in/gkm563,https://www.linkedin.com/in/pushplata
Gautam Kumar  Maurya,Sai Aryan Goswami,"4/10/26, 10:28 AM",,OUTGOING,https://www.linkedin.com/in/gkm563,https://www.linkedin.com/in/saiaryangoswami
Gautam Kumar  Maurya,Mohammad Owais,"4/9/26, 10:14 AM",,OUTGOING,https://www.linkedin.com/in/gkm563,https://www.linkedin.com/in/mohammad-owais-
Gautam Kumar  Maurya,Shubhangi Gupta,"4/8/26, 3:59 PM",,OUTGOING,https://www.linkedin.com/in/gkm563,https://www.linkedin.com/in/knowshubhangi
Gautam Kumar  Maurya,Mohammed Muhaimin,"4/8/26, 3:58 PM",,OUTGOING,https://www.linkedin.com/in/gkm563,https://www.linkedin.com/in/mohammedmuhaimin
Gautam Kumar  Maurya,Pushpanjal Shukla,"4/8/26, 3:56 PM",,OUTGOING,https://www.linkedin.com/in/gkm563,https://www.linkedin.com/in/pushpanjal-shukla-93382b238
Gautam Kumar  Maurya,Utsav Kesarwani,"4/8/26, 12:31 AM",,OUTGOING,https://www.linkedin.com/in/gkm563,https://www.linkedin.com/in/utsav-kesarwani-032007200
Gautam Kumar  Maurya,Arihaan Chaudhary,"4/8/26, 12:30 AM",,OUTGOING,https://www.linkedin.com/in/gkm563,https://www.linkedin.com/in/arihaan-chaudhary-a4ba8527b
Gautam Kumar  Maurya,Priyanshu Verma,"4/8/26, 12:31 AM",,OUTGOING,https://www.linkedin.com/in/gkm563,https://www.linkedin.com/in/priyanshu-verma-ab613a355
Gautam Kumar  Maurya,Akshath Narvekar,"4/8/26, 12:30 AM",,OUTGOING,https://www.linkedin.com/in/gkm563,https://www.linkedin.com/in/akshath-narvekar-0863322a3
Gautam Kumar  Maurya,Kenji Suzuki,"4/8/26, 12:30 AM",,OUTGOING,https://www.linkedin.com/in/gkm563,https://www.linkedin.com/in/kenji-suzuki-70aa47303
Gautam Kumar  Maurya,Ahsan Noor,"4/8/26, 12:30 AM",,OUTGOING,https://www.linkedin.com/in/gkm563,https://www.linkedin.com/in/ahsan-noor-6aa322280
Gautam Kumar  Maurya,Gungun Chaurasia,"4/7/26, 11:00 PM",,OUTGOING,https://www.linkedin.com/in/gkm563,https://www.linkedin.com/in/gungun-chaurasia
Gautam Kumar  Maurya,Utsav Chawda ,"4/7/26, 11:00 PM",,OUTGOING,https://www.linkedin.com/in/gkm563,https://www.linkedin.com/in/utsav-mohan-chawda
Gautam Kumar  Maurya,Ayush Jadaun,"4/7/26, 7:48 PM",,OUTGOING,https://www.linkedin.com/in/gkm563,https://www.linkedin.com/in/ayush-jadaun-677199311
Gautam Kumar  Maurya,Aditya Singh,"4/7/26, 7:49 PM",,OUTGOING,https://www.linkedin.com/in/gkm563,https://www.linkedin.com/in/aditya-singh-8b8045345
Gautam Kumar  Maurya,RITWIK KUMAR,"4/7/26, 5:20 PM",,OUTGOING,https://www.linkedin.com/in/gkm563,https://www.linkedin.com/in/ritwik-kumar-486321246
Gautam Kumar  Maurya,Kapil Kumar  Yadav,"4/7/26, 6:21 AM",,OUTGOING,https://www.linkedin.com/in/gkm563,https://www.linkedin.com/in/kapil-kumar-yadav-473977322
Gautam Kumar  Maurya,Shivam Keshari,"4/7/26, 5:47 AM",,OUTGOING,https://www.linkedin.com/in/gkm563,https://www.linkedin.com/in/shivam15keshari
Gautam Kumar  Maurya,Ganesh Pal,"4/7/26, 5:47 AM",,OUTGOING,https://www.linkedin.com/in/gkm563,https://www.linkedin.com/in/ganesh-pal-5b111316
Gautam Kumar  Maurya,Divyanshi Verma,"4/7/26, 5:47 AM",,OUTGOING,https://www.linkedin.com/in/gkm563,https://www.linkedin.com/in/divyanshi-verma-placement-manager
Gautam Kumar  Maurya,"Apoorva Bajaj, CFA","4/6/26, 7:42 AM",,OUTGOING,https://www.linkedin.com/in/gkm563,https://www.linkedin.com/in/apoorva-bajaj-iit-iim-cfa-edubuk
Gautam Kumar  Maurya,Vikash Kumar,"4/6/26, 7:42 AM",,OUTGOING,https://www.linkedin.com/in/gkm563,https://www.linkedin.com/in/hello-vikash
Gautam Kumar  Maurya,Ajeet Ram Verma,"4/6/26, 7:42 AM",,OUTGOING,https://www.linkedin.com/in/gkm563,https://www.linkedin.com/in/ajeet-ram-verma-953605244
Gautam Kumar  Maurya,Aditya Choubey,"4/6/26, 7:42 AM",,OUTGOING,https://www.linkedin.com/in/gkm563,https://www.linkedin.com/in/aditya-c-366b90305
Gautam Kumar  Maurya,Raj Mishra,"4/6/26, 7:41 AM",,OUTGOING,https://www.linkedin.com/in/gkm563,https://www.linkedin.com/in/raj-mishra30
Gautam Kumar  Maurya,Arnav Raj,"4/6/26, 7:42 AM",,OUTGOING,https://www.linkedin.com/in/gkm563,https://www.linkedin.com/in/arnav-raj-18983a33a
Gautam Kumar  Maurya,Aditi Sharma,"4/6/26, 4:31 AM",,OUTGOING,https://www.linkedin.com/in/gkm563,https://www.linkedin.com/in/aditi-sharma-52b787312
Gautam Kumar  Maurya,Nimisha Bhatnagar,"4/5/26, 6:13 PM",,OUTGOING,https://www.linkedin.com/in/gkm563,https://www.linkedin.com/in/nimisha838
Gautam Kumar  Maurya,Harsh Jain,"4/5/26, 6:13 PM",,OUTGOING,https://www.linkedin.com/in/gkm563,https://www.linkedin.com/in/harsh-jain-04a39335a
Gautam Kumar  Maurya,Tushar Bajpai,"4/5/26, 6:11 PM",,OUTGOING,https://www.linkedin.com/in/gkm563,https://www.linkedin.com/in/tushar-bajpai-67b778337
Gautam Kumar  Maurya,Sahil Dhawale,"4/5/26, 1:22 AM",,OUTGOING,https://www.linkedin.com/in/gkm563,https://www.linkedin.com/in/sahildhawale
Gautam Kumar  Maurya,Muskan Gupta,"4/4/26, 3:40 PM",,OUTGOING,https://www.linkedin.com/in/gkm563,https://www.linkedin.com/in/muskancodes
Gautam Kumar  Maurya,Md Imran,"4/4/26, 1:45 PM",,OUTGOING,https://www.linkedin.com/in/gkm563,https://www.linkedin.com/in/mdimranpy
Gautam Kumar  Maurya,Rajesh Kumar Jha,"4/3/26, 7:41 PM",,OUTGOING,https://www.linkedin.com/in/gkm563,https://www.linkedin.com/in/rajesh-kumar-jha-java
Gautam Kumar  Maurya,"Umesh Nair, PhD ","4/3/26, 6:23 PM",,OUTGOING,https://www.linkedin.com/in/gkm563,https://www.linkedin.com/in/umeshnairphd
Gautam Kumar  Maurya,Ganesh Dutt,"4/3/26, 6:22 PM",,OUTGOING,https://www.linkedin.com/in/gkm563,https://www.linkedin.com/in/ganeshdutt
Gautam Kumar  Maurya,Unnati Agarwal,"4/3/26, 6:22 PM",,OUTGOING,https://www.linkedin.com/in/gkm563,https://www.linkedin.com/in/unnati-agarwal-732663327
Gautam Kumar  Maurya,Tejas Gadge,"4/3/26, 6:00 PM",,OUTGOING,https://www.linkedin.com/in/gkm563,https://www.linkedin.com/in/tejas-gadge-8a395b258
Gautam Kumar  Maurya,Khushi Kaushik,"4/3/26, 6:00 PM",,OUTGOING,https://www.linkedin.com/in/gkm563,https://www.linkedin.com/in/khushi-kaushik1790
Gautam Kumar  Maurya,Aditya Tripathi,"4/3/26, 5:55 PM",,OUTGOING,https://www.linkedin.com/in/gkm563,https://www.linkedin.com/in/aditya-tripathi-574374253
Gautam Kumar  Maurya,Nandini Singh,"4/3/26, 5:55 PM",,OUTGOING,https://www.linkedin.com/in/gkm563,https://www.linkedin.com/in/nandini-singh-7a41a6329
Gautam Kumar  Maurya,Upasana Prabhakar,"4/3/26, 5:54 PM",,OUTGOING,https://www.linkedin.com/in/gkm563,https://www.linkedin.com/in/upasana-prabhakar-634224296
Gautam Kumar  Maurya,Padmini Patnaik,"4/3/26, 8:49 AM",,OUTGOING,https://www.linkedin.com/in/gkm563,https://www.linkedin.com/in/padmini-patnaik-340b3a18a
Gautam Kumar  Maurya,Anuradha Neelakandan,"4/3/26, 8:49 AM",,OUTGOING,https://www.linkedin.com/in/gkm563,https://www.linkedin.com/in/anuradha-neelakandan-3b589a79
Gautam Kumar  Maurya,"Parthajith Shenoy, Chartered MCIPD","4/3/26, 8:49 AM",,OUTGOING,https://www.linkedin.com/in/gkm563,https://www.linkedin.com/in/parthajithshenoy
Gautam Kumar  Maurya,Rashmi Kushwaha,"4/3/26, 8:49 AM",,OUTGOING,https://www.linkedin.com/in/gkm563,https://www.linkedin.com/in/rashmi-kushwaha-962447271
Gautam Kumar  Maurya,Aniketh Koraiah,"4/3/26, 8:49 AM",,OUTGOING,https://www.linkedin.com/in/gkm563,https://www.linkedin.com/in/aniketh-koraiah
Gautam Kumar  Maurya,Shraddha Singh,"4/3/26, 8:49 AM",,OUTGOING,https://www.linkedin.com/in/gkm563,https://www.linkedin.com/in/shraddha-singh-a00714314
Gautam Kumar  Maurya,Mayank Srivastava,"4/3/26, 5:28 AM",,OUTGOING,https://www.linkedin.com/in/gkm563,https://www.linkedin.com/in/mayank-srivastava-79949727b
Gautam Kumar  Maurya,Unnati Mittal,"4/2/26, 8:01 PM",,OUTGOING,https://www.linkedin.com/in/gkm563,https://www.linkedin.com/in/unnatimittal147
Gautam Kumar  Maurya,Hardik  Singh,"4/2/26, 6:04 PM",,OUTGOING,https://www.linkedin.com/in/gkm563,https://www.linkedin.com/in/hardik-singh-5b1a60257
Gautam Kumar  Maurya,Nitin Verma ⚡,"4/1/26, 4:08 AM",,OUTGOING,https://www.linkedin.com/in/gkm563,https://www.linkedin.com/in/nitinvermaaa
Gautam Kumar  Maurya,Aman Kumar,"4/1/26, 1:38 AM",,OUTGOING,https://www.linkedin.com/in/gkm563,https://www.linkedin.com/in/aman-kumar-ak004
Gautam Kumar  Maurya,Shubhreeka Saxena,"3/31/26, 4:54 PM",,OUTGOING,https://www.linkedin.com/in/gkm563,https://www.linkedin.com/in/shubhreeka-saxena
Gautam Kumar  Maurya,Ashesh Kesarwani,"3/31/26, 4:51 AM",,OUTGOING,https://www.linkedin.com/in/gkm563,https://www.linkedin.com/in/ashesh-kesarwani-a2a224348
Gautam Kumar  Maurya,Gyanranjan Priyam,"3/30/26, 4:44 PM",,OUTGOING,https://www.linkedin.com/in/gkm563,https://www.linkedin.com/in/gyanranjan-priyam
Gautam Kumar  Maurya,Vijay Laxmi,"3/30/26, 4:44 PM",,OUTGOING,https://www.linkedin.com/in/gkm563,https://www.linkedin.com/in/vijay-laxmi-0a0b203a8
Gautam Kumar  Maurya,Khushi Kesarwani,"3/30/26, 4:44 PM",,OUTGOING,https://www.linkedin.com/in/gkm563,https://www.linkedin.com/in/khushi-kesarwani-75b730253
Gautam Kumar  Maurya,Riya Srivastava,"3/30/26, 10:57 AM",,OUTGOING,https://www.linkedin.com/in/gkm563,https://www.linkedin.com/in/riya-srivastava-5649b72a6
Gautam Kumar  Maurya,Khushi Maurya,"3/30/26, 4:19 AM",,OUTGOING,https://www.linkedin.com/in/gkm563,https://www.linkedin.com/in/khushi-maurya-4448ab32a
Gautam Kumar  Maurya,Manav Dubey,"3/30/26, 4:16 AM",,OUTGOING,https://www.linkedin.com/in/gkm563,https://www.linkedin.com/in/manavdubey
Gautam Kumar  Maurya,Adarsh Kushwaha,"3/29/26, 7:48 AM",,OUTGOING,https://www.linkedin.com/in/gkm563,https://www.linkedin.com/in/adarsh-kushwaha-6ab371369
Gautam Kumar  Maurya,Sarthak Sharma,"3/29/26, 7:47 AM",,OUTGOING,https://www.linkedin.com/in/gkm563,https://www.linkedin.com/in/sarthaksharmakiet
Gautam Kumar  Maurya,Ayush Gupta,"3/29/26, 7:46 AM",,OUTGOING,https://www.linkedin.com/in/gkm563,https://www.linkedin.com/in/ayushgupta018
Gautam Kumar  Maurya,Anushka Varshney,"3/29/26, 7:46 AM",,OUTGOING,https://www.linkedin.com/in/gkm563,https://www.linkedin.com/in/anushka-varshney-740814325
Gautam Kumar  Maurya,Aishwarya Sharma,"3/29/26, 7:14 AM",,OUTGOING,https://www.linkedin.com/in/gkm563,https://www.linkedin.com/in/aishwaryasharmamt
Gautam Kumar  Maurya,Jai Yadav,"3/29/26, 7:15 AM",,OUTGOING,https://www.linkedin.com/in/gkm563,https://www.linkedin.com/in/jaiyadav12
Gautam Kumar  Maurya,Ahmad Nabeel,"3/29/26, 7:15 AM",,OUTGOING,https://www.linkedin.com/in/gkm563,https://www.linkedin.com/in/ahmad-nabeel-2b885a22a
Gautam Kumar  Maurya,Gowtham Naren,"3/29/26, 7:15 AM",,OUTGOING,https://www.linkedin.com/in/gkm563,https://www.linkedin.com/in/gowtham-naren-417664257
Gautam Kumar  Maurya,Aryan Gupta,"3/28/26, 10:26 PM",,OUTGOING,https://www.linkedin.com/in/gkm563,https://www.linkedin.com/in/aryan-gupta-278376313
Gautam Kumar  Maurya,Nirmal Kumar,"3/28/26, 7:48 PM",,OUTGOING,https://www.linkedin.com/in/gkm563,https://www.linkedin.com/in/i-am-nirmal
Gautam Kumar  Maurya,Riti Yadav,"3/28/26, 7:48 PM",,OUTGOING,https://www.linkedin.com/in/gkm563,https://www.linkedin.com/in/ritiyadavv
Gautam Kumar  Maurya,Priyanka Yadav,"3/28/26, 7:48 PM",,OUTGOING,https://www.linkedin.com/in/gkm563,https://www.linkedin.com/in/priyanka-yadav-526596376
Gautam Kumar  Maurya,Akrati Gupta,"3/28/26, 4:42 AM",,OUTGOING,https://www.linkedin.com/in/gkm563,https://www.linkedin.com/in/akratigupta15
Gautam Kumar  Maurya,Kriti Kushwaha,"3/28/26, 4:41 AM",,OUTGOING,https://www.linkedin.com/in/gkm563,https://www.linkedin.com/in/kriti-kushwaha-800870243
Gautam Kumar  Maurya,Aamir Khan,"3/27/26, 10:14 PM",,OUTGOING,https://www.linkedin.com/in/gkm563,https://www.linkedin.com/in/aamir-khan-278b71317
Gautam Kumar  Maurya,Om Sharma,"3/27/26, 10:14 PM",,OUTGOING,https://www.linkedin.com/in/gkm563,https://www.linkedin.com/in/omsh888
Gautam Kumar  Maurya,MOHAMMAD MAHBOOB ALI,"3/27/26, 8:25 PM",,OUTGOING,https://www.linkedin.com/in/gkm563,https://www.linkedin.com/in/mahboobali09771
Gautam Kumar  Maurya,Vinay Gupta,"3/27/26, 8:24 PM",,OUTGOING,https://www.linkedin.com/in/gkm563,https://www.linkedin.com/in/vinay-gupta-571b27118
Gautam Kumar  Maurya,Vijay Laxmi,"3/27/26, 4:23 AM",,OUTGOING,https://www.linkedin.com/in/gkm563,https://www.linkedin.com/in/laxmi-vijay
Gautam Kumar  Maurya,Aniket Pandey,"3/27/26, 4:22 AM",,OUTGOING,https://www.linkedin.com/in/gkm563,https://www.linkedin.com/in/aniket-pandey-95175a207
Gautam Kumar  Maurya,Vaishnavi Mote,"3/27/26, 4:20 AM",,OUTGOING,https://www.linkedin.com/in/gkm563,https://www.linkedin.com/in/vaishnavi-mote-a69930253
Gautam Kumar  Maurya,Tanisha Chawla,"3/27/26, 4:17 AM",,OUTGOING,https://www.linkedin.com/in/gkm563,https://www.linkedin.com/in/tanisha-
Gautam Kumar  Maurya,Aayush Thakur,"3/27/26, 4:15 AM",,OUTGOING,https://www.linkedin.com/in/gkm563,https://www.linkedin.com/in/aayush-thakur-a944aa353
Gautam Kumar  Maurya,Shreyansh Kushwaha,"3/27/26, 4:14 AM",,OUTGOING,https://www.linkedin.com/in/gkm563,https://www.linkedin.com/in/shreyansh-kushwaha-93994b381
Gautam Kumar  Maurya,Prateek Rastogi,"3/27/26, 4:14 AM",,OUTGOING,https://www.linkedin.com/in/gkm563,https://www.linkedin.com/in/prateek-rastogi816
Gautam Kumar  Maurya,Aman Srivastava,"3/26/26, 10:39 PM",,OUTGOING,https://www.linkedin.com/in/gkm563,https://www.linkedin.com/in/aman-srivastava-229376312
Gautam Kumar  Maurya,Kritika Maurya,"3/26/26, 7:25 AM",,OUTGOING,https://www.linkedin.com/in/gkm563,https://www.linkedin.com/in/kritika-maurya-427648331
Gautam Kumar  Maurya,Sarthak Gupta,"3/26/26, 7:25 AM",,OUTGOING,https://www.linkedin.com/in/gkm563,https://www.linkedin.com/in/sarthak-gupta7
Gautam Kumar  Maurya,Sushant Dubey,"3/26/26, 7:22 AM",,OUTGOING,https://www.linkedin.com/in/gkm563,https://www.linkedin.com/in/sushant-dubey-35671b194
Gautam Kumar  Maurya,AYUSH KESARWANI,"3/26/26, 7:11 AM",,OUTGOING,https://www.linkedin.com/in/gkm563,https://www.linkedin.com/in/ayush9450
Gautam Kumar  Maurya,Uttamraj Singh,"3/26/26, 5:02 AM",,OUTGOING,https://www.linkedin.com/in/gkm563,https://www.linkedin.com/in/contactuttamraj
Gautam Kumar  Maurya,Saravanan RK,"3/25/26, 11:56 PM",,OUTGOING,https://www.linkedin.com/in/gkm563,https://www.linkedin.com/in/saravanan-rk
Gautam Kumar  Maurya,Arpita Guniyal,"3/25/26, 11:56 PM",,OUTGOING,https://www.linkedin.com/in/gkm563,https://www.linkedin.com/in/arpita-guniyal
Gautam Kumar  Maurya,Menna Ezz,"3/25/26, 11:56 PM",,OUTGOING,https://www.linkedin.com/in/gkm563,https://www.linkedin.com/in/menna-ezz-2abaa82b0
Gautam Kumar  Maurya,Darin Elbanna ,"3/25/26, 11:56 PM",,OUTGOING,https://www.linkedin.com/in/gkm563,https://www.linkedin.com/in/darin-elbanna-90a882306
Gautam Kumar  Maurya,NITHIKA SHREE M S,"3/25/26, 11:56 PM",,OUTGOING,https://www.linkedin.com/in/gkm563,https://www.linkedin.com/in/nithika7
Gautam Kumar  Maurya,Ashish Kumar,"3/25/26, 11:56 PM",,OUTGOING,https://www.linkedin.com/in/gkm563,https://www.linkedin.com/in/ashishkumart
Gautam Kumar  Maurya,Ahmed M. El-Banna,"3/25/26, 11:56 PM",,OUTGOING,https://www.linkedin.com/in/gkm563,https://www.linkedin.com/in/ahmed-m-el-banna-10268b200
Gautam Kumar  Maurya,M Nihan Anoop,"3/25/26, 11:56 PM",,OUTGOING,https://www.linkedin.com/in/gkm563,https://www.linkedin.com/in/nihan-anoop
Gautam Kumar  Maurya,Shubham Gangari,"3/25/26, 11:56 PM",,OUTGOING,https://www.linkedin.com/in/gkm563,https://www.linkedin.com/in/shubham-gangari
Gautam Kumar  Maurya,Kush Jain,"3/25/26, 11:56 PM",,OUTGOING,https://www.linkedin.com/in/gkm563,https://www.linkedin.com/in/kush-jain-5624a7340
Gautam Kumar  Maurya,Nandana Aravindkumar,"3/25/26, 11:56 PM",,OUTGOING,https://www.linkedin.com/in/gkm563,https://www.linkedin.com/in/nandanaa
Gautam Kumar  Maurya,Aman Pathak,"3/25/26, 10:59 PM",,OUTGOING,https://www.linkedin.com/in/gkm563,https://www.linkedin.com/in/aman-pathak-a87543321
Gautam Kumar  Maurya,Utkarsh Mishra,"3/25/26, 11:53 AM",,OUTGOING,https://www.linkedin.com/in/gkm563,https://www.linkedin.com/in/utkarsh-mishra-4a0aa9328
Gautam Kumar  Maurya,AYUSH PANDEY,"3/25/26, 4:48 AM",,OUTGOING,https://www.linkedin.com/in/gkm563,https://www.linkedin.com/in/ayush-pandeybtech28
Gautam Kumar  Maurya,Rohit Srivastav,"3/25/26, 4:19 AM",,OUTGOING,https://www.linkedin.com/in/gkm563,https://www.linkedin.com/in/rohitsvt
Gautam Kumar  Maurya,Sagnik Ghosh,"3/25/26, 4:19 AM",,OUTGOING,https://www.linkedin.com/in/gkm563,https://www.linkedin.com/in/sagnik0012
Gautam Kumar  Maurya,Abhay Singh Raihal,"3/25/26, 4:19 AM",,OUTGOING,https://www.linkedin.com/in/gkm563,https://www.linkedin.com/in/abhay-singh-raihal
Gautam Kumar  Maurya,Aditi Singh,"3/25/26, 3:19 AM",,OUTGOING,https://www.linkedin.com/in/gkm563,https://www.linkedin.com/in/aditi-singh-2649a73a1
Gautam Kumar  Maurya,Varun Dhuriya,"3/24/26, 8:43 PM",,OUTGOING,https://www.linkedin.com/in/gkm563,https://www.linkedin.com/in/varun-dhuriya-ba789831b
Gautam Kumar  Maurya,Nishant tripathi,"3/24/26, 7:20 AM",,OUTGOING,https://www.linkedin.com/in/gkm563,https://www.linkedin.com/in/nishant-tripathi-206560250
Gautam Kumar  Maurya,Aastha Tiwari,"3/24/26, 7:15 AM",,OUTGOING,https://www.linkedin.com/in/gkm563,https://www.linkedin.com/in/aastha-tiwari-70835b232
Gautam Kumar  Maurya,Shalini Jha,"3/24/26, 7:12 AM",,OUTGOING,https://www.linkedin.com/in/gkm563,https://www.linkedin.com/in/shalini-jha-0aa1b8295
Gautam Kumar  Maurya,Prakash Jha,"3/24/26, 3:22 AM",,OUTGOING,https://www.linkedin.com/in/gkm563,https://www.linkedin.com/in/prakash-jha-237001260
Gautam Kumar  Maurya,Sachin Gupta,"3/23/26, 6:01 PM",,OUTGOING,https://www.linkedin.com/in/gkm563,https://www.linkedin.com/in/sachingupta1082
Gautam Kumar  Maurya,shivendra  singh,"3/23/26, 8:06 AM",,OUTGOING,https://www.linkedin.com/in/gkm563,https://www.linkedin.com/in/imshivendra29
Gautam Kumar  Maurya,Dr. Shiv Ram Dubey,"3/23/26, 8:06 AM",,OUTGOING,https://www.linkedin.com/in/gkm563,https://www.linkedin.com/in/dr-shiv-ram-dubey-4212a08a
Gautam Kumar  Maurya,Mohammad Ahamad,"3/22/26, 8:21 PM",,OUTGOING,https://www.linkedin.com/in/gkm563,https://www.linkedin.com/in/mohammad-ahamad-b10740253
Gautam Kumar  Maurya,Shivangi  Upadhyay ,"3/22/26, 8:21 PM",,OUTGOING,https://www.linkedin.com/in/gkm563,https://www.linkedin.com/in/shivangi-upadhyay-19a939287
Gautam Kumar  Maurya,Vishwas Pahwa,"3/22/26, 6:10 PM",,OUTGOING,https://www.linkedin.com/in/gkm563,https://www.linkedin.com/in/vishwas-pahwa-694928328
Gautam Kumar  Maurya,Saksham Sarda,"3/22/26, 3:19 AM",,OUTGOING,https://www.linkedin.com/in/gkm563,https://www.linkedin.com/in/saksham-s-25b7b1356
Gautam Kumar  Maurya,Gourisha Srivastava,"3/22/26, 3:17 AM",,OUTGOING,https://www.linkedin.com/in/gkm563,https://www.linkedin.com/in/gourisha-srivastava-8a938932b
Gautam Kumar  Maurya,Apurve Karanwal,"3/22/26, 3:16 AM",,OUTGOING,https://www.linkedin.com/in/gkm563,https://www.linkedin.com/in/apurvekaranwal
Gautam Kumar  Maurya,Aditi Shukla,"3/22/26, 12:12 AM",,OUTGOING,https://www.linkedin.com/in/gkm563,https://www.linkedin.com/in/aditi-shukla-55a732338
Gautam Kumar  Maurya,Yash Tiwari,"3/21/26, 10:57 PM",,OUTGOING,https://www.linkedin.com/in/gkm563,https://www.linkedin.com/in/yash-tiwari-948315338
Gautam Kumar  Maurya,Shantanu Mishra,"3/21/26, 7:17 PM",,OUTGOING,https://www.linkedin.com/in/gkm563,https://www.linkedin.com/in/shantanu-mishra-56636b328
Gautam Kumar  Maurya,Riya Gupta,"3/21/26, 8:01 AM",,OUTGOING,https://www.linkedin.com/in/gkm563,https://www.linkedin.com/in/riya-gupta-237014321
Gautam Kumar  Maurya,Shashank Rustagi,"3/21/26, 6:48 AM",,OUTGOING,https://www.linkedin.com/in/gkm563,https://www.linkedin.com/in/srustagi1996
Gautam Kumar  Maurya,Nikunj  Rustagi,"3/20/26, 6:49 PM",,OUTGOING,https://www.linkedin.com/in/gkm563,https://www.linkedin.com/in/nikunjrustagi
Gautam Kumar  Maurya,Aditi Srivastava,"3/20/26, 6:48 PM",,OUTGOING,https://www.linkedin.com/in/gkm563,https://www.linkedin.com/in/aditi-srivastava-25aa90371
Gautam Kumar  Maurya,"Parth Patpatiya, PhD","3/20/26, 12:00 PM",,OUTGOING,https://www.linkedin.com/in/gkm563,https://www.linkedin.com/in/parth-patpatiya
Gautam Kumar  Maurya,Isnia Izhar,"3/20/26, 6:38 AM",,OUTGOING,https://www.linkedin.com/in/gkm563,https://www.linkedin.com/in/isnia-izhar-3b2488260
Gautam Kumar  Maurya,Dr. Nandita Pradhan,"3/19/26, 10:58 PM",,OUTGOING,https://www.linkedin.com/in/gkm563,https://www.linkedin.com/in/dr-nandita-pradhan-5b28419
Gautam Kumar  Maurya,Trisha Moi,"3/19/26, 8:25 PM",,OUTGOING,https://www.linkedin.com/in/gkm563,https://www.linkedin.com/in/trisha-moi-5b1758205
Gautam Kumar  Maurya,Neeraj kumar,"3/19/26, 8:24 PM",,OUTGOING,https://www.linkedin.com/in/gkm563,https://www.linkedin.com/in/neeraj-kumar-48593a257
Gautam Kumar  Maurya,Harshwardhan Kumar,"3/19/26, 6:03 PM",,OUTGOING,https://www.linkedin.com/in/gkm563,https://www.linkedin.com/in/harshwar
Gautam Kumar  Maurya,Anjali Ojha,"3/19/26, 6:03 PM",,OUTGOING,https://www.linkedin.com/in/gkm563,https://www.linkedin.com/in/anjali-ojha60
Gautam Kumar  Maurya,Amrita Singh,"3/19/26, 8:06 AM",,OUTGOING,https://www.linkedin.com/in/gkm563,https://www.linkedin.com/in/amrita-singh-54120a1a7
Gautam Kumar  Maurya,Amrita Singh,"3/19/26, 8:06 AM",,OUTGOING,https://www.linkedin.com/in/gkm563,https://www.linkedin.com/in/amrita-singh-a18572148
Gautam Kumar  Maurya,Amrita Singh,"3/19/26, 8:05 AM",,OUTGOING,https://www.linkedin.com/in/gkm563,https://www.linkedin.com/in/amritasingh30091982
Gautam Kumar  Maurya,Amrita Singh,"3/19/26, 8:05 AM",,OUTGOING,https://www.linkedin.com/in/gkm563,https://www.linkedin.com/in/amrita99
Gautam Kumar  Maurya,Amrita singh,"3/19/26, 7:59 AM",,OUTGOING,https://www.linkedin.com/in/gkm563,https://www.linkedin.com/in/amrita-singh-1ba179122
Gautam Kumar  Maurya,Amrita Singh,"3/19/26, 7:59 AM",,OUTGOING,https://www.linkedin.com/in/gkm563,https://www.linkedin.com/in/thisisamrita
Gautam Kumar  Maurya,Amrita Singh,"3/19/26, 7:59 AM",,OUTGOING,https://www.linkedin.com/in/gkm563,https://www.linkedin.com/in/amritasingh171
Gautam Kumar  Maurya,Amrita Singh,"3/19/26, 7:59 AM",,OUTGOING,https://www.linkedin.com/in/gkm563,https://www.linkedin.com/in/amrita-singh-77842150
Gautam Kumar  Maurya,Amrita Singh,"3/19/26, 7:59 AM",,OUTGOING,https://www.linkedin.com/in/gkm563,https://www.linkedin.com/in/amrita-singh-9b017211b
Gautam Kumar  Maurya,Amrita Singh,"3/19/26, 7:59 AM",,OUTGOING,https://www.linkedin.com/in/gkm563,https://www.linkedin.com/in/a4amrita
Gautam Kumar  Maurya,Amrita Singh,"3/19/26, 7:59 AM",,OUTGOING,https://www.linkedin.com/in/gkm563,https://www.linkedin.com/in/amrita-singh-0ab593116
Gautam Kumar  Maurya,Amrita Singh,"3/19/26, 7:59 AM",,OUTGOING,https://www.linkedin.com/in/gkm563,https://www.linkedin.com/in/amrita-singh-visualcommunictiondesigner
Gautam Kumar  Maurya,Amrita Singh,"3/19/26, 7:58 AM",,OUTGOING,https://www.linkedin.com/in/gkm563,https://www.linkedin.com/in/amriiiita07
Gautam Kumar  Maurya,Amrita Singh,"3/19/26, 7:59 AM",,OUTGOING,https://www.linkedin.com/in/gkm563,https://www.linkedin.com/in/amritasingh-
Gautam Kumar  Maurya,Amrita Singh,"3/19/26, 7:59 AM",,OUTGOING,https://www.linkedin.com/in/gkm563,https://www.linkedin.com/in/amrita-singh-25720491
Gautam Kumar  Maurya,Amrita Singh,"3/19/26, 7:58 AM",,OUTGOING,https://www.linkedin.com/in/gkm563,https://www.linkedin.com/in/amrita-singh1
Gautam Kumar  Maurya,Amrita Singh,"3/19/26, 7:58 AM",,OUTGOING,https://www.linkedin.com/in/gkm563,https://www.linkedin.com/in/amrita-singh-2a151940
Gautam Kumar  Maurya,Amrita Singh,"3/19/26, 7:58 AM",,OUTGOING,https://www.linkedin.com/in/gkm563,https://www.linkedin.com/in/amrita-singh-ed
Gautam Kumar  Maurya,Amrita Singh,"3/19/26, 7:58 AM",,OUTGOING,https://www.linkedin.com/in/gkm563,https://www.linkedin.com/in/amrita-singh-672395100
Gautam Kumar  Maurya,Amrita Singh,"3/19/26, 7:58 AM",,OUTGOING,https://www.linkedin.com/in/gkm563,https://www.linkedin.com/in/amrita-singh-276201235
Gautam Kumar  Maurya,Amrita Singh,"3/19/26, 7:58 AM",,OUTGOING,https://www.linkedin.com/in/gkm563,https://www.linkedin.com/in/amritasingh007
Gautam Kumar  Maurya,Amrita Singh,"3/19/26, 7:58 AM",,OUTGOING,https://www.linkedin.com/in/gkm563,https://www.linkedin.com/in/amrita-singh-a369902b5
Gautam Kumar  Maurya,Amrita Singh,"3/19/26, 7:58 AM",,OUTGOING,https://www.linkedin.com/in/gkm563,https://www.linkedin.com/in/amrita-singh0392
Gautam Kumar  Maurya,Amrita Singh,"3/19/26, 7:58 AM",,OUTGOING,https://www.linkedin.com/in/gkm563,https://www.linkedin.com/in/amrita-singh-a0a3818
Gautam Kumar  Maurya,Amrita Singh,"3/19/26, 7:57 AM",,OUTGOING,https://www.linkedin.com/in/gkm563,https://www.linkedin.com/in/amrita-singh0698
Gautam Kumar  Maurya,Amrita Singh,"3/19/26, 7:58 AM",,OUTGOING,https://www.linkedin.com/in/gkm563,https://www.linkedin.com/in/amrita-singh-164138236
Gautam Kumar  Maurya,Amrita  Singh,"3/19/26, 7:57 AM",,OUTGOING,https://www.linkedin.com/in/gkm563,https://www.linkedin.com/in/amrita01
Gautam Kumar  Maurya,Amrita Singh,"3/19/26, 7:57 AM",,OUTGOING,https://www.linkedin.com/in/gkm563,https://www.linkedin.com/in/amrita-singh-abb819209
Gautam Kumar  Maurya,Amrita Singh,"3/19/26, 7:57 AM",,OUTGOING,https://www.linkedin.com/in/gkm563,https://www.linkedin.com/in/amrita-singh-72a37322a
Gautam Kumar  Maurya,Amrita Singh,"3/19/26, 7:57 AM",,OUTGOING,https://www.linkedin.com/in/gkm563,https://www.linkedin.com/in/amrita-singh-648650277
Gautam Kumar  Maurya,Amrita Singh,"3/19/26, 7:57 AM",,OUTGOING,https://www.linkedin.com/in/gkm563,https://www.linkedin.com/in/amritasingh1260
Gautam Kumar  Maurya,Amrita Singh,"3/19/26, 7:57 AM",,OUTGOING,https://www.linkedin.com/in/gkm563,https://www.linkedin.com/in/amrita-singh-84905a204
Gautam Kumar  Maurya,Amrita Singh,"3/19/26, 7:57 AM",,OUTGOING,https://www.linkedin.com/in/gkm563,https://www.linkedin.com/in/amrita90k
Gautam Kumar  Maurya,Amrita singh,"3/19/26, 7:57 AM",,OUTGOING,https://www.linkedin.com/in/gkm563,https://www.linkedin.com/in/amrita-singh-a0016b213
Gautam Kumar  Maurya,Amrita Singh,"3/19/26, 7:57 AM",,OUTGOING,https://www.linkedin.com/in/gkm563,https://www.linkedin.com/in/amrita-singh-185919203
Gautam Kumar  Maurya,Amrita singh,"3/19/26, 7:56 AM",,OUTGOING,https://www.linkedin.com/in/gkm563,https://www.linkedin.com/in/amrita-singh-579262331
Gautam Kumar  Maurya,Amrita Singh,"3/19/26, 7:56 AM",,OUTGOING,https://www.linkedin.com/in/gkm563,https://www.linkedin.com/in/amrita29
Gautam Kumar  Maurya,Amrita Singh,"3/19/26, 7:56 AM",,OUTGOING,https://www.linkedin.com/in/gkm563,https://www.linkedin.com/in/amritasingh20
Gautam Kumar  Maurya,Amrita Singh,"3/19/26, 7:56 AM",,OUTGOING,https://www.linkedin.com/in/gkm563,https://www.linkedin.com/in/amrita-singh-8b1254125
Gautam Kumar  Maurya,AMRITA SINGH,"3/19/26, 7:56 AM",,OUTGOING,https://www.linkedin.com/in/gkm563,https://www.linkedin.com/in/amritasingh1734
Gautam Kumar  Maurya,Amrita Singh,"3/19/26, 7:55 AM",,OUTGOING,https://www.linkedin.com/in/gkm563,https://www.linkedin.com/in/amrita-singh-985703255
Gautam Kumar  Maurya,Amrita Singh,"3/19/26, 7:55 AM",,OUTGOING,https://www.linkedin.com/in/gkm563,https://www.linkedin.com/in/amrita-singh-7851061b1
Gautam Kumar  Maurya,Amrita Singh,"3/19/26, 7:55 AM",,OUTGOING,https://www.linkedin.com/in/gkm563,https://www.linkedin.com/in/amrita-jaiswal
Gautam Kumar  Maurya,Amrita Singh,"3/19/26, 7:55 AM",,OUTGOING,https://www.linkedin.com/in/gkm563,https://www.linkedin.com/in/amrita-singh-3a76011b0
Gautam Kumar  Maurya,Naitik Agrawal,"3/18/26, 10:41 PM",,OUTGOING,https://www.linkedin.com/in/gkm563,https://www.linkedin.com/in/naitik-agrawal-840029313
Gautam Kumar  Maurya,Sheetal Tripathi,"3/18/26, 7:57 PM",,OUTGOING,https://www.linkedin.com/in/gkm563,https://www.linkedin.com/in/sheetal-tripathi-818982356
Gautam Kumar  Maurya,Ayush Sharma,"3/18/26, 7:10 PM",,OUTGOING,https://www.linkedin.com/in/gkm563,https://www.linkedin.com/in/ayushh-sharmaa
Gautam Kumar  Maurya,Aman B.,"3/18/26, 7:06 PM",,OUTGOING,https://www.linkedin.com/in/gkm563,https://www.linkedin.com/in/amanbehera
Gautam Kumar  Maurya,Nidhin G,"3/18/26, 5:09 AM",,OUTGOING,https://www.linkedin.com/in/gkm563,https://www.linkedin.com/in/nidhing0607
Gautam Kumar  Maurya,Gourang Jain,"3/18/26, 5:05 AM",,OUTGOING,https://www.linkedin.com/in/gkm563,https://www.linkedin.com/in/gourang-jain-92b15a294
Gautam Kumar  Maurya,Srinivasa Reddy Devireddy,"3/18/26, 5:05 AM",,OUTGOING,https://www.linkedin.com/in/gkm563,https://www.linkedin.com/in/srinivasa-reddy-devireddy-502bb5277
Gautam Kumar  Maurya,SAI HARSHA P,"3/18/26, 5:05 AM",,OUTGOING,https://www.linkedin.com/in/gkm563,https://www.linkedin.com/in/sai-harsha-p-2685892a4
Gautam Kumar  Maurya,Pratham Vasani,"3/18/26, 5:05 AM",,OUTGOING,https://www.linkedin.com/in/gkm563,https://www.linkedin.com/in/pratham-vasani-a07263202
Gautam Kumar  Maurya,Pranjal Parth,"3/18/26, 5:05 AM",,OUTGOING,https://www.linkedin.com/in/gkm563,https://www.linkedin.com/in/pranjalparth2125
Gautam Kumar  Maurya,Nishant Gaikwad,"3/18/26, 3:20 AM",,OUTGOING,https://www.linkedin.com/in/gkm563,https://www.linkedin.com/in/nishantgaikwad1143
Gautam Kumar  Maurya,Suraj Kumar Sharma,"3/17/26, 11:16 PM",,OUTGOING,https://www.linkedin.com/in/gkm563,https://www.linkedin.com/in/surajsharma14
Gautam Kumar  Maurya,Prabhu Dayal,"3/15/26, 6:13 PM",,OUTGOING,https://www.linkedin.com/in/gkm563,https://www.linkedin.com/in/prabhu-dayal-3849b119b
Gautam Kumar  Maurya,Numair Ahmad Khan,"3/15/26, 6:13 PM",,OUTGOING,https://www.linkedin.com/in/gkm563,https://www.linkedin.com/in/numair-ahmad-khan
Gautam Kumar  Maurya,Amit Sharma,"3/15/26, 6:13 PM",,OUTGOING,https://www.linkedin.com/in/gkm563,https://www.linkedin.com/in/amit-s-0b1b79314
Gautam Kumar  Maurya,Hariom Patel,"3/15/26, 6:13 PM",,OUTGOING,https://www.linkedin.com/in/gkm563,https://www.linkedin.com/in/hariom-patel-dev
Gautam Kumar  Maurya,Venkateshwaran Selvam,"3/15/26, 6:12 PM",,OUTGOING,https://www.linkedin.com/in/gkm563,https://www.linkedin.com/in/venkateshwaran-s-756b06201
Gautam Kumar  Maurya,Manohar Prakash,"3/15/26, 6:12 PM",,OUTGOING,https://www.linkedin.com/in/gkm563,https://www.linkedin.com/in/manohar-prakash-11a525239
Gautam Kumar  Maurya,Roshan Sharma,"3/15/26, 6:12 PM",,OUTGOING,https://www.linkedin.com/in/gkm563,https://www.linkedin.com/in/roshan-sharma-719a81286
Gautam Kumar  Maurya,Shriyash Soni,"3/15/26, 6:00 PM",,OUTGOING,https://www.linkedin.com/in/gkm563,https://www.linkedin.com/in/shriyash-soni
Gautam Kumar  Maurya,Anchal Sahu,"3/15/26, 10:48 AM",,OUTGOING,https://www.linkedin.com/in/gkm563,https://www.linkedin.com/in/anchal-sahu28
Gautam Kumar  Maurya,Disha Sonowal,"3/14/26, 11:48 PM",,OUTGOING,https://www.linkedin.com/in/gkm563,https://www.linkedin.com/in/disha-sonowal-95831a29b
Gautam Kumar  Maurya,Nandani Gupta,"3/14/26, 11:47 PM",,OUTGOING,https://www.linkedin.com/in/gkm563,https://www.linkedin.com/in/nandaniiguptaa
Gautam Kumar  Maurya,Suryaansh Pandey,"3/14/26, 11:45 PM",,OUTGOING,https://www.linkedin.com/in/gkm563,https://www.linkedin.com/in/suryaansh-pandey-3a9149348
Gautam Kumar  Maurya,Yash Saini,"3/14/26, 11:33 PM",,OUTGOING,https://www.linkedin.com/in/gkm563,https://www.linkedin.com/in/sainiyash11
Gautam Kumar  Maurya,Sagar Gupta,"3/14/26, 11:32 PM",,OUTGOING,https://www.linkedin.com/in/gkm563,https://www.linkedin.com/in/sagar-guptafullstackdeveloper
Gautam Kumar  Maurya,Abhishek Maurya,"3/14/26, 12:13 PM",,OUTGOING,https://www.linkedin.com/in/gkm563,https://www.linkedin.com/in/abhishekmaurya9118
Gautam Kumar  Maurya,Himanshu K. Verma,"3/14/26, 12:12 PM",,OUTGOING,https://www.linkedin.com/in/gkm563,https://www.linkedin.com/in/himanshukailash
Gautam Kumar  Maurya,Aayush Kumar,"3/12/26, 6:37 AM",,OUTGOING,https://www.linkedin.com/in/gkm563,https://www.linkedin.com/in/aayushkr-tech
Gautam Kumar  Maurya,Arushi Garg,"3/9/26, 4:36 PM",,OUTGOING,https://www.linkedin.com/in/gkm563,https://www.linkedin.com/in/arushi-garg105
Gautam Kumar  Maurya,Swati  Sharma ,"3/9/26, 4:36 PM",,OUTGOING,https://www.linkedin.com/in/gkm563,https://www.linkedin.com/in/swati-sharma-13b10a39b
Gautam Kumar  Maurya,SHIVAM SHARMA,"3/8/26, 7:01 AM",,OUTGOING,https://www.linkedin.com/in/gkm563,https://www.linkedin.com/in/shivam-sharma-99a48b366
Gautam Kumar  Maurya,Nishant Yadav,"3/7/26, 11:05 PM",,OUTGOING,https://www.linkedin.com/in/gkm563,https://www.linkedin.com/in/nishantyadavvns22
Gautam Kumar  Maurya,Ramesh Krishnamurthy,"3/7/26, 3:44 PM",,OUTGOING,https://www.linkedin.com/in/gkm563,https://www.linkedin.com/in/ramesh-krishnamurthy-bangalore
Gautam Kumar  Maurya,Madhur Gupta,"3/7/26, 3:44 PM",,OUTGOING,https://www.linkedin.com/in/gkm563,https://www.linkedin.com/in/madhur-gupta-695665253
Gautam Kumar  Maurya,Akshay Konoor,"3/7/26, 3:44 PM",,OUTGOING,https://www.linkedin.com/in/gkm563,https://www.linkedin.com/in/akshaykonoor
Gautam Kumar  Maurya,Akshat Verma,"3/7/26, 3:44 PM",,OUTGOING,https://www.linkedin.com/in/gkm563,https://www.linkedin.com/in/akshat-verma-a14951220
Gautam Kumar  Maurya,Akshita Jaiswal,"3/5/26, 5:18 PM",,OUTGOING,https://www.linkedin.com/in/gkm563,https://www.linkedin.com/in/akshita-jaiswal-6a12aa367
Gautam Kumar  Maurya,Vyom Goyal,"3/5/26, 3:58 PM",,OUTGOING,https://www.linkedin.com/in/gkm563,https://www.linkedin.com/in/vyom-goyal-09ab5b246
Gautam Kumar  Maurya,Mohit Sati,"3/5/26, 12:21 AM",,OUTGOING,https://www.linkedin.com/in/gkm563,https://www.linkedin.com/in/mohitsatilinks
Gautam Kumar  Maurya,Aarya Gupta,"3/5/26, 12:20 AM",,OUTGOING,https://www.linkedin.com/in/gkm563,https://www.linkedin.com/in/aarya-gupta-ag200308
Gautam Kumar  Maurya,Deepak Singh,"3/4/26, 11:16 PM",,OUTGOING,https://www.linkedin.com/in/gkm563,https://www.linkedin.com/in/deepak-singh-3aa71310b
Gautam Kumar  Maurya,Nitya Nandini Garg,"3/4/26, 1:29 PM",,OUTGOING,https://www.linkedin.com/in/gkm563,https://www.linkedin.com/in/nityanandinigarg
Gautam Kumar  Maurya,Mahi Bhatia,"3/4/26, 3:25 AM",,OUTGOING,https://www.linkedin.com/in/gkm563,https://www.linkedin.com/in/mahi-bhatia-a33b3435a
Gautam Kumar  Maurya,Afsheen Mohammad,"3/3/26, 9:39 PM",,OUTGOING,https://www.linkedin.com/in/gkm563,https://www.linkedin.com/in/afsheen-mohammad-867696325
Gautam Kumar  Maurya,Rahul Kumar,"3/3/26, 5:23 AM",,OUTGOING,https://www.linkedin.com/in/gkm563,https://www.linkedin.com/in/rahul41
Gautam Kumar  Maurya,Saurabh Tripathi,"3/3/26, 3:28 AM",,OUTGOING,https://www.linkedin.com/in/gkm563,https://www.linkedin.com/in/saurabhtripathi001
Gautam Kumar  Maurya,Maalasa Yarramsetti,"3/3/26, 12:19 AM",,OUTGOING,https://www.linkedin.com/in/gkm563,https://www.linkedin.com/in/maalasa-yarramsetti-283697325
Gautam Kumar  Maurya,Ujjawal Rachhoya,"3/2/26, 9:14 PM",,OUTGOING,https://www.linkedin.com/in/gkm563,https://www.linkedin.com/in/ujjawal-rachhoya100
Gautam Kumar  Maurya,Purushottam Jha,"3/1/26, 9:32 PM",,OUTGOING,https://www.linkedin.com/in/gkm563,https://www.linkedin.com/in/purushottamjha447
Gautam Kumar  Maurya,Manav Sodhi,"3/1/26, 9:01 PM",,OUTGOING,https://www.linkedin.com/in/gkm563,https://www.linkedin.com/in/manav-sodhi
Gautam Kumar  Maurya,Rohan Mishra,"2/25/26, 4:30 AM",,OUTGOING,https://www.linkedin.com/in/gkm563,https://www.linkedin.com/in/rohan-mishra-nic
Gautam Kumar  Maurya,Chirag Patankar,"2/25/26, 4:30 AM",,OUTGOING,https://www.linkedin.com/in/gkm563,https://www.linkedin.com/in/chiragpatankar
Gautam Kumar  Maurya,Dipayan Chanda,"2/23/26, 9:16 AM",,OUTGOING,https://www.linkedin.com/in/gkm563,https://www.linkedin.com/in/dipayan-chanda-37964a2a6
Gautam Kumar  Maurya,Taniya Ghuse,"2/23/26, 9:16 AM",,OUTGOING,https://www.linkedin.com/in/gkm563,https://www.linkedin.com/in/taniya-ghuse
Gautam Kumar  Maurya,Swati Sima,"2/23/26, 9:16 AM",,OUTGOING,https://www.linkedin.com/in/gkm563,https://www.linkedin.com/in/swatisima
Gautam Kumar  Maurya,Priyanshu Kumar,"2/23/26, 9:16 AM",,OUTGOING,https://www.linkedin.com/in/gkm563,https://www.linkedin.com/in/priyanshu-kumar-1a282b203
Gautam Kumar  Maurya,Gunjan Chawda,"2/23/26, 9:16 AM",,OUTGOING,https://www.linkedin.com/in/gkm563,https://www.linkedin.com/in/gunjan-chawda-a49b55266
Gautam Kumar  Maurya,Justin Gomes,"2/23/26, 9:16 AM",,OUTGOING,https://www.linkedin.com/in/gkm563,https://www.linkedin.com/in/justingomes7
Gautam Kumar  Maurya,Shubh Garg,"2/23/26, 9:15 AM",,OUTGOING,https://www.linkedin.com/in/gkm563,https://www.linkedin.com/in/shubh-garg-b8879a2ba
Gautam Kumar  Maurya,Vaibhav Tiwari,"2/23/26, 9:15 AM",,OUTGOING,https://www.linkedin.com/in/gkm563,https://www.linkedin.com/in/vaibhavtiwari432
Gautam Kumar  Maurya,Dr. Vinay Maurya,"2/23/26, 9:15 AM",,OUTGOING,https://www.linkedin.com/in/gkm563,https://www.linkedin.com/in/dr-vinay-maurya-612986172
Gautam Kumar  Maurya,Ansh Soni,"2/23/26, 9:15 AM",,OUTGOING,https://www.linkedin.com/in/gkm563,https://www.linkedin.com/in/anxhsoni
Gautam Kumar  Maurya,Ankur Saxena,"2/23/26, 9:15 AM",,OUTGOING,https://www.linkedin.com/in/gkm563,https://www.linkedin.com/in/ankur-saxena1711
Gautam Kumar  Maurya,Aftab Alam,"2/23/26, 9:15 AM",,OUTGOING,https://www.linkedin.com/in/gkm563,https://www.linkedin.com/in/aftab-alam-92ba9126a
Gautam Kumar  Maurya,Shivesh Dubey,"2/23/26, 9:15 AM",,OUTGOING,https://www.linkedin.com/in/gkm563,https://www.linkedin.com/in/shiveshdubey655278
Gautam Kumar  Maurya,Mayukh Jain,"2/23/26, 9:15 AM",,OUTGOING,https://www.linkedin.com/in/gkm563,https://www.linkedin.com/in/jainmayukh
Gautam Kumar  Maurya,Sakshi Patange,"2/23/26, 9:15 AM",,OUTGOING,https://www.linkedin.com/in/gkm563,https://www.linkedin.com/in/sakshi-patange-9ab815220
Gautam Kumar  Maurya,Amit Kumar Maurya,"2/23/26, 9:14 AM",,OUTGOING,https://www.linkedin.com/in/gkm563,https://www.linkedin.com/in/akmaurya2657
Gautam Kumar  Maurya,Swayam Gupta,"2/23/26, 9:15 AM",,OUTGOING,https://www.linkedin.com/in/gkm563,https://www.linkedin.com/in/swayamgupta12
Gautam Kumar  Maurya,Akshay Dev Pandey,"2/23/26, 5:29 AM",,OUTGOING,https://www.linkedin.com/in/gkm563,https://www.linkedin.com/in/akshay-dev-pandey-6a12a8342
Gautam Kumar  Maurya,Marija (Maria) Ralic,"2/22/26, 6:55 PM",,OUTGOING,https://www.linkedin.com/in/gkm563,https://www.linkedin.com/in/marija-maria-ralic-05338a11
Gautam Kumar  Maurya,Yashasvi Singh,"2/22/26, 6:11 PM",,OUTGOING,https://www.linkedin.com/in/gkm563,https://www.linkedin.com/in/yashasvi-singh-307361326
Gautam Kumar  Maurya,ANIMESH PATHAK,"2/22/26, 4:41 PM",,OUTGOING,https://www.linkedin.com/in/gkm563,https://www.linkedin.com/in/animesh-pathak-
Gautam Kumar  Maurya,Ashish Solanki,"2/22/26, 1:46 AM",,OUTGOING,https://www.linkedin.com/in/gkm563,https://www.linkedin.com/in/ashish-solanki-514941271
Gautam Kumar  Maurya,Mrunali Sawant,"2/22/26, 1:46 AM",,OUTGOING,https://www.linkedin.com/in/gkm563,https://www.linkedin.com/in/sawantmrunali115
Gautam Kumar  Maurya,Sofi Pal,"2/22/26, 1:46 AM",,OUTGOING,https://www.linkedin.com/in/gkm563,https://www.linkedin.com/in/sofi-pal-b8768b293
Gautam Kumar  Maurya,Vedanshi Singh,"2/21/26, 10:02 PM",,OUTGOING,https://www.linkedin.com/in/gkm563,https://www.linkedin.com/in/vedanshi-singh-64a502293
Gautam Kumar  Maurya,Nikhil  Kumar Sharma,"2/21/26, 5:57 PM",,OUTGOING,https://www.linkedin.com/in/gkm563,https://www.linkedin.com/in/nikhilkrsharma
Gautam Kumar  Maurya,Nikhil Kumar Sharma,"2/21/26, 5:57 PM",,OUTGOING,https://www.linkedin.com/in/gkm563,https://www.linkedin.com/in/nikhil-kumar-sharma-203068288
Gautam Kumar  Maurya,Nikhil Kumar Sharma,"2/21/26, 5:57 PM",,OUTGOING,https://www.linkedin.com/in/gkm563,https://www.linkedin.com/in/kumar-sharmanikhil
Gautam Kumar  Maurya,Aryan .,"2/21/26, 4:29 PM",,OUTGOING,https://www.linkedin.com/in/gkm563,https://www.linkedin.com/in/aryan-5824a7306
Gautam Kumar  Maurya,Navya Naveli Nanda,"2/21/26, 9:02 AM",,OUTGOING,https://www.linkedin.com/in/gkm563,https://www.linkedin.com/in/navyanavelinanda
Gautam Kumar  Maurya,Meenakshi Gupta,"2/21/26, 9:01 AM",,OUTGOING,https://www.linkedin.com/in/gkm563,https://www.linkedin.com/in/meenakshi-gupta109
Gautam Kumar  Maurya,Chethan Reddy G N,"2/21/26, 9:01 AM",,OUTGOING,https://www.linkedin.com/in/gkm563,https://www.linkedin.com/in/chethan-reddy-g-n-71ba42240
Gautam Kumar  Maurya,Pranjali Sharma,"2/21/26, 9:01 AM",,OUTGOING,https://www.linkedin.com/in/gkm563,https://www.linkedin.com/in/pranjali-sharma-7b1a93229
Gautam Kumar  Maurya,Diksha Singh,"2/21/26, 9:01 AM",,OUTGOING,https://www.linkedin.com/in/gkm563,https://www.linkedin.com/in/diksha-singh-95b1b928a
Gautam Kumar  Maurya,Noah Oliveira,"2/21/26, 9:01 AM",,OUTGOING,https://www.linkedin.com/in/gkm563,https://www.linkedin.com/in/noaholiveira
Gautam Kumar  Maurya,Suniel Shetty,"2/21/26, 9:01 AM",,OUTGOING,https://www.linkedin.com/in/gkm563,https://www.linkedin.com/in/suniel-shetty
Gautam Kumar  Maurya,Marc Randolph,"2/21/26, 8:56 AM",,OUTGOING,https://www.linkedin.com/in/gkm563,https://www.linkedin.com/in/marcrandolph
Gautam Kumar  Maurya,Deepika Munde,"2/21/26, 8:51 AM",,OUTGOING,https://www.linkedin.com/in/gkm563,https://www.linkedin.com/in/deepika-munde-6b5889257
Gautam Kumar  Maurya,Kiran Maurya,"2/21/26, 8:39 AM",,OUTGOING,https://www.linkedin.com/in/gkm563,https://www.linkedin.com/in/kiran-maurya-974b17310
Gautam Kumar  Maurya,Arjun Gaur,"2/20/26, 5:53 AM",,OUTGOING,https://www.linkedin.com/in/gkm563,https://www.linkedin.com/in/arj0n-g0d
Gautam Kumar  Maurya,Abhay Sachan,"2/20/26, 5:53 AM",,OUTGOING,https://www.linkedin.com/in/gkm563,https://www.linkedin.com/in/abhaysachan01
Gautam Kumar  Maurya,Prakhar Garg,"2/20/26, 5:52 AM",,OUTGOING,https://www.linkedin.com/in/gkm563,https://www.linkedin.com/in/prakhar-garg-251659282
Gautam Kumar  Maurya,Shambhavi Kejriwal,"2/20/26, 5:51 AM",,OUTGOING,https://www.linkedin.com/in/gkm563,https://www.linkedin.com/in/shambhavi-kejriwal
Gautam Kumar  Maurya,Soumyendu Saha,"2/20/26, 5:51 AM",,OUTGOING,https://www.linkedin.com/in/gkm563,https://www.linkedin.com/in/soumyendu-saha-57a0621b8
Gautam Kumar  Maurya,Sahil Raj,"2/20/26, 5:51 AM",,OUTGOING,https://www.linkedin.com/in/gkm563,https://www.linkedin.com/in/sahil-raj-502606256
Gautam Kumar  Maurya,Nandika Agrawal,"2/20/26, 5:51 AM",,OUTGOING,https://www.linkedin.com/in/gkm563,https://www.linkedin.com/in/nandikaagrawal
Gautam Kumar  Maurya,Aryan  Mishra ,"2/20/26, 5:51 AM",,OUTGOING,https://www.linkedin.com/in/gkm563,https://www.linkedin.com/in/aryan--mishra
Gautam Kumar  Maurya,Aryan Mishra,"2/20/26, 5:51 AM",,OUTGOING,https://www.linkedin.com/in/gkm563,https://www.linkedin.com/in/aryan-lem
Gautam Kumar  Maurya,Yogya  Chawla,"2/20/26, 5:51 AM",,OUTGOING,https://www.linkedin.com/in/gkm563,https://www.linkedin.com/in/yogya0105
Gautam Kumar  Maurya,Yadunandan Venugopal,"2/20/26, 5:51 AM",,OUTGOING,https://www.linkedin.com/in/gkm563,https://www.linkedin.com/in/yadunandan-venugopal-8b22b626a
Gautam Kumar  Maurya,Ramchandra Mulik,"2/20/26, 5:51 AM",,OUTGOING,https://www.linkedin.com/in/gkm563,https://www.linkedin.com/in/ramchandramulik
Gautam Kumar  Maurya,Ayush Varshney,"2/20/26, 5:51 AM",,OUTGOING,https://www.linkedin.com/in/gkm563,https://www.linkedin.com/in/ayush-varshney-03b882237
Gautam Kumar  Maurya,Omkar Gochade,"2/20/26, 5:51 AM",,OUTGOING,https://www.linkedin.com/in/gkm563,https://www.linkedin.com/in/omkar-gochade-9b7b9724a
Gautam Kumar  Maurya,Udit Mittal,"2/20/26, 5:51 AM",,OUTGOING,https://www.linkedin.com/in/gkm563,https://www.linkedin.com/in/mittaludit236
Gautam Kumar  Maurya,Shaurya Tripathi,"2/20/26, 5:51 AM",,OUTGOING,https://www.linkedin.com/in/gkm563,https://www.linkedin.com/in/shtripnitrr
Gautam Kumar  Maurya,Poojan Kothari,"2/20/26, 5:51 AM",,OUTGOING,https://www.linkedin.com/in/gkm563,https://www.linkedin.com/in/poojan-kothari
Gautam Kumar  Maurya,Sheetal C.,"2/20/26, 5:51 AM",,OUTGOING,https://www.linkedin.com/in/gkm563,https://www.linkedin.com/in/sheetal-c-5a22192b4
Gautam Kumar  Maurya,Nihal Yadav,"2/20/26, 5:51 AM",,OUTGOING,https://www.linkedin.com/in/gkm563,https://www.linkedin.com/in/nihal2908
Gautam Kumar  Maurya,Amandeep Singh,"2/20/26, 5:50 AM",,OUTGOING,https://www.linkedin.com/in/gkm563,https://www.linkedin.com/in/amandeepsingh18
Gautam Kumar  Maurya,Amit Kumar,"2/20/26, 5:50 AM",,OUTGOING,https://www.linkedin.com/in/gkm563,https://www.linkedin.com/in/amit-tp
Gautam Kumar  Maurya,Rishit Parija,"2/20/26, 5:50 AM",,OUTGOING,https://www.linkedin.com/in/gkm563,https://www.linkedin.com/in/rishit-parija
Gautam Kumar  Maurya,Gaurav Barwal,"2/20/26, 5:50 AM",,OUTGOING,https://www.linkedin.com/in/gkm563,https://www.linkedin.com/in/gaurav-barwal-988ba5288
Gautam Kumar  Maurya,Sandeep Kumar M N,"2/20/26, 5:50 AM",,OUTGOING,https://www.linkedin.com/in/gkm563,https://www.linkedin.com/in/sandeep-kumar-m-n
Gautam Kumar  Maurya,Ayush Kumar,"2/20/26, 5:50 AM",,OUTGOING,https://www.linkedin.com/in/gkm563,https://www.linkedin.com/in/ayushkumar234
Gautam Kumar  Maurya,Shreyansh Gangwar,"2/20/26, 5:50 AM",,OUTGOING,https://www.linkedin.com/in/gkm563,https://www.linkedin.com/in/shreyansh-gangwar-70345a2ab
Gautam Kumar  Maurya,Dhruveel Gajipara,"2/20/26, 5:50 AM",,OUTGOING,https://www.linkedin.com/in/gkm563,https://www.linkedin.com/in/dhruveel-gajipara-993113253
Gautam Kumar  Maurya,Aman Chaudhary,"2/20/26, 5:50 AM",,OUTGOING,https://www.linkedin.com/in/gkm563,https://www.linkedin.com/in/aman-chaudhary-480785197
Gautam Kumar  Maurya,Aditya Raj,"2/20/26, 5:50 AM",,OUTGOING,https://www.linkedin.com/in/gkm563,https://www.linkedin.com/in/aditya-raj-07a295256
Gautam Kumar  Maurya,Priyanshu Bajpai,"2/20/26, 5:50 AM",,OUTGOING,https://www.linkedin.com/in/gkm563,https://www.linkedin.com/in/priyanshubajpai
Gautam Kumar  Maurya,Mayank  Bisht,"2/20/26, 5:49 AM",,OUTGOING,https://www.linkedin.com/in/gkm563,https://www.linkedin.com/in/mayank-bisht-430a6528b
Gautam Kumar  Maurya,Abhinav Chaudhary,"2/20/26, 5:49 AM",,OUTGOING,https://www.linkedin.com/in/gkm563,https://www.linkedin.com/in/abhinav-chaudhary-09794a256
Gautam Kumar  Maurya,Manthan Bhat,"2/20/26, 5:49 AM",,OUTGOING,https://www.linkedin.com/in/gkm563,https://www.linkedin.com/in/manthan-bhat-0612b618b
Gautam Kumar  Maurya,Ritika Kumari,"2/20/26, 5:49 AM",,OUTGOING,https://www.linkedin.com/in/gkm563,https://www.linkedin.com/in/ritika99a
Gautam Kumar  Maurya,Sneh Patel,"2/20/26, 5:49 AM",,OUTGOING,https://www.linkedin.com/in/gkm563,https://www.linkedin.com/in/sneh-patel-310temp
Gautam Kumar  Maurya,Adya Agarwal,"2/20/26, 5:49 AM",,OUTGOING,https://www.linkedin.com/in/gkm563,https://www.linkedin.com/in/adya-agarwal16
Gautam Kumar  Maurya,Nupur Goyal,"2/20/26, 5:49 AM",,OUTGOING,https://www.linkedin.com/in/gkm563,https://www.linkedin.com/in/ngoyal10
Gautam Kumar  Maurya,Sahaj Srivastava,"2/20/26, 5:49 AM",,OUTGOING,https://www.linkedin.com/in/gkm563,https://www.linkedin.com/in/sahaj96
Gautam Kumar  Maurya,Tejaswee Singh,"2/20/26, 5:49 AM",,OUTGOING,https://www.linkedin.com/in/gkm563,https://www.linkedin.com/in/tejaswee-singh
Gautam Kumar  Maurya,Ankit Gupta,"2/20/26, 5:49 AM",,OUTGOING,https://www.linkedin.com/in/gkm563,https://www.linkedin.com/in/ankit-gupta-58a16a283
Gautam Kumar  Maurya,Raj Kushwaha,"2/20/26, 5:49 AM",,OUTGOING,https://www.linkedin.com/in/gkm563,https://www.linkedin.com/in/kushwaharaj
Gautam Kumar  Maurya,Abhishek Patel,"2/20/26, 5:49 AM",,OUTGOING,https://www.linkedin.com/in/gkm563,https://www.linkedin.com/in/meabhishekpatel
Gautam Kumar  Maurya,Sumit Verma,"2/20/26, 5:49 AM",,OUTGOING,https://www.linkedin.com/in/gkm563,https://www.linkedin.com/in/sumit-verma-smt
Gautam Kumar  Maurya,Vishal Patel,"2/20/26, 5:49 AM",,OUTGOING,https://www.linkedin.com/in/gkm563,https://www.linkedin.com/in/im0vishal
Gautam Kumar  Maurya,Shivansh Mishra,"2/20/26, 5:49 AM",,OUTGOING,https://www.linkedin.com/in/gkm563,https://www.linkedin.com/in/shivansh-mishra-2four3
Gautam Kumar  Maurya,Manish Bhukar,"2/20/26, 5:49 AM",,OUTGOING,https://www.linkedin.com/in/gkm563,https://www.linkedin.com/in/manish-bhukar
Gautam Kumar  Maurya,Mrinal Varshney,"2/20/26, 5:49 AM",,OUTGOING,https://www.linkedin.com/in/gkm563,https://www.linkedin.com/in/mrinal-varshney-971a27250
Gautam Kumar  Maurya,Shreeram Goliya,"2/20/26, 5:48 AM",,OUTGOING,https://www.linkedin.com/in/gkm563,https://www.linkedin.com/in/shreeramgoliya
Gautam Kumar  Maurya,Dheeraj Vuddagiri,"2/20/26, 5:47 AM",,OUTGOING,https://www.linkedin.com/in/gkm563,https://www.linkedin.com/in/dheeraj-vuddagiri-1b492b291
Gautam Kumar  Maurya,K Venkat Sai Chandra,"2/20/26, 5:47 AM",,OUTGOING,https://www.linkedin.com/in/gkm563,https://www.linkedin.com/in/k-venkat-sai-chandra-7931a3261
Gautam Kumar  Maurya,Sneha Verma,"2/20/26, 5:47 AM",,OUTGOING,https://www.linkedin.com/in/gkm563,https://www.linkedin.com/in/snehav2
Gautam Kumar  Maurya,Harshit Shukla,"2/20/26, 5:47 AM",,OUTGOING,https://www.linkedin.com/in/gkm563,https://www.linkedin.com/in/harshitshukla1729
Gautam Kumar  Maurya,Tanishka Thakur,"2/20/26, 5:47 AM",,OUTGOING,https://www.linkedin.com/in/gkm563,https://www.linkedin.com/in/tanishka-thakur-915893250
Gautam Kumar  Maurya,Yashashvi Singh,"2/20/26, 5:47 AM",,OUTGOING,https://www.linkedin.com/in/gkm563,https://www.linkedin.com/in/yashashvi-singh00
Gautam Kumar  Maurya,Rajnandini Patel,"2/20/26, 5:47 AM",,OUTGOING,https://www.linkedin.com/in/gkm563,https://www.linkedin.com/in/rajnandinipatel31
Gautam Kumar  Maurya,Aayush Dhingra,"2/20/26, 5:47 AM",,OUTGOING,https://www.linkedin.com/in/gkm563,https://www.linkedin.com/in/aayush-dhingra-261902255
Gautam Kumar  Maurya,Gantavya Rohatgi,"2/20/26, 5:47 AM",,OUTGOING,https://www.linkedin.com/in/gkm563,https://www.linkedin.com/in/gantavyarohatgi
Gautam Kumar  Maurya,Yash Malav,"2/20/26, 5:47 AM",,OUTGOING,https://www.linkedin.com/in/gkm563,https://www.linkedin.com/in/yashmalav945
Gautam Kumar  Maurya,Sushmit Patel,"2/20/26, 5:47 AM",,OUTGOING,https://www.linkedin.com/in/gkm563,https://www.linkedin.com/in/sushmit-patel-181063258
Gautam Kumar  Maurya,Pramod Biradar,"2/20/26, 5:47 AM",,OUTGOING,https://www.linkedin.com/in/gkm563,https://www.linkedin.com/in/pramodbiradar
Gautam Kumar  Maurya,Utsav Kasvala,"2/20/26, 5:47 AM",,OUTGOING,https://www.linkedin.com/in/gkm563,https://www.linkedin.com/in/utsav-kasvala-239786280
Gautam Kumar  Maurya,Satyam Prajapati,"2/20/26, 5:46 AM",,OUTGOING,https://www.linkedin.com/in/gkm563,https://www.linkedin.com/in/mrstmcpp
Gautam Kumar  Maurya,Ravula Koushal Sai,"2/20/26, 5:47 AM",,OUTGOING,https://www.linkedin.com/in/gkm563,https://www.linkedin.com/in/koushal12
Gautam Kumar  Maurya,Ashutosh Patel,"2/20/26, 5:47 AM",,OUTGOING,https://www.linkedin.com/in/gkm563,https://www.linkedin.com/in/ashutosh-patel9443
Gautam Kumar  Maurya,Shivansh Singh,"2/20/26, 5:46 AM",,OUTGOING,https://www.linkedin.com/in/gkm563,https://www.linkedin.com/in/shivansh-singh112
Gautam Kumar  Maurya,Ashutosh  Singh,"2/20/26, 5:47 AM",,OUTGOING,https://www.linkedin.com/in/gkm563,https://www.linkedin.com/in/ashutosh-singh-836597300
Gautam Kumar  Maurya,Atul Jaiswal,"2/20/26, 5:47 AM",,OUTGOING,https://www.linkedin.com/in/gkm563,https://www.linkedin.com/in/atul-jaiswal-1882541b9
Gautam Kumar  Maurya,DIVYANSHU YADAV,"2/20/26, 5:46 AM",,OUTGOING,https://www.linkedin.com/in/gkm563,https://www.linkedin.com/in/divyanshu-yadav-506506274
Gautam Kumar  Maurya,Lokesh Garg,"2/20/26, 5:46 AM",,OUTGOING,https://www.linkedin.com/in/gkm563,https://www.linkedin.com/in/lokeshgarg90
Gautam Kumar  Maurya,Gaurav Sirohia,"2/20/26, 5:46 AM",,OUTGOING,https://www.linkedin.com/in/gkm563,https://www.linkedin.com/in/gaurav-sirohia-46132324a
Gautam Kumar  Maurya,Ujjwal Baranwal,"2/20/26, 5:46 AM",,OUTGOING,https://www.linkedin.com/in/gkm563,https://www.linkedin.com/in/ujjwal-baranwal3294
Gautam Kumar  Maurya,Sarthak Porwal,"2/20/26, 5:45 AM",,OUTGOING,https://www.linkedin.com/in/gkm563,https://www.linkedin.com/in/sarthak-porwal
Gautam Kumar  Maurya,Harshitaa Kashyap,"2/20/26, 5:45 AM",,OUTGOING,https://www.linkedin.com/in/gkm563,https://www.linkedin.com/in/harshitaa-kashyap
Gautam Kumar  Maurya,Siddharth Chaubal,"2/20/26, 5:44 AM",,OUTGOING,https://www.linkedin.com/in/gkm563,https://www.linkedin.com/in/siddharth-chaubal-473aaa257
Gautam Kumar  Maurya,Krishna Gupta,"2/20/26, 5:44 AM",,OUTGOING,https://www.linkedin.com/in/gkm563,https://www.linkedin.com/in/krishna-gupta-a0a525252
Gautam Kumar  Maurya,Amaan Arif,"2/20/26, 5:44 AM",,OUTGOING,https://www.linkedin.com/in/gkm563,https://www.linkedin.com/in/amaan755
Gautam Kumar  Maurya,Prachi Aggarwal,"2/20/26, 5:44 AM",,OUTGOING,https://www.linkedin.com/in/gkm563,https://www.linkedin.com/in/prachi-aggarwal-12096a360
Gautam Kumar  Maurya,Vaishnavi Tiwari,"2/20/26, 5:44 AM",,OUTGOING,https://www.linkedin.com/in/gkm563,https://www.linkedin.com/in/vaishnavi704
Gautam Kumar  Maurya,Mayank kumar,"2/20/26, 5:44 AM",,OUTGOING,https://www.linkedin.com/in/gkm563,https://www.linkedin.com/in/mayank2003
Gautam Kumar  Maurya,Shikhar Gupta,"2/20/26, 5:44 AM",,OUTGOING,https://www.linkedin.com/in/gkm563,https://www.linkedin.com/in/shikhargupta812
Gautam Kumar  Maurya,Mangal Gupta,"2/20/26, 5:41 AM",,OUTGOING,https://www.linkedin.com/in/gkm563,https://www.linkedin.com/in/mangalgupta004
Gautam Kumar  Maurya,Vaibhav Sharma,"2/20/26, 5:41 AM",,OUTGOING,https://www.linkedin.com/in/gkm563,https://www.linkedin.com/in/vaibhav-sharma-63b7a726a
Gautam Kumar  Maurya,Anshul Chaturvedi,"2/20/26, 5:42 AM",,OUTGOING,https://www.linkedin.com/in/gkm563,https://www.linkedin.com/in/anshul-chaturvedi-b5371b264
Gautam Kumar  Maurya,Aviral Mishra,"2/20/26, 5:41 AM",,OUTGOING,https://www.linkedin.com/in/gkm563,https://www.linkedin.com/in/aviral-mishra-india
Gautam Kumar  Maurya,Ayushman Tiwari,"2/20/26, 5:41 AM",,OUTGOING,https://www.linkedin.com/in/gkm563,https://www.linkedin.com/in/ayushman-tiwari-a7807b243
Gautam Kumar  Maurya,ISEA Phase - III Project NFSU Gandhinagar ,"2/18/26, 7:24 PM",,OUTGOING,https://www.linkedin.com/in/gkm563,https://www.linkedin.com/in/isea-phase-iii-project-nfsu-gandhinagar-88680234a
Gautam Kumar  Maurya,Vineet Shukla,"2/18/26, 4:29 PM",,OUTGOING,https://www.linkedin.com/in/gkm563,https://www.linkedin.com/in/vineet-shukla-47b432251
Gautam Kumar  Maurya,Angel Gautam,"2/18/26, 4:28 PM",,OUTGOING,https://www.linkedin.com/in/gkm563,https://www.linkedin.com/in/angel-gautam-04810022a
Gautam Kumar  Maurya,Kumari Aditi,"2/18/26, 4:27 PM",,OUTGOING,https://www.linkedin.com/in/gkm563,https://www.linkedin.com/in/kumari-aditi-70a135212
Gautam Kumar  Maurya,Ayush Kesharwani,"2/18/26, 4:26 PM",,OUTGOING,https://www.linkedin.com/in/gkm563,https://www.linkedin.com/in/ayush-kesharwani-2277b5282
Gautam Kumar  Maurya,Aayush Saini,"2/18/26, 4:26 PM",,OUTGOING,https://www.linkedin.com/in/gkm563,https://www.linkedin.com/in/aayush-sainii
Gautam Kumar  Maurya,Preeti Patel,"2/18/26, 4:26 PM",,OUTGOING,https://www.linkedin.com/in/gkm563,https://www.linkedin.com/in/preeti-patel-a91406331
Gautam Kumar  Maurya,ADITYA SRIVASTAVA,"2/18/26, 6:05 AM",,OUTGOING,https://www.linkedin.com/in/gkm563,https://www.linkedin.com/in/aditya-srivastava-740464353
Gautam Kumar  Maurya,Arpit Jatav,"2/18/26, 3:47 AM",,OUTGOING,https://www.linkedin.com/in/gkm563,https://www.linkedin.com/in/arpit-jatav
Gautam Kumar  Maurya,Abhijeet Raj,"2/18/26, 3:46 AM",,OUTGOING,https://www.linkedin.com/in/gkm563,https://www.linkedin.com/in/abhijeetraj1712
Gautam Kumar  Maurya,Gaurav Joshi,"2/17/26, 4:03 PM",,OUTGOING,https://www.linkedin.com/in/gkm563,https://www.linkedin.com/in/gaurav-joshi-b32b172a3
Gautam Kumar  Maurya,Mohammed Jaid,"2/17/26, 5:37 AM",,OUTGOING,https://www.linkedin.com/in/gkm563,https://www.linkedin.com/in/mohammedjaid
Gautam Kumar  Maurya,Cristina Stefan,"2/15/26, 4:14 PM",,OUTGOING,https://www.linkedin.com/in/gkm563,https://www.linkedin.com/in/stefancristina
Gautam Kumar  Maurya,Pranjal Singh,"2/15/26, 4:13 PM",,OUTGOING,https://www.linkedin.com/in/gkm563,https://www.linkedin.com/in/pranjal-singh-146986158
Gautam Kumar  Maurya,Akanksha Pandey,"2/14/26, 5:43 PM",,OUTGOING,https://www.linkedin.com/in/gkm563,https://www.linkedin.com/in/akanksha-pandey-5a7b06329
Gautam Kumar  Maurya,Khushi Jagga,"2/14/26, 10:31 AM",,OUTGOING,https://www.linkedin.com/in/gkm563,https://www.linkedin.com/in/khushi-jagga21
Gautam Kumar  Maurya,Aishwarya P.,"2/14/26, 10:30 AM",,OUTGOING,https://www.linkedin.com/in/gkm563,https://www.linkedin.com/in/patilaishwaryaengineer
Gautam Kumar  Maurya,Rajiv Shukla,"2/14/26, 12:29 AM",,OUTGOING,https://www.linkedin.com/in/gkm563,https://www.linkedin.com/in/rajiv-shukla-45563b28a
Gautam Kumar  Maurya,Ritika Budhiraja,"2/14/26, 12:29 AM",,OUTGOING,https://www.linkedin.com/in/gkm563,https://www.linkedin.com/in/ritika-budhiraja-
Gautam Kumar  Maurya,Ritik Kumar,"2/14/26, 12:29 AM",,OUTGOING,https://www.linkedin.com/in/gkm563,https://www.linkedin.com/in/ritik-kumar-3bb19a175
Gautam Kumar  Maurya,Anushka Sharma,"2/14/26, 12:29 AM",,OUTGOING,https://www.linkedin.com/in/gkm563,https://www.linkedin.com/in/anushkasharma008
Gautam Kumar  Maurya,Arnav Singla,"2/14/26, 12:29 AM",,OUTGOING,https://www.linkedin.com/in/gkm563,https://www.linkedin.com/in/arnav-singla-5683432a3
Gautam Kumar  Maurya,Pratham Jaiswal,"2/14/26, 12:21 AM",,OUTGOING,https://www.linkedin.com/in/gkm563,https://www.linkedin.com/in/pratham-jaiswal-97721a238
Gautam Kumar  Maurya,Ayush Singh,"2/14/26, 12:21 AM",,OUTGOING,https://www.linkedin.com/in/gkm563,https://www.linkedin.com/in/ayush-singh54
Gautam Kumar  Maurya,Dheeraj Jain,"2/14/26, 12:21 AM",,OUTGOING,https://www.linkedin.com/in/gkm563,https://www.linkedin.com/in/dheeraj-jain-4961352
Gautam Kumar  Maurya,Jawahar Lal Singh,"2/13/26, 6:59 PM",,OUTGOING,https://www.linkedin.com/in/gkm563,https://www.linkedin.com/in/jawahar-lal-singh-0318b9341
Gautam Kumar  Maurya,Shiva__ R,"2/13/26, 6:58 PM",,OUTGOING,https://www.linkedin.com/in/gkm563,https://www.linkedin.com/in/shiva-r-249b32324
Gautam Kumar  Maurya,Lalit Verma,"2/13/26, 6:58 PM",,OUTGOING,https://www.linkedin.com/in/gkm563,https://www.linkedin.com/in/lalit-verma-09b66a351
Gautam Kumar  Maurya,Ram Ji Kumar,"2/13/26, 6:58 PM",,OUTGOING,https://www.linkedin.com/in/gkm563,https://www.linkedin.com/in/ram-ji-kumar-621499342
Gautam Kumar  Maurya,Lakshya Gupta,"2/13/26, 10:10 AM",,OUTGOING,https://www.linkedin.com/in/gkm563,https://www.linkedin.com/in/lakshya-gupta-211375294
Gautam Kumar  Maurya,Aditya Singh Bagri,"2/13/26, 10:10 AM",,OUTGOING,https://www.linkedin.com/in/gkm563,https://www.linkedin.com/in/aditya-singh-bagri00a0088
Gautam Kumar  Maurya,Amitanshu Rai,"2/13/26, 10:10 AM",,OUTGOING,https://www.linkedin.com/in/gkm563,https://www.linkedin.com/in/amitanshu-rai-7914a222b
Gautam Kumar  Maurya,Anshul Nimore,"2/11/26, 2:19 AM",,OUTGOING,https://www.linkedin.com/in/gkm563,https://www.linkedin.com/in/anshul-n262005
Gautam Kumar  Maurya,Sujal Nagpal,"2/11/26, 2:18 AM",,OUTGOING,https://www.linkedin.com/in/gkm563,https://www.linkedin.com/in/sujal-nagpal-3292b0311
Gautam Kumar  Maurya,Priyanshu Agrawal,"2/10/26, 11:05 AM",,OUTGOING,https://www.linkedin.com/in/gkm563,https://www.linkedin.com/in/priyanshu-agrawal-b9197626a
Gautam Kumar  Maurya,Nandini Saxena ,"2/10/26, 9:37 AM",,OUTGOING,https://www.linkedin.com/in/gkm563,https://www.linkedin.com/in/nandini-saxena1111
Gautam Kumar  Maurya,Vishal Mishra,"2/6/26, 7:49 PM",,OUTGOING,https://www.linkedin.com/in/gkm563,https://www.linkedin.com/in/uavishal777
Gautam Kumar  Maurya,Sakshi Maurya,"1/30/26, 6:34 PM",,OUTGOING,https://www.linkedin.com/in/gkm563,https://www.linkedin.com/in/sakshi-maurya-ab8584339
Gautam Kumar  Maurya,Aashvi Maurya,"1/18/26, 7:01 AM",,OUTGOING,https://www.linkedin.com/in/gkm563,https://www.linkedin.com/in/aashvi-maurya
Gautam Kumar  Maurya,Pratham Sharma,"1/17/26, 2:36 AM",,OUTGOING,https://www.linkedin.com/in/gkm563,https://www.linkedin.com/in/prathams20
Gautam Kumar  Maurya,Khushi Singh,"1/17/26, 2:20 AM",,OUTGOING,https://www.linkedin.com/in/gkm563,https://www.linkedin.com/in/khushi-singh-51b0a22b7
Gautam Kumar  Maurya,Priyanshi .,"1/11/26, 5:29 PM",,OUTGOING,https://www.linkedin.com/in/gkm563,https://www.linkedin.com/in/priyansshi-i
Gautam Kumar  Maurya,Nusrath Begum,"1/11/26, 5:07 PM",,OUTGOING,https://www.linkedin.com/in/gkm563,https://www.linkedin.com/in/nusrath-begum-281684294
Gautam Kumar  Maurya,Akshith Gandla,"1/11/26, 5:07 PM",,OUTGOING,https://www.linkedin.com/in/gkm563,https://www.linkedin.com/in/akshith-gandla
Gautam Kumar  Maurya,Arnab Mondal,"1/11/26, 5:07 PM",,OUTGOING,https://www.linkedin.com/in/gkm563,https://www.linkedin.com/in/arnabmondaldev
Gautam Kumar  Maurya,Himanshu Markam,"1/11/26, 5:06 PM",,OUTGOING,https://www.linkedin.com/in/gkm563,https://www.linkedin.com/in/himanshu-markam-005310319
Gautam Kumar  Maurya,Sameep Shukla,"1/11/26, 5:06 PM",,OUTGOING,https://www.linkedin.com/in/gkm563,https://www.linkedin.com/in/sameepshukla
Gautam Kumar  Maurya,Pallavi Agrawal,"1/11/26, 5:06 PM",,OUTGOING,https://www.linkedin.com/in/gkm563,https://www.linkedin.com/in/pallavi-agrawal-learner
Gautam Kumar  Maurya,Arman Sayyad,"1/11/26, 5:06 PM",,OUTGOING,https://www.linkedin.com/in/gkm563,https://www.linkedin.com/in/arman-sayyad-dev
Gautam Kumar  Maurya,Sarthak G.,"1/11/26, 5:02 PM",,OUTGOING,https://www.linkedin.com/in/gkm563,https://www.linkedin.com/in/sarthak-gupta-webdev
Gautam Kumar  Maurya,AMAN MISHRA,"1/10/26, 10:04 AM",,OUTGOING,https://www.linkedin.com/in/gkm563,https://www.linkedin.com/in/aman-mishra-9b8353233
Gautam Kumar  Maurya,Pawan Kumar,"1/10/26, 10:03 AM",,OUTGOING,https://www.linkedin.com/in/gkm563,https://www.linkedin.com/in/pawan-kumar-b1427a244
Gautam Kumar  Maurya,Ruchi Sinha,"1/10/26, 10:03 AM",,OUTGOING,https://www.linkedin.com/in/gkm563,https://www.linkedin.com/in/ruchi-sinha-36700b198
Gautam Kumar  Maurya,Samarth Bhatnagar,"1/10/26, 8:37 AM",,OUTGOING,https://www.linkedin.com/in/gkm563,https://www.linkedin.com/in/samarth-bhatnagar-811890318
Gautam Kumar  Maurya,Divyani Chauhan,"1/7/26, 8:24 PM",,OUTGOING,https://www.linkedin.com/in/gkm563,https://www.linkedin.com/in/divyani-chauhan-4bab451ab
Gautam Kumar  Maurya,Shivani Sharma,"1/7/26, 8:24 PM",,OUTGOING,https://www.linkedin.com/in/gkm563,https://www.linkedin.com/in/shivanibbc22
Gautam Kumar  Maurya,Riya .,"1/6/26, 3:56 PM",,OUTGOING,https://www.linkedin.com/in/gkm563,https://www.linkedin.com/in/riya004
Gautam Kumar  Maurya,Arpita Raj,"1/6/26, 3:52 PM",,OUTGOING,https://www.linkedin.com/in/gkm563,https://www.linkedin.com/in/arpita-raj-505010249
Gautam Kumar  Maurya,Disha Jain,"1/6/26, 12:17 AM",,OUTGOING,https://www.linkedin.com/in/gkm563,https://www.linkedin.com/in/disha-jain-3b6b41256
Gautam Kumar  Maurya,Sayali Gajbe,"1/6/26, 12:17 AM",,OUTGOING,https://www.linkedin.com/in/gkm563,https://www.linkedin.com/in/sayali-gajbe-2313a223b
Gautam Kumar  Maurya,Harshit Maheshwari,"1/6/26, 12:06 AM",,OUTGOING,https://www.linkedin.com/in/gkm563,https://www.linkedin.com/in/harshit-maheshwari-a90a18311
Gautam Kumar  Maurya,Siddharth Pandey,"1/1/26, 11:35 PM",,OUTGOING,https://www.linkedin.com/in/gkm563,https://www.linkedin.com/in/siddharth-pandey-9b8619357
Gautam Kumar  Maurya,SHIVAM SAINI,"12/30/25, 5:13 PM",,OUTGOING,https://www.linkedin.com/in/gkm563,https://www.linkedin.com/in/shivam-saini-248158236
Gautam Kumar  Maurya,Anushree Parmar,"12/30/25, 4:00 AM",,OUTGOING,https://www.linkedin.com/in/gkm563,https://www.linkedin.com/in/anushree-parmar-303ap
Gautam Kumar  Maurya,Dr  Anuj Kumar Sharma,"12/28/25, 10:49 PM",,OUTGOING,https://www.linkedin.com/in/gkm563,https://www.linkedin.com/in/dr-anuj-kumar-sharma-b85b3418
Gautam Kumar  Maurya,Abu Bakar,"12/28/25, 10:46 PM",,OUTGOING,https://www.linkedin.com/in/gkm563,https://www.linkedin.com/in/abu-bakar-49095a28a
Gautam Kumar  Maurya,Arunav Saikia,"12/28/25, 10:46 PM",,OUTGOING,https://www.linkedin.com/in/gkm563,https://www.linkedin.com/in/arunavsaikia
Gautam Kumar  Maurya,Shivani Panwar,"12/26/25, 3:41 PM",,OUTGOING,https://www.linkedin.com/in/gkm563,https://www.linkedin.com/in/shivani-panwar-35aa51396
Gautam Kumar  Maurya,Yash .,"12/26/25, 3:40 PM",,OUTGOING,https://www.linkedin.com/in/gkm563,https://www.linkedin.com/in/yash-b38aa7256
Gautam Kumar  Maurya,Priyanshi Roy,"12/24/25, 2:54 AM",,OUTGOING,https://www.linkedin.com/in/gkm563,https://www.linkedin.com/in/priyanshiroy
Gautam Kumar  Maurya,Rasheeda Begum,"12/23/25, 2:17 AM",,OUTGOING,https://www.linkedin.com/in/gkm563,https://www.linkedin.com/in/rasheeda-begum-13465b30a
Gautam Kumar  Maurya,Muzamil Akbar,"12/16/25, 10:25 AM",,OUTGOING,https://www.linkedin.com/in/gkm563,https://www.linkedin.com/in/muzamil-akbar-93276127b
Gautam Kumar  Maurya,Rishabh Yadav,"12/9/25, 9:16 AM",,OUTGOING,https://www.linkedin.com/in/gkm563,https://www.linkedin.com/in/rishabh-yadav-a4535319b
Gautam Kumar  Maurya,Sambhav Manohar,"12/9/25, 9:15 AM",,OUTGOING,https://www.linkedin.com/in/gkm563,https://www.linkedin.com/in/sambhav-manohar-77539725b
Gautam Kumar  Maurya,Sawez Faisal,"12/9/25, 8:42 AM",,OUTGOING,https://www.linkedin.com/in/gkm563,https://www.linkedin.com/in/sawezfaisal
Gautam Kumar  Maurya,Deveshi Mani Tripathi,"12/8/25, 11:32 PM",,OUTGOING,https://www.linkedin.com/in/gkm563,https://www.linkedin.com/in/deveshi-mani-tripathi-51972924a
Gautam Kumar  Maurya,Obaidur Rahman,"12/3/25, 10:55 PM",,OUTGOING,https://www.linkedin.com/in/gkm563,https://www.linkedin.com/in/obaidur-rahman-606895329
Gautam Kumar  Maurya,Md Kaif,"12/3/25, 12:07 AM",,OUTGOING,https://www.linkedin.com/in/gkm563,https://www.linkedin.com/in/mdkaif
Gautam Kumar  Maurya,Naresh Kushwaha,"11/25/25, 6:08 PM",,OUTGOING,https://www.linkedin.com/in/gkm563,https://www.linkedin.com/in/naresh-kushwaha-096514284
Gautam Kumar  Maurya,Kalpesh Bansal,"11/25/25, 6:08 PM",,OUTGOING,https://www.linkedin.com/in/gkm563,https://www.linkedin.com/in/kalpesh-bansal
Gautam Kumar  Maurya,Atul Gupta,"11/25/25, 6:08 PM",,OUTGOING,https://www.linkedin.com/in/gkm563,https://www.linkedin.com/in/atul-ag
Gautam Kumar  Maurya,Aaveg prajapati,"11/25/25, 6:08 PM",,OUTGOING,https://www.linkedin.com/in/gkm563,https://www.linkedin.com/in/aaveg-prajapati-b67489240
Gautam Kumar  Maurya,Anula Vishwakarma,"11/25/25, 6:08 PM",,OUTGOING,https://www.linkedin.com/in/gkm563,https://www.linkedin.com/in/anula-vishwakarma-425674295
Gautam Kumar  Maurya,Abhijeet Kumar,"11/25/25, 6:08 PM",,OUTGOING,https://www.linkedin.com/in/gkm563,https://www.linkedin.com/in/abhijeet-kumar0
Gautam Kumar  Maurya,Muballigh Ameer,"11/25/25, 6:07 PM",,OUTGOING,https://www.linkedin.com/in/gkm563,https://www.linkedin.com/in/muballigh-ameer-8a7730333
Gautam Kumar  Maurya,Vandana Rai,"11/25/25, 6:07 PM",,OUTGOING,https://www.linkedin.com/in/gkm563,https://www.linkedin.com/in/thevandanarai
Gautam Kumar  Maurya,Monika Kain,"11/18/25, 3:11 AM",,OUTGOING,https://www.linkedin.com/in/gkm563,https://www.linkedin.com/in/monika-kain-48862347
Gautam Kumar  Maurya,Sahil Khanna,"11/17/25, 7:13 PM",,OUTGOING,https://www.linkedin.com/in/gkm563,https://www.linkedin.com/in/sahil-khanna-940905331
Gautam Kumar  Maurya,Anushka Gupta,"11/13/25, 7:49 AM",,OUTGOING,https://www.linkedin.com/in/gkm563,https://www.linkedin.com/in/anushka81210
Gautam Kumar  Maurya,Sandeep Kumar,"11/11/25, 4:22 PM",,OUTGOING,https://www.linkedin.com/in/gkm563,https://www.linkedin.com/in/sandy9549
Gautam Kumar  Maurya,MANBIR SINGH,"11/8/25, 8:13 AM",,OUTGOING,https://www.linkedin.com/in/gkm563,https://www.linkedin.com/in/manbir-singh-5222a124a
Gautam Kumar  Maurya,ANKIT NAYAK,"11/7/25, 7:23 AM",,OUTGOING,https://www.linkedin.com/in/gkm563,https://www.linkedin.com/in/ankit-nayak-b97a92369
Gautam Kumar  Maurya,Taha Khan,"11/6/25, 7:03 PM",,OUTGOING,https://www.linkedin.com/in/gkm563,https://www.linkedin.com/in/taha-khan-384029364
Gautam Kumar  Maurya,Lalitha Malla,"11/2/25, 1:34 AM",,OUTGOING,https://www.linkedin.com/in/gkm563,https://www.linkedin.com/in/lalitha-malla-135ba024
Gautam Kumar  Maurya,parineeta jha,"11/2/25, 1:34 AM",,OUTGOING,https://www.linkedin.com/in/gkm563,https://www.linkedin.com/in/parineeta-jha-33a75897
Gautam Kumar  Maurya,Charmi Dodiya,"11/1/25, 11:27 AM",,OUTGOING,https://www.linkedin.com/in/gkm563,https://www.linkedin.com/in/charmidodiya
Gautam Kumar  Maurya,Supriya Mishra,"11/29/25, 2:44 AM",,OUTGOING,https://www.linkedin.com/in/gkm563,https://www.linkedin.com/in/supriya-mishra-26184a24a
Gautam Kumar  Maurya,Suraj Kumar,"10/24/25, 8:57 AM",,OUTGOING,https://www.linkedin.com/in/gkm563,https://www.linkedin.com/in/suraj-kumar-ab5b31291
Gautam Kumar  Maurya,Gaurav Prakash Singh Khati,"10/23/25, 5:53 PM",,OUTGOING,https://www.linkedin.com/in/gkm563,https://www.linkedin.com/in/gaurav-prakash-singh-khati007
Gautam Kumar  Maurya,Rashmi Pandey,"10/23/25, 2:18 AM",,OUTGOING,https://www.linkedin.com/in/gkm563,https://www.linkedin.com/in/rasthetic-coder
Gautam Kumar  Maurya,Meraj Varid,"10/14/25, 12:59 AM",,OUTGOING,https://www.linkedin.com/in/gkm563,https://www.linkedin.com/in/meraj-varid-679637151
Gautam Kumar  Maurya,Dikshant Verma,"11/13/25, 7:49 AM",,OUTGOING,https://www.linkedin.com/in/gkm563,https://www.linkedin.com/in/dikshant-verma-25900320b
Gautam Kumar  Maurya,Dharsini Ashokkumar,"10/8/25, 6:56 PM",,OUTGOING,https://www.linkedin.com/in/gkm563,https://www.linkedin.com/in/dharsini-ashokkumar
Gautam Kumar  Maurya,Hem Srimanvith Pedda,"10/5/25, 11:39 AM",,OUTGOING,https://www.linkedin.com/in/gkm563,https://www.linkedin.com/in/hemsrimanvithpedda
Gautam Kumar  Maurya,Shivam Verma,"11/17/25, 7:12 PM",,OUTGOING,https://www.linkedin.com/in/gkm563,https://www.linkedin.com/in/shivamverma6760
Gautam Kumar  Maurya,Ashima Gupta,"9/20/25, 6:43 PM",,OUTGOING,https://www.linkedin.com/in/gkm563,https://www.linkedin.com/in/ashima-gupta-1b564b180
Gautam Kumar  Maurya,Neha Rajput,"9/20/25, 6:42 PM",,OUTGOING,https://www.linkedin.com/in/gkm563,https://www.linkedin.com/in/neha-rajput-8039a0229
Gautam Kumar  Maurya,Rohan Kunwar,"9/6/25, 6:56 AM",,OUTGOING,https://www.linkedin.com/in/gkm563,https://www.linkedin.com/in/rohan-kunwar
Gautam Kumar  Maurya,Divyanka Chaurasia,"9/2/25, 1:22 AM",,OUTGOING,https://www.linkedin.com/in/gkm563,https://www.linkedin.com/in/divyanka-chaurasia-670a9b284
UDAY TRIPATHI,Gautam Kumar  Maurya,"8/12/26, 10:12 AM",,INCOMING,https://www.linkedin.com/in/udaytripathiprg,https://www.linkedin.com/in/gkm563
Umang Singhal,Gautam Kumar  Maurya,"8/12/26, 10:07 AM",,INCOMING,https://www.linkedin.com/in/umang-singhal-774527380,https://www.linkedin.com/in/gkm563
Aditya Kumar,Gautam Kumar  Maurya,"8/12/26, 9:16 AM",,INCOMING,https://www.linkedin.com/in/aditya-kumar-632032238,https://www.linkedin.com/in/gkm563
Sandra Aceng,Gautam Kumar  Maurya,"8/12/26, 7:59 AM",,INCOMING,https://www.linkedin.com/in/sandraaceng,https://www.linkedin.com/in/gkm563
Palak Upadhyay,Gautam Kumar  Maurya,"8/11/26, 2:57 AM",,INCOMING,https://www.linkedin.com/in/palak-upadhyay-80a3b0418,https://www.linkedin.com/in/gkm563
Pramod Thapa,Gautam Kumar  Maurya,"8/11/26, 12:26 AM",,INCOMING,https://www.linkedin.com/in/pramod-thapa-701826427,https://www.linkedin.com/in/gkm563
Abhishek Singh,Gautam Kumar  Maurya,"8/10/26, 10:53 AM",,INCOMING,https://www.linkedin.com/in/abhishek-singh-892112366,https://www.linkedin.com/in/gkm563
Vakt Tripathi,Gautam Kumar  Maurya,"8/10/26, 8:46 AM",,INCOMING,https://www.linkedin.com/in/vakt-tripathi-05397a424,https://www.linkedin.com/in/gkm563
Rahul Singh,Gautam Kumar  Maurya,"8/10/26, 4:43 AM",,INCOMING,https://www.linkedin.com/in/rahul-singh-03851324a,https://www.linkedin.com/in/gkm563
Syed Abbas Jafri ,Gautam Kumar  Maurya,"8/10/26, 3:14 AM",,INCOMING,https://www.linkedin.com/in/syed-abbas-jafri-487667249,https://www.linkedin.com/in/gkm563
Tripti Kesarwani,Gautam Kumar  Maurya,"8/9/26, 9:25 AM",,INCOMING,https://www.linkedin.com/in/tripti-kesarwani-1a50483ba,https://www.linkedin.com/in/gkm563
Priyanshu  Kushwaha ,Gautam Kumar  Maurya,"8/9/26, 12:10 AM",,INCOMING,https://www.linkedin.com/in/priyanshu-kushwaha-4667a3397,https://www.linkedin.com/in/gkm563
Aaradhya Kumari,Gautam Kumar  Maurya,"8/8/26, 8:38 PM",,INCOMING,https://www.linkedin.com/in/aaradhya-kumari-b83096330,https://www.linkedin.com/in/gkm563
Abhishek Gupta,Gautam Kumar  Maurya,"8/8/26, 8:22 PM",,INCOMING,https://www.linkedin.com/in/abhishek-gupta-b9b9973a1,https://www.linkedin.com/in/gkm563
Piyush Dwivedi,Gautam Kumar  Maurya,"8/8/26, 8:12 PM",,INCOMING,https://www.linkedin.com/in/piyushdwivedi211001,https://www.linkedin.com/in/gkm563
Avijit Agarwal,Gautam Kumar  Maurya,"8/8/26, 8:05 PM",,INCOMING,https://www.linkedin.com/in/avijit-agarwal-a2063b374,https://www.linkedin.com/in/gkm563
 Nikhil Kumar Patel,Gautam Kumar  Maurya,"8/8/26, 8:45 AM",,INCOMING,https://www.linkedin.com/in/nikhil-kumar-patel-19518a422,https://www.linkedin.com/in/gkm563
Ayushi Singh,Gautam Kumar  Maurya,"8/8/26, 2:48 AM",,INCOMING,https://www.linkedin.com/in/ayushi-singh-1ba05a398,https://www.linkedin.com/in/gkm563
Shubh Bhalla,Gautam Kumar  Maurya,"8/8/26, 12:05 AM",,INCOMING,https://www.linkedin.com/in/shubh-bhalla-2b4231380,https://www.linkedin.com/in/gkm563
Shivansh Pandey,Gautam Kumar  Maurya,"8/7/26, 7:53 AM",,INCOMING,https://www.linkedin.com/in/shivanshpandey1245,https://www.linkedin.com/in/gkm563
Adrian  Cepero Corcho,Gautam Kumar  Maurya,"8/7/26, 1:19 AM",,INCOMING,https://www.linkedin.com/in/adrian-cepero-corcho-2516a2210,https://www.linkedin.com/in/gkm563
Deep Kumar,Gautam Kumar  Maurya,"8/6/26, 10:38 PM",,INCOMING,https://www.linkedin.com/in/deep-kumar-4b7917271,https://www.linkedin.com/in/gkm563
sheril sharma,Gautam Kumar  Maurya,"8/6/26, 4:14 PM",,INCOMING,https://www.linkedin.com/in/sheril-sharma-8538ba36b,https://www.linkedin.com/in/gkm563
Md Tousib Hasnat,Gautam Kumar  Maurya,"8/6/26, 11:58 AM",,INCOMING,https://www.linkedin.com/in/tousibhasnat,https://www.linkedin.com/in/gkm563
Mayank  Deshmukh,Gautam Kumar  Maurya,"8/6/26, 11:43 AM",,INCOMING,https://www.linkedin.com/in/mayank-deshmukh-218047303,https://www.linkedin.com/in/gkm563
Uttara Praveen,Gautam Kumar  Maurya,"8/6/26, 11:01 AM",,INCOMING,https://www.linkedin.com/in/uttara-praveen,https://www.linkedin.com/in/gkm563
Hafiz Waqas Akbar,Gautam Kumar  Maurya,"8/6/26, 8:50 AM",,INCOMING,https://www.linkedin.com/in/hafiz-waqas-akbar-486423210,https://www.linkedin.com/in/gkm563
Padmaa priya,Gautam Kumar  Maurya,"8/6/26, 8:38 AM",,INCOMING,https://www.linkedin.com/in/padmaa-priya-ai-ds,https://www.linkedin.com/in/gkm563
Prathamesh Sankpal,Gautam Kumar  Maurya,"8/6/26, 8:34 AM",,INCOMING,https://www.linkedin.com/in/prathamesh-sankpal-68b959353,https://www.linkedin.com/in/gkm563
Sudhakar Reddy,Gautam Kumar  Maurya,"8/6/26, 6:49 AM",,INCOMING,https://www.linkedin.com/in/sudhakar-reddy-7929a9280,https://www.linkedin.com/in/gkm563
Shivam Agrahari,Gautam Kumar  Maurya,"8/6/26, 4:35 AM",,INCOMING,https://www.linkedin.com/in/shivam-agrahari-587760379,https://www.linkedin.com/in/gkm563
Ashwin Kamath,Gautam Kumar  Maurya,"8/5/26, 11:53 PM",,INCOMING,https://www.linkedin.com/in/ashwin-kamath-429030130,https://www.linkedin.com/in/gkm563
PRABHAV RAJ,Gautam Kumar  Maurya,"8/5/26, 11:40 PM",,INCOMING,https://www.linkedin.com/in/prabhav-raj-8400472a0,https://www.linkedin.com/in/gkm563
Pawan Kumar Yadav,Gautam Kumar  Maurya,"8/5/26, 11:03 PM",,INCOMING,https://www.linkedin.com/in/pawan-kumar-yadav-b5936a3b4,https://www.linkedin.com/in/gkm563
Dhun Aadhar,Gautam Kumar  Maurya,"8/5/26, 9:37 PM",,INCOMING,https://www.linkedin.com/in/dhun-aadhar-7b3313305,https://www.linkedin.com/in/gkm563
Anshu Singh,Gautam Kumar  Maurya,"8/5/26, 8:10 PM",,INCOMING,https://www.linkedin.com/in/anshu-singh-795603303,https://www.linkedin.com/in/gkm563
Ankit Kumar,Gautam Kumar  Maurya,"8/5/26, 5:19 PM",,INCOMING,https://www.linkedin.com/in/ankit-kumar-44ab88305,https://www.linkedin.com/in/gkm563
Rankendra Singh,Gautam Kumar  Maurya,"8/5/26, 3:36 PM",,INCOMING,https://www.linkedin.com/in/rankendrasingh23,https://www.linkedin.com/in/gkm563
Harshit Hariyani,Gautam Kumar  Maurya,"8/5/26, 12:33 PM",,INCOMING,https://www.linkedin.com/in/harshit-hariyani,https://www.linkedin.com/in/gkm563
Sanika Gaikwad,Gautam Kumar  Maurya,"8/5/26, 11:56 AM",,INCOMING,https://www.linkedin.com/in/sanika-gaikwad-336335290,https://www.linkedin.com/in/gkm563
Abhishek Yadav,Gautam Kumar  Maurya,"8/5/26, 10:26 AM",,INCOMING,https://www.linkedin.com/in/abhishek-yadav-4606a2331,https://www.linkedin.com/in/gkm563
Mohith T,Gautam Kumar  Maurya,"8/5/26, 9:57 AM",,INCOMING,https://www.linkedin.com/in/mohith-t-600b87277,https://www.linkedin.com/in/gkm563
Arpitha T D,Gautam Kumar  Maurya,"8/5/26, 9:18 AM",,INCOMING,https://www.linkedin.com/in/arpitha-t-d-2a8382a2,https://www.linkedin.com/in/gkm563
Tanishka Chawla,Gautam Kumar  Maurya,"8/5/26, 8:22 AM",,INCOMING,https://www.linkedin.com/in/tanishka-chawla-aa0250311,https://www.linkedin.com/in/gkm563
D V Parinitha Murthy,Gautam Kumar  Maurya,"8/5/26, 6:39 AM",,INCOMING,https://www.linkedin.com/in/d-v-parinitha-murthy-b83277384,https://www.linkedin.com/in/gkm563
Adithi K,Gautam Kumar  Maurya,"8/5/26, 6:17 AM",,INCOMING,https://www.linkedin.com/in/i-adithi-k,https://www.linkedin.com/in/gkm563
Sagar Bisht,Gautam Kumar  Maurya,"8/5/26, 3:47 AM",,INCOMING,https://www.linkedin.com/in/itssagar11,https://www.linkedin.com/in/gkm563
Shreya Dwivedi,Gautam Kumar  Maurya,"8/5/26, 1:12 AM",,INCOMING,https://www.linkedin.com/in/shreya-dwivedi-494155223,https://www.linkedin.com/in/gkm563
Pankaj Kumar Maurya,Gautam Kumar  Maurya,"8/5/26, 12:56 AM",,INCOMING,https://www.linkedin.com/in/pankaj-kumar-maurya-6b4244230,https://www.linkedin.com/in/gkm563
Natvar Singh,Gautam Kumar  Maurya,"8/4/26, 11:45 PM",,INCOMING,https://www.linkedin.com/in/natvar4ensics,https://www.linkedin.com/in/gkm563
Mohd Mizan,Gautam Kumar  Maurya,"8/4/26, 8:01 PM",,INCOMING,https://www.linkedin.com/in/mohd-mizan-b5293b370,https://www.linkedin.com/in/gkm563
Nishant Jha,Gautam Kumar  Maurya,"8/4/26, 7:40 PM",,INCOMING,https://www.linkedin.com/in/nishant-jha777,https://www.linkedin.com/in/gkm563
Rajitha B,Gautam Kumar  Maurya,"8/4/26, 12:34 PM",,INCOMING,https://www.linkedin.com/in/rajitha-b-003889187,https://www.linkedin.com/in/gkm563
Bisma Hasnain,Gautam Kumar  Maurya,"8/4/26, 10:35 AM",,INCOMING,https://www.linkedin.com/in/bisma-hasnain-2a7559423,https://www.linkedin.com/in/gkm563
Rohit Kumar Tiwari,Gautam Kumar  Maurya,"8/4/26, 10:09 AM",,INCOMING,https://www.linkedin.com/in/rohit-kumar-tiwari-6a436a385,https://www.linkedin.com/in/gkm563
U Sakshi Rao,Gautam Kumar  Maurya,"8/4/26, 9:18 AM",,INCOMING,https://www.linkedin.com/in/u-sakshi-rao,https://www.linkedin.com/in/gkm563
Mamisoa RAVELOARITIANA,Gautam Kumar  Maurya,"8/4/26, 8:08 AM",,INCOMING,https://www.linkedin.com/in/mamisoa-raveloaritiana-33393a43,https://www.linkedin.com/in/gkm563
Alfhiya  M,Gautam Kumar  Maurya,"8/4/26, 6:08 AM",,INCOMING,https://www.linkedin.com/in/alfhiya-m-1933943bb,https://www.linkedin.com/in/gkm563
Deepratan Kushwaha,Gautam Kumar  Maurya,"8/4/26, 2:52 AM",,INCOMING,https://www.linkedin.com/in/deepratankushwaha,https://www.linkedin.com/in/gkm563
Sudhanshu Kumar Jha,Gautam Kumar  Maurya,"8/4/26, 2:39 AM",,INCOMING,https://www.linkedin.com/in/sudhanshu100,https://www.linkedin.com/in/gkm563
Amar Kumar,Gautam Kumar  Maurya,"8/4/26, 2:21 AM",,INCOMING,https://www.linkedin.com/in/amar-kumar-79b179320,https://www.linkedin.com/in/gkm563
KRISHNA KANOJIYA,Gautam Kumar  Maurya,"8/4/26, 1:02 AM",,INCOMING,https://www.linkedin.com/in/krishna-kanojiya,https://www.linkedin.com/in/gkm563
Nitin Maurya,Gautam Kumar  Maurya,"8/3/26, 11:32 PM",,INCOMING,https://www.linkedin.com/in/nitinmaurya00,https://www.linkedin.com/in/gkm563
Moksh Shah,Gautam Kumar  Maurya,"8/3/26, 9:33 PM",,INCOMING,https://www.linkedin.com/in/moksh-shah-72a32a409,https://www.linkedin.com/in/gkm563
Gautam Sharma,Gautam Kumar  Maurya,"8/3/26, 8:58 PM",,INCOMING,https://www.linkedin.com/in/gautam-sharma-0aa877396,https://www.linkedin.com/in/gkm563
Harshita sahu,Gautam Kumar  Maurya,"8/3/26, 8:37 PM",,INCOMING,https://www.linkedin.com/in/harshita-sahu-387b6a398,https://www.linkedin.com/in/gkm563
SWATHI UPPUNUTHALA ,Gautam Kumar  Maurya,"8/3/26, 6:18 PM",,INCOMING,https://www.linkedin.com/in/swathi-uppunuthala-469207322,https://www.linkedin.com/in/gkm563
Sreejith M,Gautam Kumar  Maurya,"8/3/26, 11:14 AM",,INCOMING,https://www.linkedin.com/in/sreejith-m-1b27b2321,https://www.linkedin.com/in/gkm563
Samir Anand,Gautam Kumar  Maurya,"8/3/26, 9:26 AM",,INCOMING,https://www.linkedin.com/in/samir-anand,https://www.linkedin.com/in/gkm563
Anshika S Maurya,Gautam Kumar  Maurya,"8/3/26, 8:35 AM",,INCOMING,https://www.linkedin.com/in/anshika-s-maurya-a482822bb,https://www.linkedin.com/in/gkm563
Rajat Yadav,Gautam Kumar  Maurya,"8/3/26, 5:51 AM",,INCOMING,https://www.linkedin.com/in/rajat-yadav-9604531a2,https://www.linkedin.com/in/gkm563
Bakya Lakshmi,Gautam Kumar  Maurya,"8/3/26, 12:36 AM",,INCOMING,https://www.linkedin.com/in/bakya-lakshmi,https://www.linkedin.com/in/gkm563
Rakesh Kumar,Gautam Kumar  Maurya,"8/2/26, 10:51 PM",,INCOMING,https://www.linkedin.com/in/rakesh-kumar-474512245,https://www.linkedin.com/in/gkm563
Muhammad Saad Raza,Gautam Kumar  Maurya,"8/2/26, 8:02 PM",,INCOMING,https://www.linkedin.com/in/muhammad-saad-raza,https://www.linkedin.com/in/gkm563
Divyanshu  Mishra,Gautam Kumar  Maurya,"8/2/26, 7:55 PM",,INCOMING,https://www.linkedin.com/in/divyanshu-mishra-734437327,https://www.linkedin.com/in/gkm563
Lukman Singla,Gautam Kumar  Maurya,"8/2/26, 11:41 AM",,INCOMING,https://www.linkedin.com/in/lukman-singla-4542bb3a3,https://www.linkedin.com/in/gkm563
MITHA M K,Gautam Kumar  Maurya,"8/2/26, 10:58 AM",,INCOMING,https://www.linkedin.com/in/mitha-m-k-700b48376,https://www.linkedin.com/in/gkm563
SUBALAKSHMI S,Gautam Kumar  Maurya,"8/2/26, 5:32 AM",,INCOMING,https://www.linkedin.com/in/subalakshmis,https://www.linkedin.com/in/gkm563
Annapurna  Yadav,Gautam Kumar  Maurya,"8/2/26, 4:59 AM",,INCOMING,https://www.linkedin.com/in/annapurna-yadav-821988263,https://www.linkedin.com/in/gkm563
Kruthik Raj G.N,Gautam Kumar  Maurya,"8/2/26, 4:31 AM",,INCOMING,https://www.linkedin.com/in/kruthik-raj-g-n-40976b2a6,https://www.linkedin.com/in/gkm563
Aniketh Cheerath,Gautam Kumar  Maurya,"8/2/26, 2:25 AM",,INCOMING,https://www.linkedin.com/in/cheerathaniketh,https://www.linkedin.com/in/gkm563
Yash Mhetre,Gautam Kumar  Maurya,"8/2/26, 12:46 AM",,INCOMING,https://www.linkedin.com/in/yash-mhetre-602268371,https://www.linkedin.com/in/gkm563
Nishant Khatri,Gautam Kumar  Maurya,"8/1/26, 8:36 PM",,INCOMING,https://www.linkedin.com/in/thatcoderguy23,https://www.linkedin.com/in/gkm563
Nisha Kumari,Gautam Kumar  Maurya,"8/1/26, 8:08 PM",,INCOMING,https://www.linkedin.com/in/nisha-kumari-0b3109354,https://www.linkedin.com/in/gkm563
Abhinav Singh,Gautam Kumar  Maurya,"8/1/26, 9:25 AM",,INCOMING,https://www.linkedin.com/in/abhinav-singh-8a76a039a,https://www.linkedin.com/in/gkm563
Lakshay Sharma,Gautam Kumar  Maurya,"8/1/26, 8:18 AM",,INCOMING,https://www.linkedin.com/in/lakshay-sharma-246824380,https://www.linkedin.com/in/gkm563
Sujal  Awargand,Gautam Kumar  Maurya,"8/1/26, 7:48 AM",,INCOMING,https://www.linkedin.com/in/sujal-awargand,https://www.linkedin.com/in/gkm563
Shubham Jain,Gautam Kumar  Maurya,"8/1/26, 6:17 AM",,INCOMING,https://www.linkedin.com/in/shubham-js,https://www.linkedin.com/in/gkm563
Arpan Rai,Gautam Kumar  Maurya,"8/1/26, 5:39 AM",,INCOMING,https://www.linkedin.com/in/arpanrai223,https://www.linkedin.com/in/gkm563
Aparna Srivastava,Gautam Kumar  Maurya,"8/1/26, 2:11 AM",,INCOMING,https://www.linkedin.com/in/aparna-srivastava-762379373,https://www.linkedin.com/in/gkm563
Mauli Chopra,Gautam Kumar  Maurya,"8/1/26, 1:48 AM",,INCOMING,https://www.linkedin.com/in/mauli-chopra-7a20323a7,https://www.linkedin.com/in/gkm563
Akash Yadav,Gautam Kumar  Maurya,"7/31/26, 10:04 PM",,INCOMING,https://www.linkedin.com/in/akash-yadav-08956a288,https://www.linkedin.com/in/gkm563
Sachidanand Sharma,Gautam Kumar  Maurya,"7/31/26, 11:15 AM",,INCOMING,https://www.linkedin.com/in/sachidanand-sharma-728585230,https://www.linkedin.com/in/gkm563
Sahil Mahammad Sk,Gautam Kumar  Maurya,"7/31/26, 10:08 AM",,INCOMING,https://www.linkedin.com/in/sk-mahammad-sahil,https://www.linkedin.com/in/gkm563
Yasaswa Brahmam,Gautam Kumar  Maurya,"7/31/26, 8:10 AM",,INCOMING,https://www.linkedin.com/in/yasaswa-brahmam,https://www.linkedin.com/in/gkm563
Eddie Chu,Gautam Kumar  Maurya,"7/29/26, 8:54 PM",,INCOMING,https://www.linkedin.com/in/eddiechu-connect,https://www.linkedin.com/in/gkm563
Soham Chintawar,Gautam Kumar  Maurya,"7/29/26, 8:24 PM",,INCOMING,https://www.linkedin.com/in/soham-chintawar-2a6128281,https://www.linkedin.com/in/gkm563
Gagan Bansal,Gautam Kumar  Maurya,"7/29/26, 8:07 PM",,INCOMING,https://www.linkedin.com/in/bansalgagan2004,https://www.linkedin.com/in/gkm563
Deepak kumar,Gautam Kumar  Maurya,"7/31/26, 2:32 PM",,INCOMING,https://www.linkedin.com/in/deepak-kumar-853296198,https://www.linkedin.com/in/gkm563
Kunal Gangani,Gautam Kumar  Maurya,"7/31/26, 6:07 AM",,INCOMING,https://www.linkedin.com/in/kunal-g-1a17893b3,https://www.linkedin.com/in/gkm563
Mahtab Alam,Gautam Kumar  Maurya,"7/31/26, 4:33 AM",,INCOMING,https://www.linkedin.com/in/mahtab-alam-b980a3172,https://www.linkedin.com/in/gkm563
ibrahim bathusha,Gautam Kumar  Maurya,"7/31/26, 3:47 AM",,INCOMING,https://www.linkedin.com/in/ibrahim-bathusha-6ba460276,https://www.linkedin.com/in/gkm563
Abir Pal,Gautam Kumar  Maurya,"7/31/26, 3:14 AM",,INCOMING,https://www.linkedin.com/in/abir-p-52b6033b2,https://www.linkedin.com/in/gkm563
Tanish Barolia,Gautam Kumar  Maurya,"7/31/26, 2:17 AM",,INCOMING,https://www.linkedin.com/in/tanish-barolia-5ab99437a,https://www.linkedin.com/in/gkm563
Anchal Singh,Gautam Kumar  Maurya,"7/31/26, 2:01 AM",,INCOMING,https://www.linkedin.com/in/anchal-singh-74114a384,https://www.linkedin.com/in/gkm563
Arpita Patil,Gautam Kumar  Maurya,"7/30/26, 7:16 PM",,INCOMING,https://www.linkedin.com/in/arpita-patil-9a064b287,https://www.linkedin.com/in/gkm563
Sayyed Asif,Gautam Kumar  Maurya,"7/30/26, 11:56 AM",,INCOMING,https://www.linkedin.com/in/sayyedasifdev,https://www.linkedin.com/in/gkm563
Krishna Jaiswal,Gautam Kumar  Maurya,"7/30/26, 11:21 AM",,INCOMING,https://www.linkedin.com/in/krishna-jaiswal-0048183a3,https://www.linkedin.com/in/gkm563
Anshika Kumari,Gautam Kumar  Maurya,"7/30/26, 10:42 AM",,INCOMING,https://www.linkedin.com/in/anshika-kumari-9a7ab6387,https://www.linkedin.com/in/gkm563
Om Satish Taywade,Gautam Kumar  Maurya,"7/30/26, 10:23 AM",,INCOMING,https://www.linkedin.com/in/om-satish-taywade-16a21925b,https://www.linkedin.com/in/gkm563
Abhinav prakash,Gautam Kumar  Maurya,"7/30/26, 8:50 AM",,INCOMING,https://www.linkedin.com/in/abhinav-prakash-5abaaa300,https://www.linkedin.com/in/gkm563
Deepa Mudrakola,Gautam Kumar  Maurya,"7/30/26, 7:07 AM",,INCOMING,https://www.linkedin.com/in/deepa-mudrakola-84b4b6384,https://www.linkedin.com/in/gkm563
Gogana Dhanush,Gautam Kumar  Maurya,"7/30/26, 5:28 AM",,INCOMING,https://www.linkedin.com/in/gogana-dhanush-83965b319,https://www.linkedin.com/in/gkm563
Nitin Kumar,Gautam Kumar  Maurya,"7/30/26, 5:09 AM",,INCOMING,https://www.linkedin.com/in/nitin-kumar-318783323,https://www.linkedin.com/in/gkm563
Aditya Singh,Gautam Kumar  Maurya,"7/30/26, 3:36 AM",,INCOMING,https://www.linkedin.com/in/aditya-singh-6b6959299,https://www.linkedin.com/in/gkm563
Milan Panda,Gautam Kumar  Maurya,"7/30/26, 2:18 AM",,INCOMING,https://www.linkedin.com/in/milanpanda,https://www.linkedin.com/in/gkm563
Mahesh Rakte,Gautam Kumar  Maurya,"7/30/26, 1:45 AM",,INCOMING,https://www.linkedin.com/in/maheshrakte0,https://www.linkedin.com/in/gkm563
Tasfia Zaima,Gautam Kumar  Maurya,"7/30/26, 1:35 AM",,INCOMING,https://www.linkedin.com/in/tasfia-zaima-917b2a2aa,https://www.linkedin.com/in/gkm563
Malavika Hello MassMedia,Gautam Kumar  Maurya,"7/30/26, 1:20 AM",,INCOMING,https://www.linkedin.com/in/malavika-hello-massmedia-9367273a7,https://www.linkedin.com/in/gkm563
Rushil Lingaiah Cherukupally,Gautam Kumar  Maurya,"7/30/26, 1:03 AM",,INCOMING,https://www.linkedin.com/in/i-am-rushil,https://www.linkedin.com/in/gkm563
Safeeullah Shaikh,Gautam Kumar  Maurya,"7/30/26, 12:51 AM",,INCOMING,https://www.linkedin.com/in/safeeullah-shaikh-6746213a2,https://www.linkedin.com/in/gkm563
Sanya Manchanda,Gautam Kumar  Maurya,"7/29/26, 11:22 PM",,INCOMING,https://www.linkedin.com/in/sanya-manchanda-6bb607313,https://www.linkedin.com/in/gkm563
MOHAMMAD FAISAL,Gautam Kumar  Maurya,"7/29/26, 10:56 PM",,INCOMING,https://www.linkedin.com/in/mohammad-faisal-387045277,https://www.linkedin.com/in/gkm563
Shreyashi Kaitke,Gautam Kumar  Maurya,"7/29/26, 10:41 PM",,INCOMING,https://www.linkedin.com/in/shreyashi-kaitke-1691b4332,https://www.linkedin.com/in/gkm563
Mayank Sharma,Gautam Kumar  Maurya,"7/29/26, 10:11 PM",,INCOMING,https://www.linkedin.com/in/sharmamayankk,https://www.linkedin.com/in/gkm563
Afzan Aslam,Gautam Kumar  Maurya,"7/29/26, 10:02 PM",,INCOMING,https://www.linkedin.com/in/afzanaslam,https://www.linkedin.com/in/gkm563
Muhammad Ahmer,Gautam Kumar  Maurya,"7/29/26, 9:34 PM",,INCOMING,https://www.linkedin.com/in/muhammad-ahmer-272617336,https://www.linkedin.com/in/gkm563
Fadl Maghniwi,Gautam Kumar  Maurya,"7/29/26, 12:58 PM",,INCOMING,https://www.linkedin.com/in/fadl-maghniwi-6290802a7,https://www.linkedin.com/in/gkm563
Manish Kumar Maurya,Gautam Kumar  Maurya,"7/29/26, 11:11 AM",,INCOMING,https://www.linkedin.com/in/its-mk,https://www.linkedin.com/in/gkm563
Aryan Raj,Gautam Kumar  Maurya,"7/29/26, 7:26 AM",,INCOMING,https://www.linkedin.com/in/aryan-raj-200378323,https://www.linkedin.com/in/gkm563
Anup Yadav,Gautam Kumar  Maurya,"7/29/26, 7:21 AM",,INCOMING,https://www.linkedin.com/in/anup-yadav-97856abb,https://www.linkedin.com/in/gkm563
vk abijith,Gautam Kumar  Maurya,"7/29/26, 7:04 AM",,INCOMING,https://www.linkedin.com/in/vk-abijith-91bb45312,https://www.linkedin.com/in/gkm563
Charanjeet Singh,Gautam Kumar  Maurya,"7/29/26, 4:58 AM",,INCOMING,https://www.linkedin.com/in/charanjeet-singh-12ba2732a,https://www.linkedin.com/in/gkm563
Jann Moises Nyll De los Reyes,Gautam Kumar  Maurya,"7/29/26, 1:45 AM",,INCOMING,https://www.linkedin.com/in/jmnbdelosreyes,https://www.linkedin.com/in/gkm563
Shaikh Nadim,Gautam Kumar  Maurya,"7/29/26, 1:24 AM",,INCOMING,https://www.linkedin.com/in/sknadeem713,https://www.linkedin.com/in/gkm563
Vasifa Mansoori,Gautam Kumar  Maurya,"7/29/26, 12:59 AM",,INCOMING,https://www.linkedin.com/in/vasifa-mansoori-4a2743371,https://www.linkedin.com/in/gkm563
Anas shaikh,Gautam Kumar  Maurya,"7/29/26, 12:57 AM",Hey bro I want to talk something with you ,INCOMING,https://www.linkedin.com/in/anasshaikh9788,https://www.linkedin.com/in/gkm563
Vishesh Shekhawat,Gautam Kumar  Maurya,"7/29/26, 12:28 AM",,INCOMING,https://www.linkedin.com/in/vishesh-shekhawat,https://www.linkedin.com/in/gkm563
Pratibha Malik,Gautam Kumar  Maurya,"7/29/26, 12:07 AM",,INCOMING,https://www.linkedin.com/in/pratibha-malik-a600a1221,https://www.linkedin.com/in/gkm563
Munazir Ansari,Gautam Kumar  Maurya,"7/28/26, 9:56 PM",,INCOMING,https://www.linkedin.com/in/munazir-ansari,https://www.linkedin.com/in/gkm563
Anish Kumar Singh,Gautam Kumar  Maurya,"7/28/26, 9:51 PM",,INCOMING,https://www.linkedin.com/in/anish-kumar-singh-1517b0275,https://www.linkedin.com/in/gkm563
Shivam Patel,Gautam Kumar  Maurya,"7/28/26, 9:22 PM",,INCOMING,https://www.linkedin.com/in/shivam-patel-547383351,https://www.linkedin.com/in/gkm563
Rishabh    .,Gautam Kumar  Maurya,"7/28/26, 4:28 PM",,INCOMING,https://www.linkedin.com/in/rishabh-maurya-2003dob,https://www.linkedin.com/in/gkm563
Veepura Chari Dharmavarapu,Gautam Kumar  Maurya,"7/28/26, 3:16 PM",,INCOMING,https://www.linkedin.com/in/veepuracds,https://www.linkedin.com/in/gkm563
Shruti C,Gautam Kumar  Maurya,"7/28/26, 2:49 PM",,INCOMING,https://www.linkedin.com/in/shrutichatterjee,https://www.linkedin.com/in/gkm563
Rohit Saini,Gautam Kumar  Maurya,"7/28/26, 12:40 PM",,INCOMING,https://www.linkedin.com/in/dev-rohit-saini,https://www.linkedin.com/in/gkm563
Krishna Thombare,Gautam Kumar  Maurya,"7/28/26, 12:22 PM",,INCOMING,https://www.linkedin.com/in/krishna-thombare-1aa522276,https://www.linkedin.com/in/gkm563
Hemanth M,Gautam Kumar  Maurya,"7/28/26, 12:20 PM",,INCOMING,https://www.linkedin.com/in/hemanth-m-108446206,https://www.linkedin.com/in/gkm563
Arpitha Kepu Shashidhara,Gautam Kumar  Maurya,"7/28/26, 12:08 PM",,INCOMING,https://www.linkedin.com/in/arpithakepushashidhara,https://www.linkedin.com/in/gkm563
ANSUMAN MISHRA,Gautam Kumar  Maurya,"7/28/26, 11:59 AM",,INCOMING,https://www.linkedin.com/in/the-ansuman-mishra,https://www.linkedin.com/in/gkm563
Aditya Nagpal,Gautam Kumar  Maurya,"7/28/26, 11:34 AM",,INCOMING,https://www.linkedin.com/in/anagpal18,https://www.linkedin.com/in/gkm563
Vishal Gupta,Gautam Kumar  Maurya,"7/28/26, 11:11 AM",,INCOMING,https://www.linkedin.com/in/vishal-gupta-654098190,https://www.linkedin.com/in/gkm563
Anjali Rout,Gautam Kumar  Maurya,"7/28/26, 11:05 AM",,INCOMING,https://www.linkedin.com/in/anjali-rout-117752357,https://www.linkedin.com/in/gkm563
Govind Kumar,Gautam Kumar  Maurya,"7/28/26, 11:04 AM",,INCOMING,https://www.linkedin.com/in/govind-kumar-a7b064372,https://www.linkedin.com/in/gkm563
Vartika Singh,Gautam Kumar  Maurya,"7/28/26, 11:04 AM",,INCOMING,https://www.linkedin.com/in/vartika-singh6,https://www.linkedin.com/in/gkm563
Aryan Raj,Gautam Kumar  Maurya,"7/27/26, 11:48 PM",,INCOMING,https://www.linkedin.com/in/aryan-raj-btech,https://www.linkedin.com/in/gkm563
Sneha .,Gautam Kumar  Maurya,"7/7/26, 12:25 AM",,INCOMING,https://www.linkedin.com/in/sneha-905b6b326,https://www.linkedin.com/in/gkm563
Kajjayam hasini,Gautam Kumar  Maurya,"7/5/26, 12:17 PM",,INCOMING,https://www.linkedin.com/in/kajjayam-hasini-1028b2356,https://www.linkedin.com/in/gkm563
Varshith Perla,Gautam Kumar  Maurya,"6/15/26, 7:25 AM",,INCOMING,https://www.linkedin.com/in/varshithperla,https://www.linkedin.com/in/gkm563
Rajnish Singh,Gautam Kumar  Maurya,"6/8/26, 4:39 AM",,INCOMING,https://www.linkedin.com/in/rajnish-singh-a9a61022a,https://www.linkedin.com/in/gkm563
Riya Mishra,Gautam Kumar  Maurya,"6/6/26, 9:05 PM",,INCOMING,https://www.linkedin.com/in/riya-mishra-a57548395,https://www.linkedin.com/in/gkm563
Utkarsh Vishwakarma,Gautam Kumar  Maurya,"6/5/26, 1:37 AM",,INCOMING,https://www.linkedin.com/in/utkarsh-vishwakarma-1b1544217,https://www.linkedin.com/in/gkm563
Payal Jaiswal,Gautam Kumar  Maurya,"6/4/26, 11:40 PM",,INCOMING,https://www.linkedin.com/in/payal-jaiswal-39a53b31a,https://www.linkedin.com/in/gkm563
NIKHIL SINGH,Gautam Kumar  Maurya,"6/4/26, 11:27 PM",,INCOMING,https://www.linkedin.com/in/nikhil-singh-cse,https://www.linkedin.com/in/gkm563
Sakshi Pandey,Gautam Kumar  Maurya,"6/4/26, 10:17 PM",,INCOMING,https://www.linkedin.com/in/sakshi-pandey-a6077735b,https://www.linkedin.com/in/gkm563
Divyanshu Tripathi,Gautam Kumar  Maurya,"6/4/26, 11:18 AM",,INCOMING,https://www.linkedin.com/in/divyanshu-tripathi-853911330,https://www.linkedin.com/in/gkm563
Dhanashri Gaikwad,Gautam Kumar  Maurya,"5/27/26, 8:25 PM",,INCOMING,https://www.linkedin.com/in/dhanashri-gaikwad-501582384,https://www.linkedin.com/in/gkm563
code  fun,Gautam Kumar  Maurya,"5/27/26, 7:23 PM",,INCOMING,https://www.linkedin.com/in/code-fun-554118381,https://www.linkedin.com/in/gkm563
Amit Rai,Gautam Kumar  Maurya,"5/27/26, 6:10 AM",,INCOMING,https://www.linkedin.com/in/amit-rai-207903212,https://www.linkedin.com/in/gkm563
Ashi Kesharwani,Gautam Kumar  Maurya,"5/27/26, 5:03 AM",,INCOMING,https://www.linkedin.com/in/ashi-kesharwani-92a535343,https://www.linkedin.com/in/gkm563
Ashish Bhardwaj,Gautam Kumar  Maurya,"5/27/26, 4:31 AM",,INCOMING,https://www.linkedin.com/in/ashish-bhardwaj-ab2519294,https://www.linkedin.com/in/gkm563
POTTI MURTHI  TEJA GANESH ,Gautam Kumar  Maurya,"5/27/26, 12:55 AM",,INCOMING,https://www.linkedin.com/in/potti-murthi-teja-ganesh-04a639311,https://www.linkedin.com/in/gkm563
Ujjwal Yadav,Gautam Kumar  Maurya,"5/24/26, 2:51 AM",,INCOMING,https://www.linkedin.com/in/ujjwal-yadav-ba3a6239a,https://www.linkedin.com/in/gkm563
Anshuman Dwivedi,Gautam Kumar  Maurya,"5/23/26, 10:04 AM",,INCOMING,https://www.linkedin.com/in/anshuman-dwivedi-121348381,https://www.linkedin.com/in/gkm563
Shivam Pal,Gautam Kumar  Maurya,"5/23/26, 8:07 AM",,INCOMING,https://www.linkedin.com/in/shivam-pal-a10041398,https://www.linkedin.com/in/gkm563
Vipin Shrivastava,Gautam Kumar  Maurya,"5/23/26, 5:04 AM",,INCOMING,https://www.linkedin.com/in/vipin-shrivastava-ba549b344,https://www.linkedin.com/in/gkm563
Vidhan Jaiswal,Gautam Kumar  Maurya,"5/19/26, 2:27 AM",,INCOMING,https://www.linkedin.com/in/vidhan-jaiswal-1273923b9,https://www.linkedin.com/in/gkm563
Pranjal Kumar Singh,Gautam Kumar  Maurya,"5/18/26, 9:56 AM",,INCOMING,https://www.linkedin.com/in/pranjal-kumar-singh-4a8572394,https://www.linkedin.com/in/gkm563
Prachi Kaneriya,Gautam Kumar  Maurya,"5/14/26, 3:14 AM",,INCOMING,https://www.linkedin.com/in/prachi-kaneriya-058067379,https://www.linkedin.com/in/gkm563
Aman kumar,Gautam Kumar  Maurya,"5/6/26, 2:25 AM",,INCOMING,https://www.linkedin.com/in/aman-kumar-254104371,https://www.linkedin.com/in/gkm563
Awanish Jaisaval,Gautam Kumar  Maurya,"5/1/26, 10:22 AM",,INCOMING,https://www.linkedin.com/in/awanish-jaisaval-200b52336,https://www.linkedin.com/in/gkm563
Kirti Singh,Gautam Kumar  Maurya,"4/30/26, 8:48 PM",,INCOMING,https://www.linkedin.com/in/kirti-singh-3969a2405,https://www.linkedin.com/in/gkm563
Vinod Verma,Gautam Kumar  Maurya,"4/29/26, 9:53 PM",,INCOMING,https://www.linkedin.com/in/vinod-verma-b8b49225a,https://www.linkedin.com/in/gkm563
Vijay Pratap Sharma,Gautam Kumar  Maurya,"4/24/26, 9:24 AM",,INCOMING,https://www.linkedin.com/in/vijay-pratap-sharma-6ba551371,https://www.linkedin.com/in/gkm563
Sumit Kushwaha,Gautam Kumar  Maurya,"4/19/26, 1:46 AM",,INCOMING,https://www.linkedin.com/in/sumit-kushwaha-9a813833b,https://www.linkedin.com/in/gkm563
Shivansh Tripathi,Gautam Kumar  Maurya,"4/18/26, 7:43 AM",,INCOMING,https://www.linkedin.com/in/shivansh-tripathi-10237a365,https://www.linkedin.com/in/gkm563
Ahmad Ihsan,Gautam Kumar  Maurya,"3/14/26, 1:12 AM",,INCOMING,https://www.linkedin.com/in/ahmad-ihsan-7179a237b,https://www.linkedin.com/in/gkm563
Ayush Shukla,Gautam Kumar  Maurya,"3/13/26, 10:38 AM",,INCOMING,https://www.linkedin.com/in/ayush-shukla-5349a736a,https://www.linkedin.com/in/gkm563
SUNIL SURYAWANSHI,Gautam Kumar  Maurya,"3/13/26, 7:31 AM",,INCOMING,https://www.linkedin.com/in/sunil-suryawanshi-0282b8116,https://www.linkedin.com/in/gkm563
Sanjay Kumar,Gautam Kumar  Maurya,"3/6/26, 5:55 AM",,INCOMING,https://www.linkedin.com/in/sanjay-kumar-353089281,https://www.linkedin.com/in/gkm563
Ritesh Tiwari,Gautam Kumar  Maurya,"2/15/26, 2:24 AM",,INCOMING,https://www.linkedin.com/in/ritesh-tiwari-815260386,https://www.linkedin.com/in/gkm563
Ayush Upadhyay,Gautam Kumar  Maurya,"2/14/26, 10:08 PM",,INCOMING,https://www.linkedin.com/in/ayush-upadhyay-951913386,https://www.linkedin.com/in/gkm563
Anupam Kumar,Gautam Kumar  Maurya,"2/14/26, 7:47 PM",,INCOMING,https://www.linkedin.com/in/anupam-kumar8601,https://www.linkedin.com/in/gkm563
Vikash Maurya,Gautam Kumar  Maurya,"2/14/26, 3:59 AM",,INCOMING,https://www.linkedin.com/in/vm03,https://www.linkedin.com/in/gkm563
Dipak Kumar,Gautam Kumar  Maurya,"2/12/26, 8:00 AM",,INCOMING,https://www.linkedin.com/in/dipak-kumar-56a659383,https://www.linkedin.com/in/gkm563
Apoorv Maurya,Gautam Kumar  Maurya,"2/7/26, 6:26 AM",,INCOMING,https://www.linkedin.com/in/apoorv-maurya-0113193a1,https://www.linkedin.com/in/gkm563
Sharad Maurya,Gautam Kumar  Maurya,"2/1/26, 11:28 AM",,INCOMING,https://www.linkedin.com/in/sharad-maurya-710aa2399,https://www.linkedin.com/in/gkm563
Krishnendra Kumar,Gautam Kumar  Maurya,"1/25/26, 7:04 AM",,INCOMING,https://www.linkedin.com/in/krishnendra-kumar-1610b236a,https://www.linkedin.com/in/gkm563
Shashank Tiwari,Gautam Kumar  Maurya,"7/28/26, 8:27 PM",,INCOMING,https://www.linkedin.com/in/shashank-tiwari-041003st,https://www.linkedin.com/in/gkm563
Md Shahin Raza,Gautam Kumar  Maurya,"7/28/26, 8:16 PM",,INCOMING,https://www.linkedin.com/in/mdshahinraza,https://www.linkedin.com/in/gkm563
Rajendra Kishore,Gautam Kumar  Maurya,"7/28/26, 7:46 PM",,INCOMING,https://www.linkedin.com/in/rajendrakishore,https://www.linkedin.com/in/gkm563
Ananya Suresh Nambiar,Gautam Kumar  Maurya,"7/28/26, 7:13 PM",,INCOMING,https://www.linkedin.com/in/ananya-suresh-nambiar-5a640b370,https://www.linkedin.com/in/gkm563
Janhavi Shinde,Gautam Kumar  Maurya,"7/28/26, 6:53 PM",,INCOMING,https://www.linkedin.com/in/janhavi-shinde-0380843a2,https://www.linkedin.com/in/gkm563
Khushnuma Bano,Gautam Kumar  Maurya,"7/28/26, 6:02 PM",,INCOMING,https://www.linkedin.com/in/khushnuma-bano-691a1237b,https://www.linkedin.com/in/gkm563
Aryan Singh,Gautam Kumar  Maurya,"7/28/26, 1:37 PM",,INCOMING,https://www.linkedin.com/in/aryan-singh-661819286,https://www.linkedin.com/in/gkm563
Shlok  Maurya,Gautam Kumar  Maurya,"7/28/26, 12:55 PM",,INCOMING,https://www.linkedin.com/in/shlok-maurya-31b889333,https://www.linkedin.com/in/gkm563
Suraj Kumar,Gautam Kumar  Maurya,"7/28/26, 12:46 PM",,INCOMING,https://www.linkedin.com/in/suraj-kumar-408021330,https://www.linkedin.com/in/gkm563
Megha R S,Gautam Kumar  Maurya,"7/28/26, 12:12 PM",,INCOMING,https://www.linkedin.com/in/megha-rs,https://www.linkedin.com/in/gkm563
Sneha M N,Gautam Kumar  Maurya,"7/27/26, 8:07 AM",,INCOMING,https://www.linkedin.com/in/sneha-m-n-997b78353,https://www.linkedin.com/in/gkm563
Shagun Shahi,Gautam Kumar  Maurya,"7/27/26, 3:05 AM",,INCOMING,https://www.linkedin.com/in/shagun-shahi-6a7b11355,https://www.linkedin.com/in/gkm563
Jay Sankhala ,Gautam Kumar  Maurya,"7/27/26, 12:38 AM",,INCOMING,https://www.linkedin.com/in/jay-sankhala-224949337,https://www.linkedin.com/in/gkm563
Akansha .,Gautam Kumar  Maurya,"7/26/26, 7:22 PM",,INCOMING,https://www.linkedin.com/in/akansha-2792433b7,https://www.linkedin.com/in/gkm563
Shobhit kesarwani,Gautam Kumar  Maurya,"7/26/26, 5:33 AM",,INCOMING,https://www.linkedin.com/in/shobhit-kesarwani-8342aa247,https://www.linkedin.com/in/gkm563
Harsh Verma,Gautam Kumar  Maurya,"7/26/26, 1:18 AM",,INCOMING,https://www.linkedin.com/in/harsh-verma-795601380,https://www.linkedin.com/in/gkm563
Kritika Kushwaha,Gautam Kumar  Maurya,"7/25/26, 7:38 AM",,INCOMING,https://www.linkedin.com/in/kritika-kushwaha-49679a322,https://www.linkedin.com/in/gkm563
Kanak Shukla,Gautam Kumar  Maurya,"7/24/26, 10:08 PM",,INCOMING,https://www.linkedin.com/in/kanak-shukla-b051ab40b,https://www.linkedin.com/in/gkm563
Anushka Patel,Gautam Kumar  Maurya,"7/24/26, 9:33 PM",,INCOMING,https://www.linkedin.com/in/anushka-patel-2ab418321,https://www.linkedin.com/in/gkm563
RAMAVATH SUDHARSHAN Naik,Gautam Kumar  Maurya,"7/24/26, 8:59 PM",,INCOMING,https://www.linkedin.com/in/ramavath-sudharshan-naik-147604370,https://www.linkedin.com/in/gkm563
Arju Maurya,Gautam Kumar  Maurya,"7/24/26, 4:55 PM",,INCOMING,https://www.linkedin.com/in/arju-maurya-06a651396,https://www.linkedin.com/in/gkm563
Ashish Kumar,Gautam Kumar  Maurya,"7/24/26, 12:26 PM",,INCOMING,https://www.linkedin.com/in/ashish-kumar-a235712a7,https://www.linkedin.com/in/gkm563
Utkarsh Yadav,Gautam Kumar  Maurya,"7/24/26, 11:04 AM",,INCOMING,https://www.linkedin.com/in/utkarsh-yadav-717141381,https://www.linkedin.com/in/gkm563
Simranpreet Kaur,Gautam Kumar  Maurya,"7/24/26, 10:45 AM",,INCOMING,https://www.linkedin.com/in/simranpreet-kaur-a30163416,https://www.linkedin.com/in/gkm563
Deepu .,Gautam Kumar  Maurya,"7/24/26, 10:19 AM",,INCOMING,https://www.linkedin.com/in/deepu-842741411,https://www.linkedin.com/in/gkm563
Shakti Shrey,Gautam Kumar  Maurya,"7/24/26, 9:38 AM",,INCOMING,https://www.linkedin.com/in/shakti33,https://www.linkedin.com/in/gkm563
Urmila Kumari ,Gautam Kumar  Maurya,"7/24/26, 7:40 AM",,INCOMING,https://www.linkedin.com/in/urmila-kumari-6570162b0,https://www.linkedin.com/in/gkm563
Dinesh Bhardwaj,Gautam Kumar  Maurya,"7/24/26, 6:51 AM",,INCOMING,https://www.linkedin.com/in/dinesh-bhardwaj2047,https://www.linkedin.com/in/gkm563
PIYUSH KUMAR,Gautam Kumar  Maurya,"7/24/26, 6:19 AM",,INCOMING,https://www.linkedin.com/in/piyush-kumar-249b80327,https://www.linkedin.com/in/gkm563
Akash Samanta,Gautam Kumar  Maurya,"7/24/26, 5:56 AM",,INCOMING,https://www.linkedin.com/in/akash-samanta-a3331b371,https://www.linkedin.com/in/gkm563
Palak .,Gautam Kumar  Maurya,"7/24/26, 5:20 AM",,INCOMING,https://www.linkedin.com/in/palak-b847a2370,https://www.linkedin.com/in/gkm563
Ujjwal Kashyap,Gautam Kumar  Maurya,"7/24/26, 3:50 AM",,INCOMING,https://www.linkedin.com/in/ujjwal-kashyap-7876b3310,https://www.linkedin.com/in/gkm563
Ananya Singh,Gautam Kumar  Maurya,"7/24/26, 3:06 AM",,INCOMING,https://www.linkedin.com/in/ananya-singh-9735903a2,https://www.linkedin.com/in/gkm563
Abhishek Yadav,Gautam Kumar  Maurya,"7/24/26, 2:24 AM",,INCOMING,https://www.linkedin.com/in/abhishek-yadav-b100a1382,https://www.linkedin.com/in/gkm563
Gomathi S,Gautam Kumar  Maurya,"7/21/26, 8:22 PM",,INCOMING,https://www.linkedin.com/in/gomathi-s-59153329,https://www.linkedin.com/in/gkm563
Nurul Amin Piash,Gautam Kumar  Maurya,"7/20/26, 11:25 PM",,INCOMING,https://www.linkedin.com/in/the-piash9999,https://www.linkedin.com/in/gkm563
MOHANA SURE,Gautam Kumar  Maurya,"7/20/26, 12:59 AM",,INCOMING,https://www.linkedin.com/in/mohana-sure-003417293,https://www.linkedin.com/in/gkm563
Pallavi S,Gautam Kumar  Maurya,"7/19/26, 8:07 AM",,INCOMING,https://www.linkedin.com/in/pallavi-s-19b4bb414,https://www.linkedin.com/in/gkm563
Ayush  Agrahari ,Gautam Kumar  Maurya,"7/18/26, 11:21 PM",,INCOMING,https://www.linkedin.com/in/ayush-agrahari-6918a5418,https://www.linkedin.com/in/gkm563
Ayush Singh,Gautam Kumar  Maurya,"7/18/26, 8:24 PM",,INCOMING,https://www.linkedin.com/in/ayush-singh-46b730386,https://www.linkedin.com/in/gkm563
Bibhu Pradhan,Gautam Kumar  Maurya,"7/18/26, 12:20 PM",,INCOMING,https://www.linkedin.com/in/bibhupradhanofficial,https://www.linkedin.com/in/gkm563
Ashutosh Singh,Gautam Kumar  Maurya,"7/18/26, 10:31 AM",,INCOMING,https://www.linkedin.com/in/ashutosh-singh-4306a7320,https://www.linkedin.com/in/gkm563
Piyush Bhaladhare,Gautam Kumar  Maurya,"7/18/26, 9:41 AM",,INCOMING,https://www.linkedin.com/in/piyush-bhaladhare-36195a2b9,https://www.linkedin.com/in/gkm563
mayank agrahari,Gautam Kumar  Maurya,"7/18/26, 9:08 AM",,INCOMING,https://www.linkedin.com/in/mayank-agrahari-726761327,https://www.linkedin.com/in/gkm563
Nikhil Anand,Gautam Kumar  Maurya,"7/18/26, 7:02 AM",👀,INCOMING,https://www.linkedin.com/in/nikhil-anand-72346a34b,https://www.linkedin.com/in/gkm563
Stephanos Papatsaras,Gautam Kumar  Maurya,"7/17/26, 10:43 PM",,INCOMING,https://www.linkedin.com/in/stephanospapatsaras,https://www.linkedin.com/in/gkm563
Priyanshi Wadhwa,Gautam Kumar  Maurya,"7/17/26, 6:42 AM",,INCOMING,https://www.linkedin.com/in/priyanshi-wadhwa-121350363,https://www.linkedin.com/in/gkm563
Hifza Khan,Gautam Kumar  Maurya,"7/17/26, 2:41 AM",,INCOMING,https://www.linkedin.com/in/hifza-khan-38569a375,https://www.linkedin.com/in/gkm563
Mohammad Sahil,Gautam Kumar  Maurya,"7/16/26, 6:41 AM",,INCOMING,https://www.linkedin.com/in/mohammad-sahil-data,https://www.linkedin.com/in/gkm563
Pushkar Suryavanshi,Gautam Kumar  Maurya,"7/16/26, 5:03 AM",,INCOMING,https://www.linkedin.com/in/pushkar-suryavanshi-0680b0337,https://www.linkedin.com/in/gkm563
Sandeep Yadav,Gautam Kumar  Maurya,"7/16/26, 4:26 AM",,INCOMING,https://www.linkedin.com/in/sandeep-yadav-6065132aa,https://www.linkedin.com/in/gkm563
Ajinkya Kamble,Gautam Kumar  Maurya,"7/16/26, 3:26 AM",,INCOMING,https://www.linkedin.com/in/ajinkya-kamble-7b86b3208,https://www.linkedin.com/in/gkm563
Debdeep Ghosh,Gautam Kumar  Maurya,"7/15/26, 9:09 PM",,INCOMING,https://www.linkedin.com/in/dghosh2003,https://www.linkedin.com/in/gkm563
Mohd Azeem,Gautam Kumar  Maurya,"7/15/26, 9:21 AM",,INCOMING,https://www.linkedin.com/in/mohd-azeem-a03aa7334,https://www.linkedin.com/in/gkm563
Piyush Raut,Gautam Kumar  Maurya,"7/15/26, 9:18 AM",,INCOMING,https://www.linkedin.com/in/piyush-raut-374496380,https://www.linkedin.com/in/gkm563
Keerthana Shree K,Gautam Kumar  Maurya,"7/15/26, 6:45 AM",,INCOMING,https://www.linkedin.com/in/keerthana-shree-k-sas2007,https://www.linkedin.com/in/gkm563
Shruti Dwivedi,Gautam Kumar  Maurya,"7/14/26, 10:51 PM",,INCOMING,https://www.linkedin.com/in/shruti-dwivedi-2334b227a,https://www.linkedin.com/in/gkm563
Ayush Sharma,Gautam Kumar  Maurya,"7/14/26, 9:57 AM",,INCOMING,https://www.linkedin.com/in/ayush-sharma-31aa6a349,https://www.linkedin.com/in/gkm563
SURAJ KUMAR KUSHAVAHA,Gautam Kumar  Maurya,"7/14/26, 8:55 AM",,INCOMING,https://www.linkedin.com/in/surajkr73097,https://www.linkedin.com/in/gkm563
Aman  Raj,Gautam Kumar  Maurya,"7/14/26, 6:21 AM",,INCOMING,https://www.linkedin.com/in/aman-raj-2933a9279,https://www.linkedin.com/in/gkm563
Mir Asim Ali,Gautam Kumar  Maurya,"7/14/26, 4:14 AM",,INCOMING,https://www.linkedin.com/in/mir-asim-ali-b5977b228,https://www.linkedin.com/in/gkm563
Shreya Nevaskar,Gautam Kumar  Maurya,"7/12/26, 8:05 AM","Hii I m Shreya , I  wanted to know your experience about Thailand ",INCOMING,https://www.linkedin.com/in/shreya-nevaskar-a34196321,https://www.linkedin.com/in/gkm563
Reethisha Naik,Gautam Kumar  Maurya,"7/12/26, 12:43 AM",,INCOMING,https://www.linkedin.com/in/reethisha-naik-651960421,https://www.linkedin.com/in/gkm563
Vignesh Mishra,Gautam Kumar  Maurya,"7/11/26, 5:46 AM",,INCOMING,https://www.linkedin.com/in/vignesh-mishra-9673b539b,https://www.linkedin.com/in/gkm563
Rudra Pratap Maurya,Gautam Kumar  Maurya,"7/10/26, 10:57 AM",,INCOMING,https://www.linkedin.com/in/rudra-pratap-maurya-82a63b378,https://www.linkedin.com/in/gkm563
Anuj Kumar Jha,Gautam Kumar  Maurya,"7/10/26, 8:07 AM",,INCOMING,https://www.linkedin.com/in/anuj-kumar-jha-b8a001384,https://www.linkedin.com/in/gkm563
Vamshi Billa,Gautam Kumar  Maurya,"7/10/26, 5:52 AM",,INCOMING,https://www.linkedin.com/in/vamshi-billa-122794371,https://www.linkedin.com/in/gkm563
N'da N'dri Konan,Gautam Kumar  Maurya,"7/10/26, 1:43 AM",,INCOMING,https://www.linkedin.com/in/n-da-n-dri-konan-95488918b,https://www.linkedin.com/in/gkm563
Amrutha Hasini Telaprolu,Gautam Kumar  Maurya,"7/9/26, 11:03 PM",,INCOMING,https://www.linkedin.com/in/telaprolu-amrutha-hasini,https://www.linkedin.com/in/gkm563
POOJITHA CHUKKA,Gautam Kumar  Maurya,"7/9/26, 7:04 PM",,INCOMING,https://www.linkedin.com/in/poojitha-chukka-b21357421,https://www.linkedin.com/in/gkm563
Lakshay soni,Gautam Kumar  Maurya,"7/9/26, 11:13 AM",,INCOMING,https://www.linkedin.com/in/lakshaysoni22,https://www.linkedin.com/in/gkm563
Sandhana Krishnan C,Gautam Kumar  Maurya,"7/9/26, 9:37 AM",,INCOMING,https://www.linkedin.com/in/sandhana-krishnan-c,https://www.linkedin.com/in/gkm563
Nayan Chavda,Gautam Kumar  Maurya,"7/9/26, 4:22 AM",,INCOMING,https://www.linkedin.com/in/nayan-chavda-5902a7380,https://www.linkedin.com/in/gkm563
Aditi Bajpai,Gautam Kumar  Maurya,"7/9/26, 3:58 AM",,INCOMING,https://www.linkedin.com/in/aditi-bajpai-88a041369,https://www.linkedin.com/in/gkm563
Khushi Panchal,Gautam Kumar  Maurya,"7/9/26, 1:16 AM",,INCOMING,https://www.linkedin.com/in/khushi-panchal-203874376,https://www.linkedin.com/in/gkm563
Jay Pandey,Gautam Kumar  Maurya,"7/8/26, 11:45 PM",,INCOMING,https://www.linkedin.com/in/jaypandey9082,https://www.linkedin.com/in/gkm563
Ravinder kumar Sharma,Gautam Kumar  Maurya,"7/8/26, 7:08 AM",,INCOMING,https://www.linkedin.com/in/ravinder-kumar-sharma-534b0aa3,https://www.linkedin.com/in/gkm563
Samsul Haque Mohammad Sohel,Gautam Kumar  Maurya,"7/8/26, 6:21 AM",,INCOMING,https://www.linkedin.com/in/shmsohel,https://www.linkedin.com/in/gkm563
Ashutosh Kumar Singh,Gautam Kumar  Maurya,"7/8/26, 2:46 AM",,INCOMING,https://www.linkedin.com/in/ashutosh00714,https://www.linkedin.com/in/gkm563
Vansh Gupta,Gautam Kumar  Maurya,"7/8/26, 12:50 AM",,INCOMING,https://www.linkedin.com/in/vansh-gupta-62a117305,https://www.linkedin.com/in/gkm563
Aditya  Yadav,Gautam Kumar  Maurya,"7/7/26, 10:59 AM",,INCOMING,https://www.linkedin.com/in/aditya-yadav-73343a394,https://www.linkedin.com/in/gkm563
Anmol Chaturvedi,Gautam Kumar  Maurya,"7/7/26, 8:16 AM",,INCOMING,https://www.linkedin.com/in/anmol-chaturvedi-a911b5413,https://www.linkedin.com/in/gkm563
Shaurya Mishra,Gautam Kumar  Maurya,"7/7/26, 4:51 AM",,INCOMING,https://www.linkedin.com/in/shaurya-mishra-a033b0356,https://www.linkedin.com/in/gkm563
Ojasva Srivastava,Gautam Kumar  Maurya,"7/7/26, 2:51 AM",,INCOMING,https://www.linkedin.com/in/ojasva-srivastava-376b5b35b,https://www.linkedin.com/in/gkm563
Harsh Kumar,Gautam Kumar  Maurya,"7/7/26, 2:01 AM",,INCOMING,https://www.linkedin.com/in/harsh-kumar-79096a31a,https://www.linkedin.com/in/gkm563
Mohit Agre,Gautam Kumar  Maurya,"7/7/26, 1:21 AM",,INCOMING,https://www.linkedin.com/in/mohit-agre-427512370,https://www.linkedin.com/in/gkm563
Radheshyam Suthar,Gautam Kumar  Maurya,"7/6/26, 11:51 PM",,INCOMING,https://www.linkedin.com/in/radheshyamsuthar,https://www.linkedin.com/in/gkm563
Gauri .,Gautam Kumar  Maurya,"7/6/26, 11:46 PM",,INCOMING,https://www.linkedin.com/in/gauri-73398739b,https://www.linkedin.com/in/gkm563
Shreyas Saknure,Gautam Kumar  Maurya,"7/6/26, 11:36 PM",,INCOMING,https://www.linkedin.com/in/shreyas-saknure-9922b931a,https://www.linkedin.com/in/gkm563
NARENDRA BANDLA,Gautam Kumar  Maurya,"7/6/26, 11:17 PM",,INCOMING,https://www.linkedin.com/in/narendra-bandla-4aa87b228,https://www.linkedin.com/in/gkm563
Peauilamerchi A,Gautam Kumar  Maurya,"7/6/26, 9:48 PM",,INCOMING,https://www.linkedin.com/in/peauilamerchi-a-87981437b,https://www.linkedin.com/in/gkm563
Gnana priya,Gautam Kumar  Maurya,"7/6/26, 8:48 PM",,INCOMING,https://www.linkedin.com/in/gnana-priya-b63008372,https://www.linkedin.com/in/gkm563
Satish Maurya,Gautam Kumar  Maurya,"7/6/26, 10:02 AM",,INCOMING,https://www.linkedin.com/in/satish-m-8ba531293,https://www.linkedin.com/in/gkm563
Rashmi Dwivedi,Gautam Kumar  Maurya,"7/6/26, 9:29 AM",,INCOMING,https://www.linkedin.com/in/rashmi-dwivedi-09273b416,https://www.linkedin.com/in/gkm563
Rajesh Kotipalli,Gautam Kumar  Maurya,"7/6/26, 9:13 AM",,INCOMING,https://www.linkedin.com/in/rajesh-kotipalli-b82602288,https://www.linkedin.com/in/gkm563
Ayush Rastogi,Gautam Kumar  Maurya,"7/6/26, 8:09 AM",,INCOMING,https://www.linkedin.com/in/ayush-rastogi-1b506b36a,https://www.linkedin.com/in/gkm563
SaiSrikar B,Gautam Kumar  Maurya,"7/6/26, 4:31 AM",,INCOMING,https://www.linkedin.com/in/saisrikar-b-aa117031a,https://www.linkedin.com/in/gkm563
Shivansh Pardeshi ,Gautam Kumar  Maurya,"7/6/26, 4:26 AM",,INCOMING,https://www.linkedin.com/in/shivansh-pardeshi,https://www.linkedin.com/in/gkm563
Dhanashree Borkar,Gautam Kumar  Maurya,"7/6/26, 3:00 AM",,INCOMING,https://www.linkedin.com/in/dhanashree-borkar-a5a8a132a,https://www.linkedin.com/in/gkm563
Kavita .,Gautam Kumar  Maurya,"7/5/26, 6:29 AM",,INCOMING,https://www.linkedin.com/in/kavita-6ba830320,https://www.linkedin.com/in/gkm563
Aditi Gupta,Gautam Kumar  Maurya,"7/5/26, 10:59 PM",,INCOMING,https://www.linkedin.com/in/aditi-gupta-0135b9377,https://www.linkedin.com/in/gkm563
Ankita Gogi,Gautam Kumar  Maurya,"7/5/26, 9:22 PM",,INCOMING,https://www.linkedin.com/in/ankita-gogi-690323328,https://www.linkedin.com/in/gkm563
Abhishek Tripathi,Gautam Kumar  Maurya,"7/5/26, 12:50 PM",,INCOMING,https://www.linkedin.com/in/abhishek-tripathi-a2a35a307,https://www.linkedin.com/in/gkm563
ROSHINEE MK,Gautam Kumar  Maurya,"7/5/26, 10:42 AM",,INCOMING,https://www.linkedin.com/in/roshinee-mk2316,https://www.linkedin.com/in/gkm563
Ajaykumar k,Gautam Kumar  Maurya,"7/5/26, 9:39 AM",,INCOMING,https://www.linkedin.com/in/ajaykumar1402,https://www.linkedin.com/in/gkm563
Sonali  Singh,Gautam Kumar  Maurya,"7/5/26, 8:58 AM",,INCOMING,https://www.linkedin.com/in/sonali-singh-911807292,https://www.linkedin.com/in/gkm563
Mohd Obaidullah,Gautam Kumar  Maurya,"7/5/26, 8:49 AM",,INCOMING,https://www.linkedin.com/in/mohd-obaidullah-a3b50a337,https://www.linkedin.com/in/gkm563
Shreya Prajapati,Gautam Kumar  Maurya,"7/5/26, 8:48 AM",,INCOMING,https://www.linkedin.com/in/shreya-prajapati-19bb88342,https://www.linkedin.com/in/gkm563
Kathiravan Kumaravel ,Gautam Kumar  Maurya,"7/5/26, 8:33 AM",,INCOMING,https://www.linkedin.com/in/kathiravan-kumaravel-8910b837a,https://www.linkedin.com/in/gkm563
Lahari Muddada,Gautam Kumar  Maurya,"7/5/26, 8:29 AM",,INCOMING,https://www.linkedin.com/in/lahari-muddada-780272380,https://www.linkedin.com/in/gkm563
Sakshi Raut,Gautam Kumar  Maurya,"7/5/26, 8:14 AM",,INCOMING,https://www.linkedin.com/in/sakshi-raut-494b302b7,https://www.linkedin.com/in/gkm563
Mohit H,Gautam Kumar  Maurya,"7/5/26, 7:43 AM",,INCOMING,https://www.linkedin.com/in/themohit2121,https://www.linkedin.com/in/gkm563
Wajiha Maheen,Gautam Kumar  Maurya,"7/5/26, 7:16 AM",,INCOMING,https://www.linkedin.com/in/wajihamaheen15,https://www.linkedin.com/in/gkm563
Amrit Pal Kaur,Gautam Kumar  Maurya,"7/5/26, 7:10 AM",,INCOMING,https://www.linkedin.com/in/amrit-pal-kaur-616077323,https://www.linkedin.com/in/gkm563
Shehani Lakshika Chandrakumar,Gautam Kumar  Maurya,"7/5/26, 5:45 AM",,INCOMING,https://www.linkedin.com/in/shehani-lakshika-chandrakumar-a614a0341,https://www.linkedin.com/in/gkm563
Srijita Dey,Gautam Kumar  Maurya,"7/5/26, 5:08 AM",,INCOMING,https://www.linkedin.com/in/srijita-dey-21b603395,https://www.linkedin.com/in/gkm563
Bharti Kanwar,Gautam Kumar  Maurya,"7/5/26, 5:07 AM",,INCOMING,https://www.linkedin.com/in/bharti-kanwar-90ab35328,https://www.linkedin.com/in/gkm563
Naga Lakshmi Pagadala,Gautam Kumar  Maurya,"7/5/26, 3:53 AM",,INCOMING,https://www.linkedin.com/in/naga-lakshmi-pagadala-5217923a0,https://www.linkedin.com/in/gkm563
Abhay Pratap Singh,Gautam Kumar  Maurya,"7/5/26, 2:44 AM",,INCOMING,https://www.linkedin.com/in/abhay-pratap-singh-237bb6375,https://www.linkedin.com/in/gkm563
Dinesh Patil,Gautam Kumar  Maurya,"7/5/26, 2:32 AM",,INCOMING,https://www.linkedin.com/in/dinesh-patil-061454258,https://www.linkedin.com/in/gkm563
Sahitya Vaddi,Gautam Kumar  Maurya,"7/5/26, 2:16 AM",,INCOMING,https://www.linkedin.com/in/sahitya-vaddi-b782ab2a5,https://www.linkedin.com/in/gkm563
Prasanna Karle,Gautam Kumar  Maurya,"7/5/26, 2:07 AM",,INCOMING,https://www.linkedin.com/in/prasanna-karle-454569382,https://www.linkedin.com/in/gkm563
Ayush Kumar Sinha,Gautam Kumar  Maurya,"7/5/26, 1:51 AM",,INCOMING,https://www.linkedin.com/in/ayush-kumar-sinha-168091371,https://www.linkedin.com/in/gkm563
Ayush Gupta,Gautam Kumar  Maurya,"7/5/26, 1:35 AM",,INCOMING,https://www.linkedin.com/in/ayush-gupta-844516330,https://www.linkedin.com/in/gkm563
Srikanth Bathuka,Gautam Kumar  Maurya,"7/5/26, 1:29 AM",,INCOMING,https://www.linkedin.com/in/srikanth-bathuka-9097312b3,https://www.linkedin.com/in/gkm563
Twinkle Vadile,Gautam Kumar  Maurya,"7/5/26, 1:07 AM",,INCOMING,https://www.linkedin.com/in/twinkle-vadile-9222b035a,https://www.linkedin.com/in/gkm563
Priya Dolui,Gautam Kumar  Maurya,"7/5/26, 12:10 AM",,INCOMING,https://www.linkedin.com/in/priya-dolui-60051834b,https://www.linkedin.com/in/gkm563
Arati Kalagate,Gautam Kumar  Maurya,"7/4/26, 11:42 PM",,INCOMING,https://www.linkedin.com/in/arati-kalagate-2887b9330,https://www.linkedin.com/in/gkm563
ASHWANI  KUMAR ,Gautam Kumar  Maurya,"7/4/26, 11:38 PM",,INCOMING,https://www.linkedin.com/in/ashwani-kumar-0541a227b,https://www.linkedin.com/in/gkm563
Vishnu Babalsure,Gautam Kumar  Maurya,"7/4/26, 11:35 PM",,INCOMING,https://www.linkedin.com/in/vishnu-babalsure-006819311,https://www.linkedin.com/in/gkm563
Suʀʏandu  Gangulʏ,Gautam Kumar  Maurya,"7/4/26, 11:18 PM",,INCOMING,https://www.linkedin.com/in/suryandu-ganguly01,https://www.linkedin.com/in/gkm563
Sateechh Chandra Patel,Gautam Kumar  Maurya,"7/4/26, 11:06 PM",,INCOMING,https://www.linkedin.com/in/sateechh-chandra-patel-30182a327,https://www.linkedin.com/in/gkm563
Gayathri Gollapolu,Gautam Kumar  Maurya,"7/4/26, 10:34 PM",,INCOMING,https://www.linkedin.com/in/gayathri-gollapolu-741278362,https://www.linkedin.com/in/gkm563
Spandana Bayyapu,Gautam Kumar  Maurya,"7/4/26, 9:49 PM",,INCOMING,https://www.linkedin.com/in/spandanabayyapu,https://www.linkedin.com/in/gkm563
Ayush Gupta,Gautam Kumar  Maurya,"7/4/26, 8:56 PM",,INCOMING,https://www.linkedin.com/in/iusgupta20,https://www.linkedin.com/in/gkm563
Amritha Raja,Gautam Kumar  Maurya,"7/4/26, 8:54 PM",,INCOMING,https://www.linkedin.com/in/amritha-raja-1a781a274,https://www.linkedin.com/in/gkm563
Sʜαʜɪʟα Sʜɪғαɴɪ,Gautam Kumar  Maurya,"7/4/26, 8:24 PM",,INCOMING,https://www.linkedin.com/in/shahilashifani,https://www.linkedin.com/in/gkm563
JEEVAN JYOTI SAMAJ SEWA SANSTHAN (S.LAL PATEL),Gautam Kumar  Maurya,"7/4/26, 8:10 PM",,INCOMING,https://www.linkedin.com/in/sukhmi589,https://www.linkedin.com/in/gkm563
SHRADDHA MANE,Gautam Kumar  Maurya,"7/4/26, 8:05 PM",,INCOMING,https://www.linkedin.com/in/shraddha-mane-24bb3a417,https://www.linkedin.com/in/gkm563
Manmohan Patil,Gautam Kumar  Maurya,"7/4/26, 6:52 PM",,INCOMING,https://www.linkedin.com/in/manmohanpatil07,https://www.linkedin.com/in/gkm563
Hariom Kumar Trivedi,Gautam Kumar  Maurya,"7/4/26, 6:26 PM",,INCOMING,https://www.linkedin.com/in/hariom-kumar-trivedi-267686280,https://www.linkedin.com/in/gkm563
MILTON  SABINO SILVA,Gautam Kumar  Maurya,"7/4/26, 6:08 PM",,INCOMING,https://www.linkedin.com/in/milton7sabino7silva,https://www.linkedin.com/in/gkm563
Kajal Gautam,Gautam Kumar  Maurya,"7/4/26, 5:15 PM",,INCOMING,https://www.linkedin.com/in/kajal-gautam-2968673b4,https://www.linkedin.com/in/gkm563
Aayush Patidar,Gautam Kumar  Maurya,"7/4/26, 4:38 PM",,INCOMING,https://www.linkedin.com/in/aayush-patidar-619a04325,https://www.linkedin.com/in/gkm563
Waseem Hussain,Gautam Kumar  Maurya,"7/4/26, 12:18 PM",,INCOMING,https://www.linkedin.com/in/waseem-hussain-a74311326,https://www.linkedin.com/in/gkm563
Anshika Tiwari,Gautam Kumar  Maurya,"7/4/26, 11:30 AM",,INCOMING,https://www.linkedin.com/in/anshikatiwari1,https://www.linkedin.com/in/gkm563
LIYAKAT HUSSAIN,Gautam Kumar  Maurya,"7/4/26, 11:22 AM",,INCOMING,https://www.linkedin.com/in/liyakathussain12,https://www.linkedin.com/in/gkm563
Niraja K,Gautam Kumar  Maurya,"7/4/26, 11:21 AM",Hi.. i saw ur recent post about Cloud Junction Campus Ambassador... I too got this mail but not getting that wt hard work i done 😭😢 sorry for dm,INCOMING,https://www.linkedin.com/in/niraja-k-857a40215,https://www.linkedin.com/in/gkm563
Aishwarya Kumawat,Gautam Kumar  Maurya,"7/4/26, 11:05 AM",,INCOMING,https://www.linkedin.com/in/aishwarya-kumawat-919875379,https://www.linkedin.com/in/gkm563
Vedant Bhele,Gautam Kumar  Maurya,"7/4/26, 11:04 AM",,INCOMING,https://www.linkedin.com/in/vedantbhele,https://www.linkedin.com/in/gkm563
Soumadip Das,Gautam Kumar  Maurya,"7/4/26, 10:54 AM",,INCOMING,https://www.linkedin.com/in/soumadip-das-8837293a1,https://www.linkedin.com/in/gkm563
Prachi Porwal,Gautam Kumar  Maurya,"7/4/26, 10:22 AM",,INCOMING,https://www.linkedin.com/in/prachi-porwal-bab1a431a,https://www.linkedin.com/in/gkm563
Mithra KG,Gautam Kumar  Maurya,"7/4/26, 10:20 AM",,INCOMING,https://www.linkedin.com/in/javadev-mithra,https://www.linkedin.com/in/gkm563
SHUBHANKAR KAUSHIK,Gautam Kumar  Maurya,"7/4/26, 10:18 AM",,INCOMING,https://www.linkedin.com/in/shubhankar-kaushik,https://www.linkedin.com/in/gkm563
Aakansha  Jha,Gautam Kumar  Maurya,"7/4/26, 10:16 AM",,INCOMING,https://www.linkedin.com/in/aakansha-jha-68b50a298,https://www.linkedin.com/in/gkm563
Saniya Mirde,Gautam Kumar  Maurya,"7/4/26, 10:16 AM",,INCOMING,https://www.linkedin.com/in/saniya-mirde-104a22326,https://www.linkedin.com/in/gkm563
PRIYANSHU  MANISH,Gautam Kumar  Maurya,"7/4/26, 9:59 AM",,INCOMING,https://www.linkedin.com/in/priyanshu-manish-057899384,https://www.linkedin.com/in/gkm563
Shraddha Sondhiya,Gautam Kumar  Maurya,"7/4/26, 9:50 AM",,INCOMING,https://www.linkedin.com/in/shraddha-sondhiya-b153b8386,https://www.linkedin.com/in/gkm563
Sethupathy U,Gautam Kumar  Maurya,"7/4/26, 9:49 AM",,INCOMING,https://www.linkedin.com/in/sethupathy-u-9ba227240,https://www.linkedin.com/in/gkm563
Sravyarajesh Addanki,Gautam Kumar  Maurya,"7/4/26, 9:38 AM",,INCOMING,https://www.linkedin.com/in/sravyarajesh-addanki-54354337a,https://www.linkedin.com/in/gkm563
Devansh Nigam,Gautam Kumar  Maurya,"7/4/26, 9:31 AM",,INCOMING,https://www.linkedin.com/in/devanshaibuilder,https://www.linkedin.com/in/gkm563
Arun Y,Gautam Kumar  Maurya,"7/4/26, 9:17 AM",,INCOMING,https://www.linkedin.com/in/aruny052006,https://www.linkedin.com/in/gkm563
Prince .,Gautam Kumar  Maurya,"7/4/26, 9:12 AM",,INCOMING,https://www.linkedin.com/in/starboyprince,https://www.linkedin.com/in/gkm563
Menna Kamel,Gautam Kumar  Maurya,"7/4/26, 8:53 AM",,INCOMING,https://www.linkedin.com/in/mennakamel1,https://www.linkedin.com/in/gkm563
AKSHARA PADMANABAN,Gautam Kumar  Maurya,"7/4/26, 8:52 AM",,INCOMING,https://www.linkedin.com/in/akshara-padmanaban,https://www.linkedin.com/in/gkm563
Manshi Maurya,Gautam Kumar  Maurya,"7/4/26, 8:37 AM",,INCOMING,https://www.linkedin.com/in/manshi-maurya-237478340,https://www.linkedin.com/in/gkm563
Riya Gedam,Gautam Kumar  Maurya,"7/4/26, 8:35 AM",,INCOMING,https://www.linkedin.com/in/riya-gedam-570671313,https://www.linkedin.com/in/gkm563
Paragi Patidar,Gautam Kumar  Maurya,"7/4/26, 8:34 AM",,INCOMING,https://www.linkedin.com/in/paragi-patidar,https://www.linkedin.com/in/gkm563
Aditya Dnyaneshwar Pawar,Gautam Kumar  Maurya,"7/4/26, 8:28 AM",,INCOMING,https://www.linkedin.com/in/adityadnyaneshwarpawar,https://www.linkedin.com/in/gkm563
Dasari Tejo Kumari,Gautam Kumar  Maurya,"7/4/26, 8:28 AM",,INCOMING,https://www.linkedin.com/in/dasari-tejo-kumari-086b492bb,https://www.linkedin.com/in/gkm563
Shivam Kushwaha.,Gautam Kumar  Maurya,"7/4/26, 8:27 AM",,INCOMING,https://www.linkedin.com/in/shivam-kushwaha-b186672a6,https://www.linkedin.com/in/gkm563
Aditya Chatterjee,Gautam Kumar  Maurya,"7/4/26, 8:20 AM",,INCOMING,https://www.linkedin.com/in/aditya-chatterjee-9a869223a,https://www.linkedin.com/in/gkm563
Sahil Goyal,Gautam Kumar  Maurya,"7/4/26, 7:57 AM",,INCOMING,https://www.linkedin.com/in/sahil-goyal-a1a354375,https://www.linkedin.com/in/gkm563
Sumit Tiwari,Gautam Kumar  Maurya,"7/4/26, 7:34 AM",,INCOMING,https://www.linkedin.com/in/sumit-tiwari-b18701380,https://www.linkedin.com/in/gkm563
Dhrubajyoti Chakraborty,Gautam Kumar  Maurya,"7/4/26, 7:21 AM",,INCOMING,https://www.linkedin.com/in/dhrubajyoti-chakraborty-904088360,https://www.linkedin.com/in/gkm563
Rani Ghotale,Gautam Kumar  Maurya,"7/4/26, 7:18 AM",,INCOMING,https://www.linkedin.com/in/rani-ghotale-722bb4387,https://www.linkedin.com/in/gkm563
Ujjwal Kumar,Gautam Kumar  Maurya,"7/4/26, 7:11 AM",,INCOMING,https://www.linkedin.com/in/ujjwal-kumar-167096379,https://www.linkedin.com/in/gkm563
Sakshi Rajput,Gautam Kumar  Maurya,"7/4/26, 6:29 AM",,INCOMING,https://www.linkedin.com/in/sakshi-rajput-154703385,https://www.linkedin.com/in/gkm563
Gaurav Singh,Gautam Kumar  Maurya,"7/4/26, 6:13 AM",,INCOMING,https://www.linkedin.com/in/gauravtech24,https://www.linkedin.com/in/gkm563
Himanshu Singh  Ajraria,Gautam Kumar  Maurya,"7/4/26, 6:02 AM",,INCOMING,https://www.linkedin.com/in/himanshu-singh-ajraria-07218b335,https://www.linkedin.com/in/gkm563
Himanshu Yadav,Gautam Kumar  Maurya,"7/4/26, 1:17 AM",,INCOMING,https://www.linkedin.com/in/himanshu-yadav-085048322,https://www.linkedin.com/in/gkm563
Shreya Chaurasia,Gautam Kumar  Maurya,"7/3/26, 8:25 PM",,INCOMING,https://www.linkedin.com/in/shreya-chaurasia-739089395,https://www.linkedin.com/in/gkm563
Abhishek Kumar Pandey,Gautam Kumar  Maurya,"7/3/26, 8:14 PM",,INCOMING,https://www.linkedin.com/in/abhishek-kumar-pandey-2b3a43356,https://www.linkedin.com/in/gkm563
Gaurav Kumar,Gautam Kumar  Maurya,"7/3/26, 6:36 PM",,INCOMING,https://www.linkedin.com/in/gaurav-kumar-769319289,https://www.linkedin.com/in/gkm563
Eklavya Shukla,Gautam Kumar  Maurya,"7/3/26, 7:00 AM",,INCOMING,https://www.linkedin.com/in/eklavya-shukla-058427378,https://www.linkedin.com/in/gkm563
Syed Basim Ali,Gautam Kumar  Maurya,"7/3/26, 6:16 AM",,INCOMING,https://www.linkedin.com/in/syed-basim-ali-2a5038413,https://www.linkedin.com/in/gkm563
Vivek Verma,Gautam Kumar  Maurya,"7/2/26, 11:59 PM",,INCOMING,https://www.linkedin.com/in/vivek-verma-920417316,https://www.linkedin.com/in/gkm563
Saksham Negi,Gautam Kumar  Maurya,"7/2/26, 11:26 PM",,INCOMING,https://www.linkedin.com/in/saksham-negi-0244bb338,https://www.linkedin.com/in/gkm563
Sirija Boinapally,Gautam Kumar  Maurya,"7/2/26, 10:13 PM",,INCOMING,https://www.linkedin.com/in/sirijaboinapally,https://www.linkedin.com/in/gkm563
Shashank Singh,Gautam Kumar  Maurya,"7/2/26, 7:27 PM",,INCOMING,https://www.linkedin.com/in/shashank-singh-73920b328,https://www.linkedin.com/in/gkm563
Dishi Yadav,Gautam Kumar  Maurya,"7/2/26, 6:39 PM",,INCOMING,https://www.linkedin.com/in/dishi-yadav-671667362,https://www.linkedin.com/in/gkm563
Sanad Mumtaz,Gautam Kumar  Maurya,"6/30/26, 8:15 PM",,INCOMING,https://www.linkedin.com/in/sanad-mumtaz-5709111b5,https://www.linkedin.com/in/gkm563
Vasimraj Mahaldar,Gautam Kumar  Maurya,"6/30/26, 7:55 PM",,INCOMING,https://www.linkedin.com/in/vasimraj-mahaldar,https://www.linkedin.com/in/gkm563
Tamanna .T,Gautam Kumar  Maurya,"6/30/26, 9:53 AM",,INCOMING,https://www.linkedin.com/in/tamanna-t-187572372,https://www.linkedin.com/in/gkm563
TANYA SHEEMAR,Gautam Kumar  Maurya,"6/30/26, 5:30 AM",,INCOMING,https://www.linkedin.com/in/tanyasheemar,https://www.linkedin.com/in/gkm563
Azka Khan,Gautam Kumar  Maurya,"6/30/26, 2:26 AM",,INCOMING,https://www.linkedin.com/in/azka-khan-353a713aa,https://www.linkedin.com/in/gkm563
Richa Maurya,Gautam Kumar  Maurya,"6/29/26, 8:00 PM",,INCOMING,https://www.linkedin.com/in/richamaurya,https://www.linkedin.com/in/gkm563
Mallesham Melasangam,Gautam Kumar  Maurya,"6/29/26, 9:33 AM",,INCOMING,https://www.linkedin.com/in/mallesham-m-52833a18b,https://www.linkedin.com/in/gkm563
Saksham Gautam,Gautam Kumar  Maurya,"6/21/26, 4:18 AM",,INCOMING,https://www.linkedin.com/in/saksham-gautam-930712320,https://www.linkedin.com/in/gkm563
Anamika Garg,Gautam Kumar  Maurya,"6/29/26, 7:36 AM",,INCOMING,https://www.linkedin.com/in/anamika-garg-765bab288,https://www.linkedin.com/in/gkm563
Tarun Kumar Pathak,Gautam Kumar  Maurya,"6/29/26, 6:48 AM",,INCOMING,https://www.linkedin.com/in/tarunkumarpathak,https://www.linkedin.com/in/gkm563
Mukul Bindal,Gautam Kumar  Maurya,"6/29/26, 5:02 AM",,INCOMING,https://www.linkedin.com/in/mukul-bindal-30mb,https://www.linkedin.com/in/gkm563
Udit Sanwal,Gautam Kumar  Maurya,"6/28/26, 11:53 PM",,INCOMING,https://www.linkedin.com/in/udit-sanwal,https://www.linkedin.com/in/gkm563
Huzaifa Khan,Gautam Kumar  Maurya,"6/28/26, 11:59 AM",,INCOMING,https://www.linkedin.com/in/huzaifa-khan-36727131a,https://www.linkedin.com/in/gkm563
Rahul K,Gautam Kumar  Maurya,"6/28/26, 11:40 AM",,INCOMING,https://www.linkedin.com/in/rahuloffsec,https://www.linkedin.com/in/gkm563
Deepjyoti Verma,Gautam Kumar  Maurya,"6/28/26, 2:50 AM",,INCOMING,https://www.linkedin.com/in/deepjyoti-verma-b576233a3,https://www.linkedin.com/in/gkm563
Pratigya Singh,Gautam Kumar  Maurya,"6/28/26, 1:04 AM",,INCOMING,https://www.linkedin.com/in/pratigya-singh-a11841419,https://www.linkedin.com/in/gkm563
Mohammad Asim Ansari,Gautam Kumar  Maurya,"6/28/26, 1:01 AM",,INCOMING,https://www.linkedin.com/in/mohammad-asim-ansari-a9ba16305,https://www.linkedin.com/in/gkm563
Sneha Sharma,Gautam Kumar  Maurya,"6/27/26, 8:23 AM",,INCOMING,https://www.linkedin.com/in/sneha-sharma-b1b828412,https://www.linkedin.com/in/gkm563
Neelima M,Gautam Kumar  Maurya,"6/27/26, 8:00 AM",,INCOMING,https://www.linkedin.com/in/neelima-m-292ab0338,https://www.linkedin.com/in/gkm563
Shivam Kumar,Gautam Kumar  Maurya,"6/26/26, 12:34 PM",,INCOMING,https://www.linkedin.com/in/shivam-kumar-68739a312,https://www.linkedin.com/in/gkm563
Deepali Verma,Gautam Kumar  Maurya,"6/26/26, 4:13 AM",,INCOMING,https://www.linkedin.com/in/deepali-verma-478947374,https://www.linkedin.com/in/gkm563
Sakshi Tomar,Gautam Kumar  Maurya,"6/26/26, 2:18 AM",,INCOMING,https://www.linkedin.com/in/sakshiiitomar,https://www.linkedin.com/in/gkm563
Rishabh Patel,Gautam Kumar  Maurya,"6/25/26, 11:41 PM",,INCOMING,https://www.linkedin.com/in/rishabh-patel-b900a9259,https://www.linkedin.com/in/gkm563
Sandip Biswa,Gautam Kumar  Maurya,"6/25/26, 1:08 PM",,INCOMING,https://www.linkedin.com/in/sandip-b-636b85142,https://www.linkedin.com/in/gkm563
Vishal Shrestha,Gautam Kumar  Maurya,"6/25/26, 10:06 AM",,INCOMING,https://www.linkedin.com/in/vishal-shrestha-7ab968310,https://www.linkedin.com/in/gkm563
Sachin Singh,Gautam Kumar  Maurya,"6/25/26, 5:43 AM",,INCOMING,https://www.linkedin.com/in/sachin-singh-a3a546356,https://www.linkedin.com/in/gkm563
Krishna Sharma,Gautam Kumar  Maurya,"6/25/26, 12:24 AM",,INCOMING,https://www.linkedin.com/in/krishna-sharma-649008219,https://www.linkedin.com/in/gkm563
Raj Krishna Choudhary,Gautam Kumar  Maurya,"6/24/26, 9:47 PM",,INCOMING,https://www.linkedin.com/in/rkchy2003,https://www.linkedin.com/in/gkm563
Pragya Sharma,Gautam Kumar  Maurya,"6/24/26, 7:06 PM","Hi Gautam Kumar, As the saying goes, Never despise the needle just because the sword seems bigger, each has its moment of value.  I might be that needle with our customized AI automated mini tools that help reduce repetitive tasks & simplify daily operation  Would You Like To Be My Linkedin Friend?",INCOMING,https://www.linkedin.com/in/pragya-sharma-52877b170,https://www.linkedin.com/in/gkm563
Tanisha Prasad,Gautam Kumar  Maurya,"6/24/26, 10:14 AM",,INCOMING,https://www.linkedin.com/in/tanisha-prasad-0a8688338,https://www.linkedin.com/in/gkm563
Suraj Prasad Rout,Gautam Kumar  Maurya,"6/24/26, 9:20 AM",,INCOMING,https://www.linkedin.com/in/suraj-prasad-rout,https://www.linkedin.com/in/gkm563
Tanish Kadam,Gautam Kumar  Maurya,"6/24/26, 5:20 AM",,INCOMING,https://www.linkedin.com/in/tanish-kadam,https://www.linkedin.com/in/gkm563
Awais Murtaza,Gautam Kumar  Maurya,"6/22/26, 1:31 PM",,INCOMING,https://www.linkedin.com/in/awaism820,https://www.linkedin.com/in/gkm563
Kunal Gupta,Gautam Kumar  Maurya,"6/22/26, 2:42 AM",,INCOMING,https://www.linkedin.com/in/kunalgupta-builds,https://www.linkedin.com/in/gkm563
Sameer Kr Srivastava,Gautam Kumar  Maurya,"6/22/26, 12:09 AM",,INCOMING,https://www.linkedin.com/in/sameer-kr-srivastava-5673092a5,https://www.linkedin.com/in/gkm563
Gadara Het,Gautam Kumar  Maurya,"6/21/26, 9:22 PM",,INCOMING,https://www.linkedin.com/in/gadara-het-6121b0373,https://www.linkedin.com/in/gkm563
Aradhya Jaganwar,Gautam Kumar  Maurya,"6/21/26, 1:34 PM",,INCOMING,https://www.linkedin.com/in/aradhya-jaganwar-4360a9382,https://www.linkedin.com/in/gkm563
Mohd Mustaqeem,Gautam Kumar  Maurya,"6/21/26, 11:09 AM",,INCOMING,https://www.linkedin.com/in/mohd-mustaqeem-8a3b281a4,https://www.linkedin.com/in/gkm563
Mitali Chaturvedi,Gautam Kumar  Maurya,"6/21/26, 9:26 AM",,INCOMING,https://www.linkedin.com/in/mitali-chaturvedi-182a6631b,https://www.linkedin.com/in/gkm563
Avinash Kushwaha,Gautam Kumar  Maurya,"6/21/26, 9:08 AM",,INCOMING,https://www.linkedin.com/in/avinash-kushwaha-b50833265,https://www.linkedin.com/in/gkm563
Bablu Kumar,Gautam Kumar  Maurya,"6/21/26, 3:40 AM",,INCOMING,https://www.linkedin.com/in/bablu-mca,https://www.linkedin.com/in/gkm563
Shaisha Trivedi,Gautam Kumar  Maurya,"6/21/26, 2:04 AM",,INCOMING,https://www.linkedin.com/in/shaisha-trivedi-5b0825334,https://www.linkedin.com/in/gkm563
Ali Ahmad Sadat,Gautam Kumar  Maurya,"6/20/26, 10:28 PM",,INCOMING,https://www.linkedin.com/in/ali-ahmad-sadat-5632b7375,https://www.linkedin.com/in/gkm563
Adarsh Jain,Gautam Kumar  Maurya,"6/20/26, 8:44 PM",,INCOMING,https://www.linkedin.com/in/adarshjain3011,https://www.linkedin.com/in/gkm563
Ipsita Prajnasmita Dhal,Gautam Kumar  Maurya,"6/20/26, 8:23 PM",,INCOMING,https://www.linkedin.com/in/ipsita-prajnasmita-dhal,https://www.linkedin.com/in/gkm563
Chirag Sherwani,Gautam Kumar  Maurya,"6/20/26, 12:11 PM",,INCOMING,https://www.linkedin.com/in/chiragsherwani,https://www.linkedin.com/in/gkm563
KRISHNA VARSHNEY ,Gautam Kumar  Maurya,"6/20/26, 11:39 AM",,INCOMING,https://www.linkedin.com/in/krishna-varshney-b12b3933a,https://www.linkedin.com/in/gkm563
Hardik Garg,Gautam Kumar  Maurya,"6/20/26, 1:44 AM",,INCOMING,https://www.linkedin.com/in/hardik-garg251305,https://www.linkedin.com/in/gkm563
Kartikey Pandey,Gautam Kumar  Maurya,"6/19/26, 9:39 PM",,INCOMING,https://www.linkedin.com/in/kartikey-pandey-72133a393,https://www.linkedin.com/in/gkm563
WiredAI Ventures,Gautam Kumar  Maurya,"6/19/26, 12:15 PM",,INCOMING,https://www.linkedin.com/in/wiredai-ventures-b3874b378,https://www.linkedin.com/in/gkm563
Anant Jain,Gautam Kumar  Maurya,"6/19/26, 9:00 AM",,INCOMING,https://www.linkedin.com/in/anant-jain-106094307,https://www.linkedin.com/in/gkm563
Palak Kumari,Gautam Kumar  Maurya,"6/19/26, 8:42 AM",,INCOMING,https://www.linkedin.com/in/palak-kumari-369893331,https://www.linkedin.com/in/gkm563
Saniya Yadav,Gautam Kumar  Maurya,"6/19/26, 6:49 AM",,INCOMING,https://www.linkedin.com/in/saniya-yadav0,https://www.linkedin.com/in/gkm563
Muskan Singh,Gautam Kumar  Maurya,"6/19/26, 5:11 AM",,INCOMING,https://www.linkedin.com/in/muskan-singh-64b0012a9,https://www.linkedin.com/in/gkm563
Mohd Aaftab,Gautam Kumar  Maurya,"6/19/26, 12:15 AM",,INCOMING,https://www.linkedin.com/in/mohd-aaftab,https://www.linkedin.com/in/gkm563
Akash Gupta,Gautam Kumar  Maurya,"6/18/26, 11:35 PM",,INCOMING,https://www.linkedin.com/in/akash-gupta-1a97a7354,https://www.linkedin.com/in/gkm563
Nitin kumar Pal,Gautam Kumar  Maurya,"6/18/26, 2:45 PM",,INCOMING,https://www.linkedin.com/in/nitin-kumar-pal-33a858352,https://www.linkedin.com/in/gkm563
Jasmeen Kaur,Gautam Kumar  Maurya,"6/18/26, 8:31 AM",,INCOMING,https://www.linkedin.com/in/jasmeen-kaur-5aa430385,https://www.linkedin.com/in/gkm563
Ragghav Sharma,Gautam Kumar  Maurya,"6/18/26, 8:26 AM",,INCOMING,https://www.linkedin.com/in/ragghav-sharma,https://www.linkedin.com/in/gkm563
Sandesh Choudhary,Gautam Kumar  Maurya,"6/18/26, 12:27 AM",,INCOMING,https://www.linkedin.com/in/sandesh-choudhary-8ab512392,https://www.linkedin.com/in/gkm563
Samriddhi Shiksan Sansthan,Gautam Kumar  Maurya,"6/17/26, 8:52 PM",,INCOMING,https://www.linkedin.com/in/samriddhi-shiksan-sansthan-626a29296,https://www.linkedin.com/in/gkm563
Arun Ravindran,Gautam Kumar  Maurya,"6/17/26, 7:15 PM",,INCOMING,https://www.linkedin.com/in/arun-ravindran-82b049272,https://www.linkedin.com/in/gkm563
Tejaswi Pandey,Gautam Kumar  Maurya,"6/17/26, 8:46 AM",,INCOMING,https://www.linkedin.com/in/tejaswi-pandey-589189373,https://www.linkedin.com/in/gkm563
Abdul kaleem  khan,Gautam Kumar  Maurya,"6/17/26, 8:01 AM",,INCOMING,https://www.linkedin.com/in/abdul-kaleem-khan-355644380,https://www.linkedin.com/in/gkm563
Ashu Kumar,Gautam Kumar  Maurya,"6/17/26, 5:35 AM",,INCOMING,https://www.linkedin.com/in/mrashukumar,https://www.linkedin.com/in/gkm563
Harsh Vardhan Singh,Gautam Kumar  Maurya,"6/17/26, 3:41 AM",,INCOMING,https://www.linkedin.com/in/harsh-vardhan-singh-4684a52b5,https://www.linkedin.com/in/gkm563
Nitin Yadav,Gautam Kumar  Maurya,"6/17/26, 2:12 AM",,INCOMING,https://www.linkedin.com/in/nitin-yadav-1620b8273,https://www.linkedin.com/in/gkm563
DESILLA RAJMOHAN,Gautam Kumar  Maurya,"6/16/26, 11:13 PM",,INCOMING,https://www.linkedin.com/in/desilla-rajmohan-67b6623a3,https://www.linkedin.com/in/gkm563
Rafia Minhaj,Gautam Kumar  Maurya,"6/16/26, 8:00 AM",,INCOMING,https://www.linkedin.com/in/rafiaminhaj,https://www.linkedin.com/in/gkm563
Diksha Kapoor,Gautam Kumar  Maurya,"6/16/26, 6:56 AM",,INCOMING,https://www.linkedin.com/in/diksha-kapoor-b45b84391,https://www.linkedin.com/in/gkm563
AFSHA .,Gautam Kumar  Maurya,"6/15/26, 6:25 PM",,INCOMING,https://www.linkedin.com/in/afsha-b520b7343,https://www.linkedin.com/in/gkm563
Syam Nithin Yanamadala,Gautam Kumar  Maurya,"6/15/26, 11:39 AM",,INCOMING,https://www.linkedin.com/in/syam-nithin-yanamadala-174aa23b3,https://www.linkedin.com/in/gkm563
Hashif BATCHA,Gautam Kumar  Maurya,"6/15/26, 8:18 AM",,INCOMING,https://www.linkedin.com/in/hashif-batcha,https://www.linkedin.com/in/gkm563
Aman Deshwal,Gautam Kumar  Maurya,"6/15/26, 7:54 AM",,INCOMING,https://www.linkedin.com/in/aman-deshwal-448616381,https://www.linkedin.com/in/gkm563
Satya Shakya,Gautam Kumar  Maurya,"6/15/26, 6:59 AM",,INCOMING,https://www.linkedin.com/in/satya-shakya-25a0a3272,https://www.linkedin.com/in/gkm563
Ravi Kumar,Gautam Kumar  Maurya,"6/15/26, 6:59 AM",,INCOMING,https://www.linkedin.com/in/ravikumarxy321,https://www.linkedin.com/in/gkm563
VIVEK PAREEK,Gautam Kumar  Maurya,"6/15/26, 1:31 AM",,INCOMING,https://www.linkedin.com/in/vivek-pareek-37417a380,https://www.linkedin.com/in/gkm563
Bala Veera Venkata Sunil Podugu,Gautam Kumar  Maurya,"6/14/26, 9:12 PM",,INCOMING,https://www.linkedin.com/in/bala-veera-venkata-sunil-podugu-294758292,https://www.linkedin.com/in/gkm563
Khushi Verma,Gautam Kumar  Maurya,"6/14/26, 5:39 AM",,INCOMING,https://www.linkedin.com/in/khushi-verma-818023322,https://www.linkedin.com/in/gkm563
Aditya Kumar Gupta,Gautam Kumar  Maurya,"6/13/26, 6:23 PM",,INCOMING,https://www.linkedin.com/in/aditya-kumar-gupta-12126138a,https://www.linkedin.com/in/gkm563
Palak Gupta,Gautam Kumar  Maurya,"6/13/26, 2:19 AM",,INCOMING,https://www.linkedin.com/in/palak-gupta-318abb343,https://www.linkedin.com/in/gkm563
Mohd Anas,Gautam Kumar  Maurya,"6/13/26, 1:47 AM",,INCOMING,https://www.linkedin.com/in/mohd-anas-9184b2272,https://www.linkedin.com/in/gkm563
Yash Wankhede,Gautam Kumar  Maurya,"6/13/26, 1:10 AM",,INCOMING,https://www.linkedin.com/in/yash-wankhede-303416395,https://www.linkedin.com/in/gkm563
Anupama Bharti,Gautam Kumar  Maurya,"6/12/26, 11:17 PM",,INCOMING,https://www.linkedin.com/in/anupama-bharti-754a26382,https://www.linkedin.com/in/gkm563
Tejas Mahapatra,Gautam Kumar  Maurya,"6/12/26, 11:12 PM",,INCOMING,https://www.linkedin.com/in/tejas-mahapatra,https://www.linkedin.com/in/gkm563
Sakhamuri Mounika,Gautam Kumar  Maurya,"6/12/26, 8:10 PM",,INCOMING,https://www.linkedin.com/in/sakhamuri-mounika-752383320,https://www.linkedin.com/in/gkm563
Viraj Maru,Gautam Kumar  Maurya,"6/12/26, 6:08 PM",,INCOMING,https://www.linkedin.com/in/viraj-maru2210,https://www.linkedin.com/in/gkm563
Runjan Ramteke,Gautam Kumar  Maurya,"6/12/26, 11:40 AM",,INCOMING,https://www.linkedin.com/in/runjan-ramteke-8926b63a1,https://www.linkedin.com/in/gkm563
Abhay Kumar,Gautam Kumar  Maurya,"6/12/26, 9:33 AM",,INCOMING,https://www.linkedin.com/in/abhay-012-prvt,https://www.linkedin.com/in/gkm563
Anaswara Padiyara,Gautam Kumar  Maurya,"6/12/26, 9:30 AM",,INCOMING,https://www.linkedin.com/in/anaswara-padiyara-01756a344,https://www.linkedin.com/in/gkm563
Ishant Gupta,Gautam Kumar  Maurya,"6/12/26, 8:32 AM",,INCOMING,https://www.linkedin.com/in/ishant-g,https://www.linkedin.com/in/gkm563
Abhay Pathania 🇮🇳,Gautam Kumar  Maurya,"6/11/26, 11:25 PM",,INCOMING,https://www.linkedin.com/in/abhaypathania7,https://www.linkedin.com/in/gkm563
Saurabh Mishra,Gautam Kumar  Maurya,"6/11/26, 9:45 PM",,INCOMING,https://www.linkedin.com/in/saurabh-mishra-826427245,https://www.linkedin.com/in/gkm563
Sameer .,Gautam Kumar  Maurya,"6/11/26, 7:31 PM",,INCOMING,https://www.linkedin.com/in/sameer0,https://www.linkedin.com/in/gkm563
Adarsh Panday,Gautam Kumar  Maurya,"6/11/26, 6:29 PM",,INCOMING,https://www.linkedin.com/in/adarsh-panday-8721a634a,https://www.linkedin.com/in/gkm563
KHUSHI  KUMARI ,Gautam Kumar  Maurya,"6/11/26, 11:50 AM",,INCOMING,https://www.linkedin.com/in/khushi-kumari-9719063b7,https://www.linkedin.com/in/gkm563
Er Chandrama Prasad,Gautam Kumar  Maurya,"6/11/26, 11:17 AM",,INCOMING,https://www.linkedin.com/in/er-chandrama-prasad-7587a01b0,https://www.linkedin.com/in/gkm563
Aryan Soni,Gautam Kumar  Maurya,"6/11/26, 11:17 AM",,INCOMING,https://www.linkedin.com/in/aryan-soni-30a567331,https://www.linkedin.com/in/gkm563
Anjani Patel,Gautam Kumar  Maurya,"6/11/26, 11:11 AM",,INCOMING,https://www.linkedin.com/in/anjani-patel-892813370,https://www.linkedin.com/in/gkm563
Ayush Kumar Singh,Gautam Kumar  Maurya,"6/7/26, 11:07 PM",,INCOMING,https://www.linkedin.com/in/ayush-kumar-singh-489295329,https://www.linkedin.com/in/gkm563
Khushi Srivastava,Gautam Kumar  Maurya,"6/7/26, 12:13 PM",,INCOMING,https://www.linkedin.com/in/khushisrivastavaa,https://www.linkedin.com/in/gkm563
Rudra Pratap Singh,Gautam Kumar  Maurya,"6/7/26, 11:50 AM",,INCOMING,https://www.linkedin.com/in/rudra-pratap-singh-384376328,https://www.linkedin.com/in/gkm563
Anurag yadav,Gautam Kumar  Maurya,"6/6/26, 11:23 PM",,INCOMING,https://www.linkedin.com/in/anurag-y-1b6395268,https://www.linkedin.com/in/gkm563
Aayush Sharma,Gautam Kumar  Maurya,"6/6/26, 10:18 PM",,INCOMING,https://www.linkedin.com/in/aayushsharma001,https://www.linkedin.com/in/gkm563
Ali Naqvi,Gautam Kumar  Maurya,"6/6/26, 7:08 AM",,INCOMING,https://www.linkedin.com/in/ali-naqvi1129,https://www.linkedin.com/in/gkm563
Hifza Khalid 🇵🇰,Gautam Kumar  Maurya,"6/6/26, 5:23 AM",,INCOMING,https://www.linkedin.com/in/hifza-khalid,https://www.linkedin.com/in/gkm563
Punit Kumar,Gautam Kumar  Maurya,"6/6/26, 4:36 AM",,INCOMING,https://www.linkedin.com/in/thepunitchaudhary,https://www.linkedin.com/in/gkm563
Devesh Kumar,Gautam Kumar  Maurya,"6/6/26, 1:47 AM",,INCOMING,https://www.linkedin.com/in/devesh123,https://www.linkedin.com/in/gkm563
Shreya Kumari,Gautam Kumar  Maurya,"6/6/26, 2:21 AM",,INCOMING,https://www.linkedin.com/in/shreya-kumari1,https://www.linkedin.com/in/gkm563
Utkarsh Kesharwani,Gautam Kumar  Maurya,"6/5/26, 9:56 PM",,INCOMING,https://www.linkedin.com/in/utkarsh-kesharwani-33413b381,https://www.linkedin.com/in/gkm563
PIYUSH KUMAR,Gautam Kumar  Maurya,"6/5/26, 8:42 PM",,INCOMING,https://www.linkedin.com/in/piyush-kumar-6342a5323,https://www.linkedin.com/in/gkm563
Subha Dhabal,Gautam Kumar  Maurya,"6/5/26, 8:25 PM",,INCOMING,https://www.linkedin.com/in/subha-dhabal-46790828b,https://www.linkedin.com/in/gkm563
Preeti Singh,Gautam Kumar  Maurya,"6/5/26, 10:45 AM",,INCOMING,https://www.linkedin.com/in/preetisingh2026,https://www.linkedin.com/in/gkm563
Shrey Mishra,Gautam Kumar  Maurya,"6/5/26, 9:30 AM",,INCOMING,https://www.linkedin.com/in/shrey-mishra-b9792b32b,https://www.linkedin.com/in/gkm563
Sahil Verma,Gautam Kumar  Maurya,"6/5/26, 9:11 AM",,INCOMING,https://www.linkedin.com/in/sahil-verma-08a960301,https://www.linkedin.com/in/gkm563
Somya Srivastava,Gautam Kumar  Maurya,"6/5/26, 8:44 AM",,INCOMING,https://www.linkedin.com/in/somya-srivastava-511585390,https://www.linkedin.com/in/gkm563
Rohit Reddy Anumolu,Gautam Kumar  Maurya,"6/5/26, 8:14 AM",,INCOMING,https://www.linkedin.com/in/rohit-reddy-anumolu-37ba33323,https://www.linkedin.com/in/gkm563
Sai samhith Reddy,Gautam Kumar  Maurya,"6/5/26, 3:41 AM",,INCOMING,https://www.linkedin.com/in/saisamhithreddy,https://www.linkedin.com/in/gkm563
Sanchit Upneja,Gautam Kumar  Maurya,"6/5/26, 3:18 AM",,INCOMING,https://www.linkedin.com/in/sanchitupneja,https://www.linkedin.com/in/gkm563
BHARATH KRISHNA,Gautam Kumar  Maurya,"6/5/26, 1:44 AM",,INCOMING,https://www.linkedin.com/in/bharathkrishna2028,https://www.linkedin.com/in/gkm563
Ayush Brahmatmaz,Gautam Kumar  Maurya,"6/5/26, 1:25 AM",,INCOMING,https://www.linkedin.com/in/ayush-brahmatmaz-a35ba8358,https://www.linkedin.com/in/gkm563
Rishav Kumar,Gautam Kumar  Maurya,"6/4/26, 11:16 PM",,INCOMING,https://www.linkedin.com/in/rishav-kumar-a1a545356,https://www.linkedin.com/in/gkm563
Adi Ratnam,Gautam Kumar  Maurya,"6/4/26, 10:27 PM",,INCOMING,https://www.linkedin.com/in/adiratnam,https://www.linkedin.com/in/gkm563
Seetanshu Yadav,Gautam Kumar  Maurya,"6/4/26, 8:26 PM",,INCOMING,https://www.linkedin.com/in/seetanshu-yadav-607548355,https://www.linkedin.com/in/gkm563
Prashant Mishra,Gautam Kumar  Maurya,"6/4/26, 8:05 PM",,INCOMING,https://www.linkedin.com/in/prashant-mishra-372a06377,https://www.linkedin.com/in/gkm563
Zaid Ahmad,Gautam Kumar  Maurya,"6/4/26, 6:21 PM",,INCOMING,https://www.linkedin.com/in/zaidahmad786,https://www.linkedin.com/in/gkm563
ABHISHEK RAJAK,Gautam Kumar  Maurya,"6/4/26, 5:39 PM",,INCOMING,https://www.linkedin.com/in/abhi123cs,https://www.linkedin.com/in/gkm563
Himanshu Dubey,Gautam Kumar  Maurya,"6/4/26, 2:35 PM",,INCOMING,https://www.linkedin.com/in/himanshu-dubey16,https://www.linkedin.com/in/gkm563
Adarsh Devaliya,Gautam Kumar  Maurya,"6/4/26, 11:20 AM",,INCOMING,https://www.linkedin.com/in/adarsh-devaliya,https://www.linkedin.com/in/gkm563
Deeksha Mishra,Gautam Kumar  Maurya,"6/4/26, 9:21 AM",,INCOMING,https://www.linkedin.com/in/deeksha-mishra-0066b429a,https://www.linkedin.com/in/gkm563
𝐒𝐡𝐚𝐢. 𝐊 (MBA FINANCE),Gautam Kumar  Maurya,"6/4/26, 7:15 AM",,INCOMING,https://www.linkedin.com/in/𝐒𝐡𝐚𝐢-𝐊-mba-finance-411168225,https://www.linkedin.com/in/gkm563
Yashvi Srivastava,Gautam Kumar  Maurya,"6/4/26, 3:05 AM",,INCOMING,https://www.linkedin.com/in/yashvi-sriv,https://www.linkedin.com/in/gkm563
Tejinder Kaur,Gautam Kumar  Maurya,"6/1/26, 7:08 PM",,INCOMING,https://www.linkedin.com/in/tejinder-kaur-a9b19828a,https://www.linkedin.com/in/gkm563
Srivatsa Raghavendra,Gautam Kumar  Maurya,"5/31/26, 7:22 PM",,INCOMING,https://www.linkedin.com/in/srivatsaraghavendra2047,https://www.linkedin.com/in/gkm563
Shagun Singh,Gautam Kumar  Maurya,"5/31/26, 1:59 AM",,INCOMING,https://www.linkedin.com/in/shagun-singh-977863405,https://www.linkedin.com/in/gkm563
Siddharth Singh,Gautam Kumar  Maurya,"5/30/26, 10:00 AM",,INCOMING,https://www.linkedin.com/in/siddharth-singh-888909412,https://www.linkedin.com/in/gkm563
Aryaman Patel,Gautam Kumar  Maurya,"5/29/26, 9:13 AM",,INCOMING,https://www.linkedin.com/in/aryaman-patel-tech,https://www.linkedin.com/in/gkm563
Vivek kumar Gond,Gautam Kumar  Maurya,"5/28/26, 9:12 PM",,INCOMING,https://www.linkedin.com/in/vivek-kumar-gond-095951306,https://www.linkedin.com/in/gkm563
Subi Keesh.   M,Gautam Kumar  Maurya,"5/27/26, 11:39 AM",,INCOMING,https://www.linkedin.com/in/subi-keesh-m,https://www.linkedin.com/in/gkm563
Praveen Tiwari,Gautam Kumar  Maurya,"5/27/26, 8:58 AM",,INCOMING,https://www.linkedin.com/in/praveen-tiwari-00868639a,https://www.linkedin.com/in/gkm563
Amandeep Gupta,Gautam Kumar  Maurya,"5/27/26, 8:18 AM",,INCOMING,https://www.linkedin.com/in/amandeep-gupta01,https://www.linkedin.com/in/gkm563
Joydeep Singh Kalra,Gautam Kumar  Maurya,"5/27/26, 4:39 AM",,INCOMING,https://www.linkedin.com/in/joydeep-singh-kalra-761812373,https://www.linkedin.com/in/gkm563
Yasir Ali,Gautam Kumar  Maurya,"5/27/26, 2:37 AM",,INCOMING,https://www.linkedin.com/in/yasir-ali-5110b532a,https://www.linkedin.com/in/gkm563
Parishkriti Gupta,Gautam Kumar  Maurya,"5/27/26, 12:34 AM",,INCOMING,https://www.linkedin.com/in/parishkriti-gupta-771288371,https://www.linkedin.com/in/gkm563
Haaniah N,Gautam Kumar  Maurya,"5/26/26, 10:55 PM",,INCOMING,https://www.linkedin.com/in/haaniah-n-7396a6383,https://www.linkedin.com/in/gkm563
Krishanjit Chakraborty,Gautam Kumar  Maurya,"5/26/26, 10:20 PM",,INCOMING,https://www.linkedin.com/in/krishanjit-chakraborty-258a5237a,https://www.linkedin.com/in/gkm563
Dhruv Sharma,Gautam Kumar  Maurya,"5/26/26, 9:23 PM",,INCOMING,https://www.linkedin.com/in/dhruv-sharma-a377952ba,https://www.linkedin.com/in/gkm563
Manoj Kumar,Gautam Kumar  Maurya,"5/26/26, 8:10 PM",,INCOMING,https://www.linkedin.com/in/manoj-kumar-a735782b5,https://www.linkedin.com/in/gkm563
Divya Mishra,Gautam Kumar  Maurya,"5/26/26, 7:53 PM",,INCOMING,https://www.linkedin.com/in/divya-mishra-cmd,https://www.linkedin.com/in/gkm563
Kruti Peepre,Gautam Kumar  Maurya,"5/26/26, 7:36 PM",,INCOMING,https://www.linkedin.com/in/peeprekruti,https://www.linkedin.com/in/gkm563
Vartika Jaiswal,Gautam Kumar  Maurya,"5/25/26, 10:32 AM",,INCOMING,https://www.linkedin.com/in/vartika-here,https://www.linkedin.com/in/gkm563
Meet Nanda,Gautam Kumar  Maurya,"5/25/26, 7:16 AM",,INCOMING,https://www.linkedin.com/in/meetnanda,https://www.linkedin.com/in/gkm563
Quazi Ali Alam,Gautam Kumar  Maurya,"5/25/26, 7:01 AM",,INCOMING,https://www.linkedin.com/in/quazi-ali-alam-a52994328,https://www.linkedin.com/in/gkm563
Shriya Singh,Gautam Kumar  Maurya,"5/25/26, 5:19 AM",,INCOMING,https://www.linkedin.com/in/shriya-singh-0017a4397,https://www.linkedin.com/in/gkm563
Riddhima Chaturvedi,Gautam Kumar  Maurya,"5/24/26, 10:45 AM",,INCOMING,https://www.linkedin.com/in/riddhimachaturvedi,https://www.linkedin.com/in/gkm563
Shivangi Sharma,Gautam Kumar  Maurya,"5/23/26, 7:16 PM",,INCOMING,https://www.linkedin.com/in/sshivangisharma71,https://www.linkedin.com/in/gkm563
HARSH  KUMAR ,Gautam Kumar  Maurya,"5/23/26, 1:27 AM",,INCOMING,https://www.linkedin.com/in/harsh-kumar-bgs11,https://www.linkedin.com/in/gkm563
Krisnapriyaa Kanagasundaram,Gautam Kumar  Maurya,"5/22/26, 9:19 PM",,INCOMING,https://www.linkedin.com/in/krisnapriyaa-kanagasundaram-21493a35b,https://www.linkedin.com/in/gkm563
Harsh Mayekar,Gautam Kumar  Maurya,"5/22/26, 9:01 PM",,INCOMING,https://www.linkedin.com/in/harsh-mayekar,https://www.linkedin.com/in/gkm563
Katyayani Agarwal,Gautam Kumar  Maurya,"5/22/26, 9:01 AM",,INCOMING,https://www.linkedin.com/in/katyayani-a-5355b121a,https://www.linkedin.com/in/gkm563
Karn Kumar,Gautam Kumar  Maurya,"5/22/26, 8:39 AM",,INCOMING,https://www.linkedin.com/in/karn-kumar-3847633b9,https://www.linkedin.com/in/gkm563
Sahil Ansari,Gautam Kumar  Maurya,"5/18/26, 6:38 AM",,INCOMING,https://www.linkedin.com/in/sahil-ansari-011124347,https://www.linkedin.com/in/gkm563
SHASHANK KESARWANI,Gautam Kumar  Maurya,"5/17/26, 10:10 PM",,INCOMING,https://www.linkedin.com/in/shashank-kesarwani-9b5892189,https://www.linkedin.com/in/gkm563
Naitik Baranwal,Gautam Kumar  Maurya,"5/17/26, 4:21 AM",,INCOMING,https://www.linkedin.com/in/naitik-baranwal-473273377,https://www.linkedin.com/in/gkm563
Ramprasad Londhe,Gautam Kumar  Maurya,"5/14/26, 11:41 PM",,INCOMING,https://www.linkedin.com/in/ramprasad-londhe,https://www.linkedin.com/in/gkm563
Divyanshi Kesharwani,Gautam Kumar  Maurya,"5/14/26, 11:24 AM",,INCOMING,https://www.linkedin.com/in/divyanshi-kesharwani-656577328,https://www.linkedin.com/in/gkm563
Yash Kumar  Makode ,Gautam Kumar  Maurya,"5/14/26, 9:43 AM",,INCOMING,https://www.linkedin.com/in/yash-kumar-makode-010bb1383,https://www.linkedin.com/in/gkm563
Vishwas Sharma,Gautam Kumar  Maurya,"5/14/26, 1:24 AM",,INCOMING,https://www.linkedin.com/in/vishwassharma28,https://www.linkedin.com/in/gkm563
Aayushi Aggarwal,Gautam Kumar  Maurya,"5/13/26, 11:39 PM",,INCOMING,https://www.linkedin.com/in/aayushi-aggarwal-6055b83a1,https://www.linkedin.com/in/gkm563
Aashish Mulaniya,Gautam Kumar  Maurya,"5/13/26, 11:34 PM",,INCOMING,https://www.linkedin.com/in/aashish-mulaniya13,https://www.linkedin.com/in/gkm563
Reddi Harshini,Gautam Kumar  Maurya,"5/13/26, 11:13 PM",,INCOMING,https://www.linkedin.com/in/reddi-harshini-b546b4388,https://www.linkedin.com/in/gkm563
SRINATH  RAJASEKAR R ,Gautam Kumar  Maurya,"5/13/26, 11:03 PM",,INCOMING,https://www.linkedin.com/in/srinath-rajasekar-r-10b52b339,https://www.linkedin.com/in/gkm563
Ayush Maurya,Gautam Kumar  Maurya,"5/13/26, 9:41 PM",,INCOMING,https://www.linkedin.com/in/ayush-maurya-a33b8228b,https://www.linkedin.com/in/gkm563
Vedraj Tiwari,Gautam Kumar  Maurya,"5/11/26, 8:04 AM",,INCOMING,https://www.linkedin.com/in/vedraj-tiwari,https://www.linkedin.com/in/gkm563
Akash Kumar Gupta,Gautam Kumar  Maurya,"5/8/26, 1:21 AM",,INCOMING,https://www.linkedin.com/in/akash-kumar-gupta-b57673343,https://www.linkedin.com/in/gkm563
Sucheta Mondal,Gautam Kumar  Maurya,"5/4/26, 4:19 AM",,INCOMING,https://www.linkedin.com/in/sucheta-mondal-a31821383,https://www.linkedin.com/in/gkm563
Neelam Kumari,Gautam Kumar  Maurya,"5/2/26, 6:48 AM",,INCOMING,https://www.linkedin.com/in/neelam-kumari-88938b331,https://www.linkedin.com/in/gkm563
Dharm Patel,Gautam Kumar  Maurya,"4/30/26, 8:10 AM",,INCOMING,https://www.linkedin.com/in/dharm3112,https://www.linkedin.com/in/gkm563
Divyanshu  Yadav,Gautam Kumar  Maurya,"4/27/26, 10:47 AM",,INCOMING,https://www.linkedin.com/in/divyanshu-yadav-8a09423b7,https://www.linkedin.com/in/gkm563
Saurabh Sonkar,Gautam Kumar  Maurya,"4/27/26, 4:55 AM",,INCOMING,https://www.linkedin.com/in/saurabh-sonkar-cloud-ai-innovator,https://www.linkedin.com/in/gkm563
Piyush Kumar Pandey,Gautam Kumar  Maurya,"4/26/26, 8:21 PM",,INCOMING,https://www.linkedin.com/in/piyush-pandey1604,https://www.linkedin.com/in/gkm563
Raushan Prakash,Gautam Kumar  Maurya,"4/26/26, 6:30 PM",,INCOMING,https://www.linkedin.com/in/raushan-prakash,https://www.linkedin.com/in/gkm563
Aditi Baranwal,Gautam Kumar  Maurya,"4/26/26, 2:09 AM",,INCOMING,https://www.linkedin.com/in/aditi-baranwal-2b9772286,https://www.linkedin.com/in/gkm563
SAHIL PANDEY,Gautam Kumar  Maurya,"4/26/26, 1:57 AM",,INCOMING,https://www.linkedin.com/in/sahil-pandey-a0070a354,https://www.linkedin.com/in/gkm563
Priyanka Battise,Gautam Kumar  Maurya,"4/24/26, 7:47 PM",,INCOMING,https://www.linkedin.com/in/priyanka-battise-638695283,https://www.linkedin.com/in/gkm563
Aastha Srivastava,Gautam Kumar  Maurya,"4/24/26, 11:07 AM",,INCOMING,https://www.linkedin.com/in/aastha-srivastava11,https://www.linkedin.com/in/gkm563
Aditya Prakash Srivastava,Gautam Kumar  Maurya,"4/24/26, 10:26 AM",,INCOMING,https://www.linkedin.com/in/adityapsriv,https://www.linkedin.com/in/gkm563
Himanshu singh,Gautam Kumar  Maurya,"4/24/26, 9:20 AM",,INCOMING,https://www.linkedin.com/in/himanshu-singh-609988304,https://www.linkedin.com/in/gkm563
Tanya Agrawal,Gautam Kumar  Maurya,"4/24/26, 8:54 AM",,INCOMING,https://www.linkedin.com/in/tanya-agrawal-5691a5383,https://www.linkedin.com/in/gkm563
Ashish P.,Gautam Kumar  Maurya,"4/24/26, 8:41 AM",,INCOMING,https://www.linkedin.com/in/imstillashish,https://www.linkedin.com/in/gkm563
Gaurav Pandey,Gautam Kumar  Maurya,"4/24/26, 8:32 AM",,INCOMING,https://www.linkedin.com/in/gaurav-pandey-webflex,https://www.linkedin.com/in/gkm563
Shivam Maurya,Gautam Kumar  Maurya,"4/24/26, 8:19 AM",,INCOMING,https://www.linkedin.com/in/shivam-maurya-b1b23b328,https://www.linkedin.com/in/gkm563
Ayush .,Gautam Kumar  Maurya,"4/24/26, 7:11 AM",,INCOMING,https://www.linkedin.com/in/ayush0306,https://www.linkedin.com/in/gkm563
Harsh Kumar,Gautam Kumar  Maurya,"4/23/26, 10:01 AM",,INCOMING,https://www.linkedin.com/in/harsh-kumar-981475319,https://www.linkedin.com/in/gkm563
Aman kumar,Gautam Kumar  Maurya,"4/23/26, 5:45 AM",,INCOMING,https://www.linkedin.com/in/aman-kumar-443999325,https://www.linkedin.com/in/gkm563
FAISHAL  AHAMAD ,Gautam Kumar  Maurya,"4/22/26, 8:29 AM",,INCOMING,https://www.linkedin.com/in/faishalahamad,https://www.linkedin.com/in/gkm563
Dr. Arti Jain,Gautam Kumar  Maurya,"4/20/26, 9:36 PM",,INCOMING,https://www.linkedin.com/in/dr-arti-jain-112b37212,https://www.linkedin.com/in/gkm563
Kalyanapu Trinadh,Gautam Kumar  Maurya,"4/19/26, 11:27 AM",,INCOMING,https://www.linkedin.com/in/kalyanapu-trinadh-bb5b1b228,https://www.linkedin.com/in/gkm563
Paramjeet Singh,Gautam Kumar  Maurya,"4/19/26, 6:03 AM",,INCOMING,https://www.linkedin.com/in/paramjeet-singh-152254319,https://www.linkedin.com/in/gkm563
Anand Maurya,Gautam Kumar  Maurya,"4/19/26, 3:14 AM",,INCOMING,https://www.linkedin.com/in/anand-maurya-247540404,https://www.linkedin.com/in/gkm563
Lince Mathew,Gautam Kumar  Maurya,"4/19/26, 2:08 AM",,INCOMING,https://www.linkedin.com/in/lince-07-mathew,https://www.linkedin.com/in/gkm563
Bushra Khalid,Gautam Kumar  Maurya,"4/18/26, 8:46 PM",,INCOMING,https://www.linkedin.com/in/bushra-khalid-bb6aaa349,https://www.linkedin.com/in/gkm563
VINITA  GIRI,Gautam Kumar  Maurya,"4/18/26, 10:06 AM",,INCOMING,https://www.linkedin.com/in/vinita-giri-b376203a3,https://www.linkedin.com/in/gkm563
Sourav Gorai,Gautam Kumar  Maurya,"4/18/26, 9:18 AM",,INCOMING,https://www.linkedin.com/in/sourav-gorai-404572349,https://www.linkedin.com/in/gkm563
Aryan Dwivedi,Gautam Kumar  Maurya,"4/18/26, 9:12 AM",,INCOMING,https://www.linkedin.com/in/aryan-dwivedi-289419379,https://www.linkedin.com/in/gkm563
Gaurang Verma,Gautam Kumar  Maurya,"4/18/26, 7:58 AM",,INCOMING,https://www.linkedin.com/in/gaurang-verma-26a3bb3b7,https://www.linkedin.com/in/gkm563
Sanjeet Prajapati,Gautam Kumar  Maurya,"4/16/26, 10:14 PM",,INCOMING,https://www.linkedin.com/in/sanjeet-prajapati-3b37ab302,https://www.linkedin.com/in/gkm563
Praveen Kumar,Gautam Kumar  Maurya,"4/15/26, 2:39 PM",,INCOMING,https://www.linkedin.com/in/praveen-kumar-226a16376,https://www.linkedin.com/in/gkm563
Harshita Chauhan,Gautam Kumar  Maurya,"4/15/26, 9:35 AM",,INCOMING,https://www.linkedin.com/in/harshita-chauhan-cse,https://www.linkedin.com/in/gkm563
Vineet Gond,Gautam Kumar  Maurya,"4/14/26, 11:35 PM",,INCOMING,https://www.linkedin.com/in/vineet-gond-1718b7350,https://www.linkedin.com/in/gkm563
Siddhant Mishra,Gautam Kumar  Maurya,"4/14/26, 1:20 AM",,INCOMING,https://www.linkedin.com/in/siddhant-mishra-0a0049382,https://www.linkedin.com/in/gkm563
Riddhika Goel,Gautam Kumar  Maurya,"4/13/26, 8:55 AM",,INCOMING,https://www.linkedin.com/in/riddhika-goel,https://www.linkedin.com/in/gkm563
Manish Kumar Gautam,Gautam Kumar  Maurya,"4/13/26, 8:32 AM",,INCOMING,https://www.linkedin.com/in/manish-kumar-gautam-56961939a,https://www.linkedin.com/in/gkm563
Pranta Sarkar,Gautam Kumar  Maurya,"4/13/26, 2:17 AM",,INCOMING,https://www.linkedin.com/in/pranta-sarkar-6357bb387,https://www.linkedin.com/in/gkm563
Saumil Gupta,Gautam Kumar  Maurya,"4/12/26, 9:11 PM",,INCOMING,https://www.linkedin.com/in/saumil-gupta,https://www.linkedin.com/in/gkm563
Devanshu  Sachdeva,Gautam Kumar  Maurya,"4/12/26, 11:36 AM",,INCOMING,https://www.linkedin.com/in/devanshu-sachdeva,https://www.linkedin.com/in/gkm563
Ayush Dwivedi,Gautam Kumar  Maurya,"4/12/26, 4:30 AM",,INCOMING,https://www.linkedin.com/in/ayush-dwivedi-496b96357,https://www.linkedin.com/in/gkm563
Yash Harfode,Gautam Kumar  Maurya,"4/11/26, 11:08 PM",,INCOMING,https://www.linkedin.com/in/yashharfode,https://www.linkedin.com/in/gkm563
Surya Pratap  Singh ,Gautam Kumar  Maurya,"4/11/26, 10:29 PM",,INCOMING,https://www.linkedin.com/in/surya-pratap-singh-25378b2b5,https://www.linkedin.com/in/gkm563
ñïkhïl sãhü,Gautam Kumar  Maurya,"4/11/26, 7:55 PM",,INCOMING,https://www.linkedin.com/in/nikhil10s,https://www.linkedin.com/in/gkm563
Shoyeb Chaudhari,Gautam Kumar  Maurya,"4/11/26, 7:12 AM",,INCOMING,https://www.linkedin.com/in/shoyeb-chaudhari1,https://www.linkedin.com/in/gkm563
Parmeshwar Yadav,Gautam Kumar  Maurya,"4/10/26, 5:14 AM",,INCOMING,https://www.linkedin.com/in/parmeshwar-yadav,https://www.linkedin.com/in/gkm563
Anshu Arora,Gautam Kumar  Maurya,"4/7/26, 7:49 PM",,INCOMING,https://www.linkedin.com/in/anshu-arora-533a1832b,https://www.linkedin.com/in/gkm563
Ishant Kashyap,Gautam Kumar  Maurya,"4/7/26, 3:15 PM",,INCOMING,https://www.linkedin.com/in/ishant-kashyap-5435ba3b7,https://www.linkedin.com/in/gkm563
Priya Prabhakar,Gautam Kumar  Maurya,"4/7/26, 8:03 AM",,INCOMING,https://www.linkedin.com/in/priya-prabhakar-78a131229,https://www.linkedin.com/in/gkm563
Vibhanshu Srivastava,Gautam Kumar  Maurya,"4/6/26, 8:24 AM",,INCOMING,https://www.linkedin.com/in/vibhanshu-srivastava-4a61b0319,https://www.linkedin.com/in/gkm563
Moksh Mittal,Gautam Kumar  Maurya,"4/6/26, 3:17 AM",,INCOMING,https://www.linkedin.com/in/moksh-mittal-196527389,https://www.linkedin.com/in/gkm563
Yash Singh,Gautam Kumar  Maurya,"4/5/26, 8:09 AM",,INCOMING,https://www.linkedin.com/in/yash-singh-368502380,https://www.linkedin.com/in/gkm563
Rupam Kumari,Gautam Kumar  Maurya,"4/5/26, 3:47 AM",,INCOMING,https://www.linkedin.com/in/rupam-kumari-8a1800321,https://www.linkedin.com/in/gkm563
Vansh Arora,Gautam Kumar  Maurya,"4/4/26, 10:35 PM",,INCOMING,https://www.linkedin.com/in/vansh-arora-b8846b298,https://www.linkedin.com/in/gkm563
Mohammed Assrarullah,Gautam Kumar  Maurya,"4/4/26, 2:41 AM",,INCOMING,https://www.linkedin.com/in/mohammed-assrar,https://www.linkedin.com/in/gkm563
Branislav Beljic,Gautam Kumar  Maurya,"4/4/26, 2:00 AM",,INCOMING,https://www.linkedin.com/in/branislav-beljic-95483a318,https://www.linkedin.com/in/gkm563
Raj  Mishra,Gautam Kumar  Maurya,"4/3/26, 10:50 AM",,INCOMING,https://www.linkedin.com/in/raj-mishra-77b738337,https://www.linkedin.com/in/gkm563
Deepa Tiwari,Gautam Kumar  Maurya,"4/3/26, 3:37 AM",,INCOMING,https://www.linkedin.com/in/deepa-tiwari-1565753a3,https://www.linkedin.com/in/gkm563
Shweta Tiwari,Gautam Kumar  Maurya,"4/3/26, 3:36 AM",,INCOMING,https://www.linkedin.com/in/shweta-tiwari448,https://www.linkedin.com/in/gkm563
Aakanksh Panicker,Gautam Kumar  Maurya,"4/2/26, 8:26 AM",,INCOMING,https://www.linkedin.com/in/aakanksh-panicker-3400181b6,https://www.linkedin.com/in/gkm563
Saper Mohamed Saper AbdAlaziz,Gautam Kumar  Maurya,"3/31/26, 5:17 AM",,INCOMING,https://www.linkedin.com/in/saperm0o7med,https://www.linkedin.com/in/gkm563
HEMAPOOJA P,Gautam Kumar  Maurya,"3/31/26, 4:41 AM",,INCOMING,https://www.linkedin.com/in/hemapooja04,https://www.linkedin.com/in/gkm563
Subhi Parashar,Gautam Kumar  Maurya,"3/30/26, 8:20 AM",,INCOMING,https://www.linkedin.com/in/subhi-parashar-9306922a3,https://www.linkedin.com/in/gkm563
Priyanshu  Arya,Gautam Kumar  Maurya,"3/28/26, 12:44 AM",,INCOMING,https://www.linkedin.com/in/priyanshu-arya-62b684359,https://www.linkedin.com/in/gkm563
Sujeet gautam,Gautam Kumar  Maurya,"3/27/26, 12:28 PM",,INCOMING,https://www.linkedin.com/in/sujeet-gautam-282469298,https://www.linkedin.com/in/gkm563
Amrita Singh,Gautam Kumar  Maurya,"3/26/26, 9:35 PM",,INCOMING,https://www.linkedin.com/in/amrita-singh-069953319,https://www.linkedin.com/in/gkm563
Shivanand Singh,Gautam Kumar  Maurya,"3/26/26, 5:05 AM",,INCOMING,https://www.linkedin.com/in/shivanand-singh-390a8431a,https://www.linkedin.com/in/gkm563
Aditya kumar,Gautam Kumar  Maurya,"3/25/26, 12:02 PM",,INCOMING,https://www.linkedin.com/in/aditya-kumar-37207338b,https://www.linkedin.com/in/gkm563
Pankaj Kumar,Gautam Kumar  Maurya,"3/25/26, 11:56 AM",,INCOMING,https://www.linkedin.com/in/pankaj-kumar-43a465256,https://www.linkedin.com/in/gkm563
Azmol wasim Hussain,Gautam Kumar  Maurya,"3/25/26, 11:30 AM",,INCOMING,https://www.linkedin.com/in/azmol-wasim-hussain-404778376,https://www.linkedin.com/in/gkm563
Shreya Dubey,Gautam Kumar  Maurya,"3/25/26, 8:34 AM",,INCOMING,https://www.linkedin.com/in/shreya-dubey-078023298,https://www.linkedin.com/in/gkm563
Bharathi Sadhu,Gautam Kumar  Maurya,"3/24/26, 7:40 AM",,INCOMING,https://www.linkedin.com/in/bharathi-sadhu-5597652b5,https://www.linkedin.com/in/gkm563
Aakriti Srivastava,Gautam Kumar  Maurya,"3/23/26, 5:22 AM",,INCOMING,https://www.linkedin.com/in/aakriti-srivastava-2a250937a,https://www.linkedin.com/in/gkm563
Mayank Verma,Gautam Kumar  Maurya,"3/23/26, 12:13 AM",,INCOMING,https://www.linkedin.com/in/mayank-verma-a1b298387,https://www.linkedin.com/in/gkm563
EduVitae Services,Gautam Kumar  Maurya,"3/22/26, 6:22 AM",,INCOMING,https://www.linkedin.com/in/eduvitae,https://www.linkedin.com/in/gkm563
Sonam Singh,Gautam Kumar  Maurya,"3/22/26, 5:28 AM",,INCOMING,https://www.linkedin.com/in/sonam-singh-1a4956343,https://www.linkedin.com/in/gkm563
Mohit Kushwaha,Gautam Kumar  Maurya,"3/21/26, 5:57 AM",,INCOMING,https://www.linkedin.com/in/mohit-kushwaha-87380323b,https://www.linkedin.com/in/gkm563
Priyansh Mishra,Gautam Kumar  Maurya,"3/21/26, 12:47 AM",,INCOMING,https://www.linkedin.com/in/priyansh-mishra-673ba63a5,https://www.linkedin.com/in/gkm563
Shivam Pandey,Gautam Kumar  Maurya,"3/20/26, 9:52 PM",,INCOMING,https://www.linkedin.com/in/shivampandey123mzp,https://www.linkedin.com/in/gkm563
Hyndhava Mahesh,Gautam Kumar  Maurya,"3/20/26, 9:31 PM",,INCOMING,https://www.linkedin.com/in/hyndhava-mahesh-30894a27a,https://www.linkedin.com/in/gkm563
Anchal Maurya,Gautam Kumar  Maurya,"3/20/26, 5:57 AM",,INCOMING,https://www.linkedin.com/in/anchal-maurya-1a24a135a,https://www.linkedin.com/in/gkm563
Nidhi Kumari,Gautam Kumar  Maurya,"3/19/26, 6:31 PM",,INCOMING,https://www.linkedin.com/in/nidhi-kumari-8294a4332,https://www.linkedin.com/in/gkm563
Tushar Kumar,Gautam Kumar  Maurya,"3/19/26, 11:22 AM",,INCOMING,https://www.linkedin.com/in/tushar-kumar-8a399a395,https://www.linkedin.com/in/gkm563
T.Naga Sai Asmita,Gautam Kumar  Maurya,"3/19/26, 1:45 AM",,INCOMING,https://www.linkedin.com/in/t-naga-sai-asmita,https://www.linkedin.com/in/gkm563
Harshit Kannaujia,Gautam Kumar  Maurya,"3/18/26, 8:31 PM",,INCOMING,https://www.linkedin.com/in/harshit-kannaujia-1323a6331,https://www.linkedin.com/in/gkm563
Abhijat Somvanshi,Gautam Kumar  Maurya,"3/18/26, 5:45 PM",,INCOMING,https://www.linkedin.com/in/abhijat-somvanshi-712109335,https://www.linkedin.com/in/gkm563
Tushyent N P,Gautam Kumar  Maurya,"3/18/26, 2:52 PM",,INCOMING,https://www.linkedin.com/in/tushyent-n-p,https://www.linkedin.com/in/gkm563
Bhuvaneshwaran  TU,Gautam Kumar  Maurya,"3/18/26, 11:28 AM",,INCOMING,https://www.linkedin.com/in/bhuvaneshwaran-tu,https://www.linkedin.com/in/gkm563
Archit Pandey,Gautam Kumar  Maurya,"3/18/26, 10:12 AM",,INCOMING,https://www.linkedin.com/in/archit-pandey-57a009338,https://www.linkedin.com/in/gkm563
Harshit Mishra,Gautam Kumar  Maurya,"3/18/26, 7:25 AM",,INCOMING,https://www.linkedin.com/in/harshit-mishra-cse,https://www.linkedin.com/in/gkm563
RudraPratap Singh,Gautam Kumar  Maurya,"3/16/26, 10:16 AM",,INCOMING,https://www.linkedin.com/in/rudrapratap-singh-a29279335,https://www.linkedin.com/in/gkm563
Mannat Handa,Gautam Kumar  Maurya,"3/15/26, 7:06 PM",,INCOMING,https://www.linkedin.com/in/mannat-handa-317661380,https://www.linkedin.com/in/gkm563
Sagar Singh,Gautam Kumar  Maurya,"3/15/26, 6:49 PM",,INCOMING,https://www.linkedin.com/in/sagar-singh-35a8a5328,https://www.linkedin.com/in/gkm563
RATHEESH D P,Gautam Kumar  Maurya,"3/15/26, 6:09 PM",,INCOMING,https://www.linkedin.com/in/ratheesh-d-p-83b030294,https://www.linkedin.com/in/gkm563
Rishabh Shukla,Gautam Kumar  Maurya,"3/15/26, 12:09 AM",,INCOMING,https://www.linkedin.com/in/rishabh-shukla-a8333639b,https://www.linkedin.com/in/gkm563
Krishna Kumar,Gautam Kumar  Maurya,"3/14/26, 2:21 PM",,INCOMING,https://www.linkedin.com/in/krishna-kumar-5654952b0,https://www.linkedin.com/in/gkm563
Abhishek Pal,Gautam Kumar  Maurya,"3/12/26, 8:01 PM",,INCOMING,https://www.linkedin.com/in/abhishek-pal-32a1013a7,https://www.linkedin.com/in/gkm563
Prayag Dutt Upadhyay,Gautam Kumar  Maurya,"3/12/26, 6:32 AM",,INCOMING,https://www.linkedin.com/in/pd-upadhyay,https://www.linkedin.com/in/gkm563
Anshika Bhatt,Gautam Kumar  Maurya,"3/11/26, 4:27 AM",,INCOMING,https://www.linkedin.com/in/anshika-bhatt-a58802240,https://www.linkedin.com/in/gkm563
Vikash Gupta,Gautam Kumar  Maurya,"3/11/26, 12:08 AM",,INCOMING,https://www.linkedin.com/in/guptavikash14,https://www.linkedin.com/in/gkm563
Soumya mishra,Gautam Kumar  Maurya,"3/10/26, 10:24 AM",,INCOMING,https://www.linkedin.com/in/soumya-mishra-020403260,https://www.linkedin.com/in/gkm563
Anjali Patel,Gautam Kumar  Maurya,"3/10/26, 10:10 AM",,INCOMING,https://www.linkedin.com/in/anjali-p-a2ba1419b,https://www.linkedin.com/in/gkm563
Hardik Pratap Singh,Gautam Kumar  Maurya,"3/10/26, 4:34 AM",,INCOMING,https://www.linkedin.com/in/hardik-pratap-singh-a62b9b21b,https://www.linkedin.com/in/gkm563
CA Chamanesh Kumar Singh,Gautam Kumar  Maurya,"3/10/26, 3:44 AM",,INCOMING,https://www.linkedin.com/in/ca-chamanesh-kumar-singh-162886179,https://www.linkedin.com/in/gkm563
Deepak K,Gautam Kumar  Maurya,"3/10/26, 1:10 AM",,INCOMING,https://www.linkedin.com/in/deepak-k-169b5834a,https://www.linkedin.com/in/gkm563
Divas Pandey,Gautam Kumar  Maurya,"3/9/26, 6:58 PM",,INCOMING,https://www.linkedin.com/in/divas-pandey-086900372,https://www.linkedin.com/in/gkm563
Akash Jaiswal,Gautam Kumar  Maurya,"3/9/26, 11:00 AM",,INCOMING,https://www.linkedin.com/in/aakash-jaiswal2004,https://www.linkedin.com/in/gkm563
Nani Gogineni,Gautam Kumar  Maurya,"3/6/26, 8:58 AM",,INCOMING,https://www.linkedin.com/in/nani-gogineni-b5a92523b,https://www.linkedin.com/in/gkm563
Preet Yadav,Gautam Kumar  Maurya,"3/6/26, 6:09 AM",,INCOMING,https://www.linkedin.com/in/preet-yadav-59478637b,https://www.linkedin.com/in/gkm563
Rizzanne Idnani,Gautam Kumar  Maurya,"3/5/26, 5:24 AM","Hi!  Adzzat connects vetted contributors to paid, project-driven AI work with global labs. Projects span coding, ML, finance & law. High-impact contributors have earned up to ₹1L/week based on scope.  Early access: https://tr.ee/UdmyMG",INCOMING,https://www.linkedin.com/in/rizzanne-idnani-529b342a1,https://www.linkedin.com/in/gkm563
Nishchya Pandey,Gautam Kumar  Maurya,"3/4/26, 10:05 PM",,INCOMING,https://www.linkedin.com/in/nishchya-pandey-403473315,https://www.linkedin.com/in/gkm563
Devnihil Sukumar,Gautam Kumar  Maurya,"3/4/26, 10:52 AM",,INCOMING,https://www.linkedin.com/in/devnihil-sukumar,https://www.linkedin.com/in/gkm563
Sadhana Maurya,Gautam Kumar  Maurya,"3/3/26, 6:42 AM",,INCOMING,https://www.linkedin.com/in/sadhana-maurya-0062a8366,https://www.linkedin.com/in/gkm563
Sayan Nandi,Gautam Kumar  Maurya,"3/3/26, 6:00 AM",,INCOMING,https://www.linkedin.com/in/sayan-nandi-65a39a29a,https://www.linkedin.com/in/gkm563
Ravindra Yadav,Gautam Kumar  Maurya,"3/3/26, 2:34 AM",,INCOMING,https://www.linkedin.com/in/rvindra,https://www.linkedin.com/in/gkm563
HARIDHARSHAN BALA,Gautam Kumar  Maurya,"3/3/26, 1:31 AM",,INCOMING,https://www.linkedin.com/in/haridharshan-bala-0611a3227,https://www.linkedin.com/in/gkm563
ADRITA SAHA,Gautam Kumar  Maurya,"3/2/26, 11:10 PM",,INCOMING,https://www.linkedin.com/in/adrita-saha-487a122ab,https://www.linkedin.com/in/gkm563
Arunjyoti Changkakoty,Gautam Kumar  Maurya,"3/2/26, 7:44 PM",,INCOMING,https://www.linkedin.com/in/arunjyoti-changkakoty,https://www.linkedin.com/in/gkm563
Raj Kumar,Gautam Kumar  Maurya,"3/2/26, 10:00 AM",,INCOMING,https://www.linkedin.com/in/rajkr21,https://www.linkedin.com/in/gkm563
Nitika Pandey,Gautam Kumar  Maurya,"3/2/26, 9:34 AM",,INCOMING,https://www.linkedin.com/in/nitika-pandey-872b35292,https://www.linkedin.com/in/gkm563
Mohd. Anas,Gautam Kumar  Maurya,"2/27/26, 8:09 PM",,INCOMING,https://www.linkedin.com/in/mohd-anas-962474331,https://www.linkedin.com/in/gkm563
Dhivya Balakumar,Gautam Kumar  Maurya,"2/26/26, 9:59 PM",,INCOMING,https://www.linkedin.com/in/dhivyabalakumar04,https://www.linkedin.com/in/gkm563
Fazilulla Baig M,Gautam Kumar  Maurya,"2/26/26, 9:33 PM",,INCOMING,https://www.linkedin.com/in/fazilulla-baig-m,https://www.linkedin.com/in/gkm563
Chetan Aggarwal,Gautam Kumar  Maurya,"2/25/26, 10:26 PM",,INCOMING,https://www.linkedin.com/in/chetan-aggarwal-012664191,https://www.linkedin.com/in/gkm563
Priya sharma,Gautam Kumar  Maurya,"2/25/26, 7:14 AM",,INCOMING,https://www.linkedin.com/in/priya-sharma-5285383a5,https://www.linkedin.com/in/gkm563
Ananya Sachan,Gautam Kumar  Maurya,"2/25/26, 7:11 AM",,INCOMING,https://www.linkedin.com/in/ananya-sachan-41ba76390,https://www.linkedin.com/in/gkm563
Aryan Sharma,Gautam Kumar  Maurya,"2/1/26, 12:28 PM",,INCOMING,https://www.linkedin.com/in/ferrary7,https://www.linkedin.com/in/gkm563
Himanshu Gautam,Gautam Kumar  Maurya,"1/28/26, 9:15 AM",,INCOMING,https://www.linkedin.com/in/himanshu-gautam-9ba7063a3,https://www.linkedin.com/in/gkm563
Ishan Singh,Gautam Kumar  Maurya,"1/27/26, 10:25 AM",,INCOMING,https://www.linkedin.com/in/ishan-singh-734374203,https://www.linkedin.com/in/gkm563
Ansh Gupta,Gautam Kumar  Maurya,"1/26/26, 8:07 AM",,INCOMING,https://www.linkedin.com/in/ansh-gupta-93534235a,https://www.linkedin.com/in/gkm563
Saumava Das,Gautam Kumar  Maurya,"2/24/26, 8:57 PM",,INCOMING,https://www.linkedin.com/in/saumava-das-384b258,https://www.linkedin.com/in/gkm563
Saran Kumar,Gautam Kumar  Maurya,"2/23/26, 7:50 AM",,INCOMING,https://www.linkedin.com/in/0xsaran,https://www.linkedin.com/in/gkm563
Samarth Jaiswal,Gautam Kumar  Maurya,"2/22/26, 1:14 AM",,INCOMING,https://www.linkedin.com/in/samarth-jaiswal-305638399,https://www.linkedin.com/in/gkm563
Snehil Pandey,Gautam Kumar  Maurya,"2/22/26, 12:51 AM",,INCOMING,https://www.linkedin.com/in/snehil-pandey-6b4159384,https://www.linkedin.com/in/gkm563
Sandip Panchariya,Gautam Kumar  Maurya,"2/21/26, 7:54 AM",,INCOMING,https://www.linkedin.com/in/sandip-panchariya-986361378,https://www.linkedin.com/in/gkm563
Ritesh  Kasaudhan,Gautam Kumar  Maurya,"2/21/26, 3:49 AM",,INCOMING,https://www.linkedin.com/in/ritesh-kasaudhan,https://www.linkedin.com/in/gkm563
Arokia Martin N,Gautam Kumar  Maurya,"2/19/26, 6:58 AM",,INCOMING,https://www.linkedin.com/in/arokia-martin-n-548692290,https://www.linkedin.com/in/gkm563
Aditya Dubey,Gautam Kumar  Maurya,"2/18/26, 6:10 AM",,INCOMING,https://www.linkedin.com/in/aditya-dubey-b80b08218,https://www.linkedin.com/in/gkm563
Anil Maurya,Gautam Kumar  Maurya,"2/18/26, 4:45 AM",,INCOMING,https://www.linkedin.com/in/anil-maurya-53a0731b7,https://www.linkedin.com/in/gkm563
Yagna Gayathri K,Gautam Kumar  Maurya,"2/15/26, 8:01 PM",,INCOMING,https://www.linkedin.com/in/yagna-gayathri-k-06b778324,https://www.linkedin.com/in/gkm563
Devendra Dubey,Gautam Kumar  Maurya,"2/14/26, 12:56 AM",,INCOMING,https://www.linkedin.com/in/devendra-dubey-a6265a372,https://www.linkedin.com/in/gkm563
