Date/Time,Media Description,Media Link
"You uploaded a video on December 15, 2025 at 3:33 PM (GMT)", -,https://dms.licdn.com/playlist/vid/dynamic/D5605AQHjOyFlpX4BNA/CeJxzMjWLKs6sdPF29Cp2dNTVcQLzC0Iqy7wDXX1R-S4GaHwTNL4Fmn5XXQCRIR3U?e=1787191200&v=beta&t=kPslN2ww1wgd9d-5igGyQS3OK7rI7pEUUvRvnQEZVUY
"You uploaded a feed document on December 15, 2025 at 3:34 AM (GMT)", -,https://media.licdn.com/dms/document/media/v2/D561FAQEdEc7COAfLHQ/feedshare-document-url-metadata-scrapper-pdf/B56ZsgEoDqHAA0-/0/1765769644101?e=1787191200&v=beta&t=KHS6-llcJqw7djrxA96qZe5HJZ6BGGf45UVb0N21EnI
"You uploaded a video on December 13, 2025 at 1:10 PM (GMT)", -,https://dms.licdn.com/playlist/vid/dynamic/D5605AQG7qY_nC6FXaA/CeJxzMjWLKo4wzHTN8yp3jdTVcULmO6LxXdH4nmj8QF0AtR8XxA?e=1787191200&v=beta&t=qljxR42AElvQEk_oieCngr1pfyUel-1hEtZH-xj1IAw
"You uploaded a video on June 28, 2025 at 4:32 PM (GMT)", -,https://dms.licdn.com/playlist/vid/dynamic/D5605AQG6VWipU-h7Nw/CeJxzMjWLSjWOzDeM8rBw9dTVcULiu6Sj8bNR-a6uaHxfXQBrmxXQ?e=1787191200&v=beta&t=OuJViz6LcFoQchbsbkY9ks0EtC9rsxBDZUbz8ffO63Y
"You uploaded a feed photo on May 28, 2025 at 2:08 AM (GMT)", -,https://media.licdn.com/dms/image/v2/D5622AQEhYOWywZ76tQ/feedshare-shrink_800/B56ZcUpjdrHgAk-/0/1748398128970?e=1788393600&v=beta&t=XtE0llrmk4odW3HTiZJFyepSk02b4fwT6Teq6yAQ3U8
"You uploaded a feed photo on May 27, 2025 at 8:11 AM (GMT)", -,https://media.licdn.com/dms/image/v2/D5622AQGeOBm-Ht0XGg/feedshare-shrink_1280/B56ZcQy8OgHEAs-/0/1748333482350?e=1788393600&v=beta&t=67DXAddsU_h7ZXQnBJxMexQh9v3AdN4uP0eUK9V68GA
"You uploaded a video on May 23, 2025 at 1:48 AM (GMT)", -,https://dms.licdn.com/playlist/vid/dynamic/D5605AQHodqe_eAlj3A/CeJxzMjWLSstK9rCwdM93NNDVcQLyk8wMjEyTPPJdHNH4rmj8fDR-sS4AVDQVYA?e=1787191200&v=beta&t=9C_2ouANYOzkPKQCLgeO-ZCdELdIJmUYGbgIH9yfqy0
"You uploaded a feed photo on May 22, 2025 at 4:16 PM (GMT)", -,https://media.licdn.com/dms/image/v2/D5622AQG06LhYONxuug/feedshare-shrink_20/B56Zb4yB2nHgA4-/0/1747930597882?e=1788393600&v=beta&t=l63t_Ef3nK66KG5OpCJuWnaLeMaNJahZJVeISBpi5Ws
"You uploaded a feed photo on May 22, 2025 at 4:16 PM (GMT)", -,https://media.licdn.com/dms/image/v2/D5622AQF_foQ4On-mQQ/feedshare-shrink_480/B56Zb4yB2aHgAY-/0/1747930595464?e=1788393600&v=beta&t=V2pkASZg4OrOrTPpaJ2KLU85ZFZdGaE8iMKBGMzSHHo
"You uploaded a feed photo on May 22, 2025 at 4:16 PM (GMT)", -,https://media.licdn.com/dms/image/v2/D5622AQEJIbez1qgK5w/feedshare-shrink_20/B56Zb4yB10GsA0-/0/1747930591713?e=1788393600&v=beta&t=SjXCR2KYy7lIGwLEtB-xxAplaU8csfl1wE9rHHl2QU8
"You uploaded a feed photo on May 22, 2025 at 4:16 PM (GMT)", -,https://media.licdn.com/dms/image/v2/D5622AQFS7XJuIyJ5Xg/feedshare-image-high-res/B56Zb4yB1WHUAs-/0/1747930594429?e=1788393600&v=beta&t=rRlpxTwUTIEvrgTk_zrSerOpnDjljAjX7BKQ61gzELI
"You uploaded a feed photo on May 22, 2025 at 4:16 PM (GMT)", -,https://media.licdn.com/dms/image/v2/D5622AQGXZlhJZsEYiA/feedshare-shrink_800/B56Zb4yB0vHoAg-/0/1747930592560?e=1788393600&v=beta&t=DMKBsRh0Phiqh_TfAgo-PXncriPCVNKvWBJ-5nLwce4
"You uploaded a feed photo on May 22, 2025 at 4:16 PM (GMT)", -,https://media.licdn.com/dms/image/v2/D5622AQGBO8r7Uzmtgw/feedshare-shrink_480/B56Zb4yB0QHgAY-/0/1747930590381?e=1788393600&v=beta&t=musabo5bFUdqVC27e9Kuj_y9AE92a1nHpckZ26n9XFU
"You uploaded a feed photo on May 22, 2025 at 4:16 PM (GMT)", -,https://media.licdn.com/dms/image/v2/D5622AQGDX2T1S7-XMQ/feedshare-shrink_480/B56Zb4yB0BHUAc-/0/1747930590188?e=1788393600&v=beta&t=7gJ41-dW6-HLGufZpSgNBjlMGdjlgQLK2i1ICkSeCOU
"You uploaded a feed photo on May 22, 2025 at 4:16 PM (GMT)", -,https://media.licdn.com/dms/image/v2/D5622AQHDZBBeYijseA/feedshare-shrink_800/B56Zb4yBzzHgAg-/0/1747930590489?e=1788393600&v=beta&t=Ni-YQqF5EbK_7Jvs2bvkvcXGgeza02dSOtuGIiSXgvg
"You uploaded a feed photo on May 22, 2025 at 4:16 PM (GMT)", -,https://media.licdn.com/dms/image/v2/D5622AQHBEU0FWaonhg/feedshare-shrink_480/B56Zb4yBzyHoAg-/0/1747930596064?e=1788393600&v=beta&t=wgkJ3MLwKAoQPsZiYv2Ckc0uqUPPS9Q7b9tM-8E1KEA
"You uploaded a feed photo on May 22, 2025 at 4:16 PM (GMT)", -,https://media.licdn.com/dms/image/v2/D5622AQFoGRplfVlA6A/feedshare-image-high-res/B56Zb4yBzgGsA0-/0/1747930590593?e=1788393600&v=beta&t=y31Gz0oI-qc2voApwVH-O-Cicb45n2kYr_Hf8t8Rcvk
"You uploaded a feed photo on May 20, 2025 at 8:23 AM (GMT)", -,https://media.licdn.com/dms/image/v2/D5622AQEEAMhlhSiiHA/feedshare-shrink_480/B56ZbsygC_H0AY-/0/1747729386445?e=1788393600&v=beta&t=YD00pkaJ7iC4Bdd7_T0382vSsqSLxWaza_dNGcB8cGM
"You uploaded a feed photo on May 18, 2025 at 1:13 AM (GMT)", -,https://media.licdn.com/dms/image/v2/D5622AQEpvVApZeH4tw/feedshare-shrink_800/B56Zbg88dTG4Ag-/0/1747530800308?e=1788393600&v=beta&t=fYshPjr5b9a0bi9key6Mpv1HmbCUNdp0s8zYzVMr5xM
"You uploaded a feed photo on May 18, 2025 at 1:13 AM (GMT)", -,https://media.licdn.com/dms/image/v2/D5622AQHgFiUeLVmXew/feedshare-shrink_20/B56Zbg88dKH4Aw-/0/1747530802286?e=1788393600&v=beta&t=bBTcMFwLoAmZ9kTAuPVo0MsAtTtABKwIuFxgIEsRSFI
"You uploaded a feed photo on May 18, 2025 at 1:13 AM (GMT)", -,https://media.licdn.com/dms/image/v2/D5622AQFIdXtR7RAr8A/feedshare-shrink_160/B56Zbg88cOHgAc-/0/1747530796222?e=1788393600&v=beta&t=VIe58638spj2nSII0evao8UQ_K8q8A3NMVkB__xnPvI
"You uploaded a feed photo on May 18, 2025 at 1:13 AM (GMT)", -,https://media.licdn.com/dms/image/v2/D5622AQHtqjkdym1gBg/feedshare-shrink_480/B56Zbg88cOHUAc-/0/1747530800421?e=1788393600&v=beta&t=h2FgcfM9fBYKs1nQSHiWcvZiwQdHErdLjLcvQZGzuNE
"You uploaded a photo on May 12, 2025 at 10:19 AM (GMT)", -,https://media.licdn.com/dms/image/v2/D562DAQHsA0GO-Z47Cw/profile-treasury-image-shrink_8192_8192/B56ZbEAe.hH4Ag-/0/1747045185762?e=1787191200&v=beta&t=ymbC3OwQZ6KFMNnXZj7UVEcFMv-sykcTIx12djoUqqo
"You uploaded a video on May 7, 2025 at 2:19 AM (GMT)", -,https://dms.licdn.com/playlist/vid/dynamic/D5605AQH9h5OuMsYUZA/CeJxzMjWLSszPzEkz8Ah1NtHVcULmW6DyXULR-IG6AFpnEtU?e=1787191200&v=beta&t=yNfLbivyjim90Ci9N3jTSTWqJJBc9NP9hvDegdpTVLw
"You uploaded a feed photo on May 6, 2025 at 1:34 PM (GMT)", -,https://media.licdn.com/dms/image/v2/D5622AQFhQ4fk3GhTqg/feedshare-shrink_160/B56ZalznsgHgAc-/0/1746538500685?e=1788393600&v=beta&t=7QbokXKar1fNGoCHHNhj9DbPR4fUtk3oHAv4Wu9_cvI
"You uploaded a feed photo on May 6, 2025 at 1:34 PM (GMT)", -,https://media.licdn.com/dms/image/v2/D5622AQGuZrWusoy93Q/feedshare-shrink_20/B56ZalznsfGUAw-/0/1746538497239?e=1788393600&v=beta&t=wabOFlWO--BiYrZ-jxYUCPntFFMCbCfFouy_C2zoG7w
"You uploaded a feed photo on May 6, 2025 at 1:34 PM (GMT)", -,https://media.licdn.com/dms/image/v2/D5622AQFu88igT4h3Xg/feedshare-shrink_160/B56ZalznsKGUAk-/0/1746538498000?e=1788393600&v=beta&t=TqaKBCUg94N-T4tC-Qw60uT4QmfsiACgrb_ums8R2Io
"You uploaded a feed photo on May 6, 2025 at 1:30 PM (GMT)", -,https://media.licdn.com/dms/image/v2/D5622AQGNFxTxWsRDAg/feedshare-shrink_20/B56Zalyl_tHUA0-/0/1746538229860?e=1788393600&v=beta&t=N_4TMdvHnfbqEKvkg2Ln90UW_Ajzo92clD-14MRkO0Q
"You uploaded a feed photo on May 6, 2025 at 1:30 PM (GMT)", -,https://media.licdn.com/dms/image/v2/D5622AQFKJZN1LaA4fg/feedshare-shrink_480/B56Zalyl.vGgAY-/0/1746538231461?e=1788393600&v=beta&t=ZT4EI47kX85dBvfwc-wNpJ95gystxrQPPbIEUMmVowk
"You uploaded a feed photo on May 6, 2025 at 1:29 PM (GMT)", -,https://media.licdn.com/dms/image/v2/D5622AQHH2QQm_mdnbA/feedshare-shrink_1280/B56ZalyemDHgAk-/0/1746538201181?e=1788393600&v=beta&t=pUuD24UWh_fDiYiwrbjcG4dNhhRVt13g07Q2JqSMD5A
"You uploaded a feed photo on May 6, 2025 at 1:29 PM (GMT)", -,https://media.licdn.com/dms/image/v2/D5622AQF6sTwzveyTSg/feedshare-shrink_160/B56Zalyel_GgAc-/0/1746538198804?e=1788393600&v=beta&t=rYjdElkh9o8UG4fD1OYKkY8frZhsbe5MYCq_1BbU934
"You uploaded a video on April 28, 2025 at 2:12 AM (GMT)", -,https://dms.licdn.com/playlist/vid/dynamic/D5605AQFgY1bhve1Jxg/CeJxzMjWLijLzzg-M90h3NtDVcULmm6DyXQLR-L66ADxvEgk?e=1787191200&v=beta&t=03QwO8O3Ifi10h8wFG2oAgFd-j_g5prccNf03o_SEK4
"You uploaded a feed photo on April 26, 2025 at 1:22 PM (GMT)", -,https://media.licdn.com/dms/image/v2/D5622AQGiLRNvQl6T2g/feedshare-shrink_480/B56ZZyQ1w2GUAg-/0/1745673739785?e=1788393600&v=beta&t=cKe11tYp1uELcgYGffyo24yulfbzgOqtbJnBEUZMLsA
"You uploaded a feed photo on April 26, 2025 at 1:22 PM (GMT)", -,https://media.licdn.com/dms/image/v2/D5622AQGLa8rr2Ux8nw/feedshare-image-high-res/B56ZZyQ1wtGQAs-/0/1745673739581?e=1788393600&v=beta&t=zaCW1mHY02hA6w59R5zn5ZLCPzudFJCbceE9o2pny2Y
"You uploaded a feed photo on April 26, 2025 at 1:22 PM (GMT)", -,https://media.licdn.com/dms/image/v2/D5622AQGkggdmPtyvIQ/feedshare-shrink_480/B56ZZyQ1wrGkAY-/0/1745673739511?e=1788393600&v=beta&t=rk2KfSmnY6KRObHx5XIiQofRhCqVvlidhOlASeHS1_c
"You uploaded a feed photo on April 26, 2025 at 1:22 PM (GMT)", -,https://media.licdn.com/dms/image/v2/D5622AQFyyPniBKbVOA/feedshare-image-high-res/B56ZZyQ1wuHgAw-/0/1745673739536?e=1788393600&v=beta&t=8dqd_LxpjMyuxmcMf_HO5OgeekQeeRz5wEol99zTiQk
"You uploaded a feed photo on April 26, 2025 at 1:22 PM (GMT)", -,https://media.licdn.com/dms/image/v2/D5622AQGM0YhcbcdAig/feedshare-shrink_800/B56ZZyQ1wqHAAg-/0/1745673739585?e=1788393600&v=beta&t=21McQOJhi94zJPZ7UCPgGXfQr8-xw_BdVrx-3Yz-49Q
"You uploaded a feed photo on April 26, 2025 at 1:22 PM (GMT)", -,https://media.licdn.com/dms/image/v2/D5622AQH2JSOLKHCf-g/feedshare-shrink_20/B56ZZyQ1wtGkAw-/0/1745673739534?e=1788393600&v=beta&t=E4t3NEoMV-b3N-qbyWZZ6t9XUBkyBxmrINlmhHwdReQ
"You uploaded a feed photo on April 26, 2025 at 1:22 PM (GMT)", -,https://media.licdn.com/dms/image/v2/D5622AQFf1FODspfdYQ/feedshare-shrink_480/B56ZZyQ1woHAAY-/0/1745673739654?e=1788393600&v=beta&t=HmTEMFd1u-RTJ0WBzQJJIglfClLj1hymp3l8jQ30_Vk
"You uploaded a feed photo on April 26, 2025 at 1:22 PM (GMT)", -,https://media.licdn.com/dms/image/v2/D5622AQFvYjNp07kdlA/feedshare-shrink_160/B56ZZyQ1wpHgAc-/0/1745673739526?e=1788393600&v=beta&t=OqH4ZKpJuCasGN6bU7FRT5H6c79uCCSo0aqKJFaYr8I
"You uploaded a feed photo on April 26, 2025 at 1:22 PM (GMT)", -,https://media.licdn.com/dms/image/v2/D5622AQGcnHqFsyB0lQ/feedshare-shrink_800/B56ZZyQ1wrGQAg-/0/1745673739570?e=1788393600&v=beta&t=TwzUIaE_QWEHhYZWONU4sY3-OpgePk52jmBHpzSCmIs
"You uploaded a feed photo on April 26, 2025 at 1:22 PM (GMT)", -,https://media.licdn.com/dms/image/v2/D5622AQHS2846LRjkCQ/feedshare-shrink_160/B56ZZyQ1wsHgAc-/0/1745673739575?e=1788393600&v=beta&t=ULBCuo1C4h0yGxgPAdEamSRs1j-EqRuhAeYyx2AG2BA
"You uploaded a feed photo on April 24, 2025 at 5:29 PM (GMT)", -,https://media.licdn.com/dms/image/v2/D4E22AQE-CCGIOM5pSw/feedshare-shrink_800/B4EZZo2QXuHoAk-/0/1745515779650?e=1788393600&v=beta&t=rcwhZOBG6DP4Gcn4ZR9PHkyLclLDr8FNQW7V71DZiis
"You uploaded a feed photo on April 24, 2025 at 5:29 PM (GMT)", -,https://media.licdn.com/dms/image/v2/D4E22AQEkCdIKNFlT_g/feedshare-shrink_800/B4EZZo2QW4H0Ag-/0/1745515779554?e=1788393600&v=beta&t=rWuaXNUDbDwD5EgHfkH2kvc_W0m6bRsBunHgKZcbEgQ
"You uploaded a feed photo on April 24, 2025 at 5:28 PM (GMT)", -,https://media.licdn.com/dms/image/v2/D4E22AQGajM76eWyP_A/feedshare-shrink_160/B4EZZo1.LuHEAo-/0/1745515701351?e=1788393600&v=beta&t=y2Ha71hvThMQ3aFO-x7Mb1z8UfUetBnfVpnjAqhHBH4
"You uploaded a feed photo on April 24, 2025 at 5:28 PM (GMT)", -,https://media.licdn.com/dms/image/v2/D4E22AQEhFAgLVQATzQ/feedshare-shrink_480/B4EZZo1.LQHEAY-/0/1745515701242?e=1788393600&v=beta&t=5cENAz2WBzFOa6cirAzD0kJyUNDsXe2vEs5oqghf63Q
"You uploaded a feed photo on April 24, 2025 at 5:08 PM (GMT)", -,https://media.licdn.com/dms/image/v2/D4E22AQEoVYSdx5zRhQ/feedshare-shrink_1280/B4EZZoxX1PH0Ak-/0/1745514502136?e=1788393600&v=beta&t=vMclgJ8zpVfsTSS7lbHMu8gwZiJ3NfRGRfERQFAnxqk
"You uploaded a feed photo on April 24, 2025 at 5:08 PM (GMT)", -,https://media.licdn.com/dms/image/v2/D4E22AQGLyOdvS6LXEg/feedshare-shrink_160/B4EZZoxX0MGYAg-/0/1745514497816?e=1788393600&v=beta&t=10LZNprllcj6B9T-5WvIMbDbOdspBOMuVQhNWxNWHhc
"You uploaded a feed photo on April 22, 2025 at 2:48 PM (GMT)", -,https://media.licdn.com/dms/image/v2/D5622AQFll0GvbUavpQ/feedshare-shrink_800/B56ZZd.PaQHsAk-/0/1745333320290?e=1788393600&v=beta&t=HL5sec3ZMmvFHMpRq5Ndngeakc63o4sBevi70ZVZiXQ
"You uploaded a feed photo on April 22, 2025 at 2:48 PM (GMT)", -,https://media.licdn.com/dms/image/v2/D5622AQEL4kGa2-4qjw/feedshare-image-high-res/B56ZZd.PZAGQA4-/0/1745333320122?e=1788393600&v=beta&t=DGiyljfA00E3iBrQ2WY14-yuTI434Oyvh2KPbzDhjD8
"You uploaded a feed photo on April 22, 2025 at 2:48 PM (GMT)", -,https://media.licdn.com/dms/image/v2/D5622AQG1R1wKD9NAyw/feedshare-shrink_20/B56ZZd.PY0GQA4-/0/1745333320212?e=1788393600&v=beta&t=bY0ABd1_UbXdMMaG2JrHkq6nMPuMxSnYEVF79RuwcBk
"You uploaded a feed photo on April 21, 2025 at 7:37 AM (GMT)", -,https://media.licdn.com/dms/image/v2/D5622AQERKWQ8_ZfZJQ/feedshare-shrink_480/B56ZZXR4mSHQAc-/0/1745221032140?e=1788393600&v=beta&t=BgmVae-7ZPhJQzd1_ezIsqSluWpmdPRt7ZIvHHe0t7w
"You uploaded a feed photo on April 21, 2025 at 7:37 AM (GMT)", -,https://media.licdn.com/dms/image/v2/D5622AQGJ3cdpmVNYjw/feedshare-shrink_1280/B56ZZXR4l6HsAk-/0/1745221032574?e=1788393600&v=beta&t=hkDOwOi4qoijdVGYEo2QpVUDsWMpjry79YpQ1RxovSE
"You uploaded a feed photo on April 21, 2025 at 7:37 AM (GMT)", -,https://media.licdn.com/dms/image/v2/D5622AQFrLfu8MrbCEA/feedshare-image-high-res/B56ZZXR4l2GsAs-/0/1745221032047?e=1788393600&v=beta&t=-wNTb47ZdhYfjgF5zwWoNme2BY_5pCDXMdMrWWeQJKw
"You uploaded a feed photo on April 21, 2025 at 7:37 AM (GMT)", -,https://media.licdn.com/dms/image/v2/D5622AQFvFftSFciCsA/feedshare-shrink_20/B56ZZXR4ltGoAw-/0/1745221032307?e=1788393600&v=beta&t=6yK6wPz1kvah0_X5eNztzXOZhPrljQlmRSqjqKgfSIQ
"You uploaded a feed photo on April 21, 2025 at 7:37 AM (GMT)", -,https://media.licdn.com/dms/image/v2/D5622AQFfNZuItP5tKw/feedshare-shrink_480/B56ZZXR4lpGsAY-/0/1745221034637?e=1788393600&v=beta&t=lliw7W2_avxzrQmfDsfy_fsRcJRpaBbXYpP-XEcNiR8
"You uploaded a feed photo on April 21, 2025 at 5:12 AM (GMT)", -,https://media.licdn.com/dms/image/v2/D5622AQH-hIErBVzc0w/feedshare-shrink_20/B56ZZWwyMzHsAw-/0/1745212352858?e=1788393600&v=beta&t=Zy7AQZ75C4JdcLONbgFAuZpCLDlayD6lWQoW7CGmBPQ
"You uploaded a feed photo on April 20, 2025 at 5:16 PM (GMT)", -,https://media.licdn.com/dms/image/v2/D5622AQF5xWz5RG2nug/feedshare-shrink_20/B56ZZUMyiiHQAw-/0/1745169362403?e=1788393600&v=beta&t=k-mwSdx4TjPMp2JMZxG6TlHTvGB067DPpgWCNXYN17I
"You uploaded a feed photo on April 20, 2025 at 5:16 PM (GMT)", -,https://media.licdn.com/dms/image/v2/D5622AQFe2yHkI22DBw/feedshare-shrink_1280/B56ZZUMyiaGUAs-/0/1745169363155?e=1788393600&v=beta&t=Ze-Cwb1Yc56gHW1ag8j2MvdeQ7SVe31LUzHlUEQ69EM
"You uploaded a feed photo on April 20, 2025 at 5:16 PM (GMT)", -,https://media.licdn.com/dms/image/v2/D5622AQGDDqfkVAevog/feedshare-shrink_160/B56ZZUMyiPHoAc-/0/1745169363969?e=1788393600&v=beta&t=9fvIcUaH4lf6J4y5Fp31kxKK2PE1nGDed5IjV-Q88jc
"You uploaded a feed photo on April 20, 2025 at 5:16 PM (GMT)", -,https://media.licdn.com/dms/image/v2/D5622AQEzcCi_o2cNhA/feedshare-shrink_1280/B56ZZUMyh2GUAo-/0/1745169363149?e=1788393600&v=beta&t=4oJgl6ACDVnGd7rEdJHqcynpPwswnkpiPnmW1FgKsjc
"You uploaded a feed photo on April 20, 2025 at 5:16 PM (GMT)", -,https://media.licdn.com/dms/image/v2/D5622AQHjm02uqzESLw/feedshare-shrink_160/B56ZZUMyhuHoAc-/0/1745169362923?e=1788393600&v=beta&t=jF2yQSPoE0C1NKs4Y3V_aaU3S9L7PHZ7574zEOXOW8I
"You uploaded a feed photo on April 20, 2025 at 5:16 PM (GMT)", -,https://media.licdn.com/dms/image/v2/D5622AQHi6BkDYM2h-w/feedshare-shrink_160/B56ZZUMyhpGUAc-/0/1745169363235?e=1788393600&v=beta&t=KQXOhE0Q6-XKpgPSXa2CwKNHnG6F3q_GH9NpbGmxDVk
"You uploaded a feed photo on April 15, 2025 at 5:24 PM (GMT)", -,https://media.licdn.com/dms/image/v2/D5622AQGMRiN3bkWFCw/feedshare-shrink_480/B56ZY6e1juHoAY-/0/1744737889768?e=1788393600&v=beta&t=33s8F63PPuwu-QrAGmMQQRxp0Z7m5f5k_f6_8vIRgLI
"You uploaded a feed photo on April 15, 2025 at 5:24 PM (GMT)", -,https://media.licdn.com/dms/image/v2/D5622AQEk1o5WsypPoA/feedshare-shrink_1280/B56ZY6e1jeGsAo-/0/1744737887485?e=1788393600&v=beta&t=U18bkDH4fJApWGHHb_djAWrZfIJvBdtKutIru7Uu7uk
"You uploaded a video on April 10, 2025 at 3:51 PM (GMT)", -,https://dms.licdn.com/playlist/vid/dynamic/D5605AQGnKKm92aj20w/CeJxzMjWLikyPykiL9Ah0ytfVcULmF6PynR3R5C1Q-S6uugDEwRfk?e=1787191200&v=beta&t=PmDI_ix1IQLkwLwSNnI8cjo2M8KDVdacmjlzuQOj24s
"You uploaded a feed photo on April 8, 2025 at 5:15 PM (GMT)", -,https://media.licdn.com/dms/image/v2/D5622AQF_y2CyiwhPYw/feedshare-shrink_800/B56ZYWZmKRHoAk-/0/1744132536980?e=1788393600&v=beta&t=NwcnKKAf7lFIDfYbZg_MvJBasHQ8DnMLsxr9Xa3R1qY
"You uploaded a feed photo on April 6, 2025 at 1:38 AM (GMT)", -,https://media.licdn.com/dms/image/v2/D5622AQFe5s6OlujtlA/feedshare-shrink_20/B56ZYIwA5wGsA4-/0/1743903529564?e=1788393600&v=beta&t=cY59rfdXyvvoAlOkfNDf_btGTMs7zv6_-nZesK7ApEI
"You uploaded a feed photo on April 6, 2025 at 1:38 AM (GMT)", -,https://media.licdn.com/dms/image/v2/D5622AQF4HlVLA6FW9Q/feedshare-shrink_800/B56ZYIwA5sGcAs-/0/1743903536165?e=1788393600&v=beta&t=__Mhpr_5oD0ZgBMIzuiFMa8kHTIBDYuzMYXQjl307rA
"You uploaded a feed photo on April 6, 2025 at 1:38 AM (GMT)", -,https://media.licdn.com/dms/image/v2/D5622AQEOzL0LxobCcQ/feedshare-shrink_800/B56ZYIwA5HH0Ak-/0/1743903531141?e=1788393600&v=beta&t=jd1MAtaOYL6cC_sFF_Z5MPf13w5ltRujTRRl833ITD4
"You uploaded a feed photo on April 6, 2025 at 1:38 AM (GMT)", -,https://media.licdn.com/dms/image/v2/D5622AQEuX8mNuWuFPg/feedshare-shrink_20/B56ZYIwA47GsAw-/0/1743903536041?e=1788393600&v=beta&t=jymV2H7Vre24XfizSnJ6yGMyTXxuoC2RlBp18dvyaXw
"You uploaded a feed photo on April 6, 2025 at 1:38 AM (GMT)", -,https://media.licdn.com/dms/image/v2/D5622AQEvtcbCFFD6NQ/feedshare-shrink_160/B56ZYIwA43H0Ac-/0/1743903532564?e=1788393600&v=beta&t=CK5zHcFg_8Ei2CW_ssTja1XCNn14OkipOHE6ncCEF0U
"You uploaded a feed photo on April 6, 2025 at 1:38 AM (GMT)", -,https://media.licdn.com/dms/image/v2/D5622AQFtA7t-msfwWQ/feedshare-shrink_800/B56ZYIwA41GsAk-/0/1743903532323?e=1788393600&v=beta&t=DVHGLyW_WTE8UtehrgRM0CRiYjHl0Rjac-J_MTtHj6Y
"You uploaded a feed photo on April 6, 2025 at 1:38 AM (GMT)", -,https://media.licdn.com/dms/image/v2/D5622AQFujQYBnxk5Dg/feedshare-shrink_480/B56ZYIwA4vHEAc-/0/1743903533847?e=1788393600&v=beta&t=s49n5eY_kQxmai2rAonu7Vps22wSMGod-flDQmV42-k
"You uploaded a video on April 6, 2025 at 1:27 AM (GMT)", -,https://dms.licdn.com/playlist/vid/dynamic/D5605AQFH_rV7S9UOrA/CeJxzMjWLivQsySx3cw91cdXVcULme6Lxk9H4kboAXxETDw?e=1787191200&v=beta&t=M9Xkc6bmt9CJcvEC6KSfhi5QIhPs0kTEMH1PJvTu6J8
"You uploaded a video on April 6, 2025 at 1:18 AM (GMT)", -,https://dms.licdn.com/playlist/vid/dynamic/D5605AQFQ0McywAkCvg/CeJxzMjWLivQsCvIt9wh0cdXVcULme6Lxk9H4kboAU90Suw?e=1787191200&v=beta&t=7NrrmzCP2kL_cz-aKlZ98f_X2I__fPm6a27l5ZW1crc
"You uploaded a video on April 6, 2025 at 12:44 AM (GMT)", -,https://dms.licdn.com/playlist/vid/dynamic/D5605AQHu2rBp7IVInQ/CeJxzMjWLivTMyo4IcA91cdXVcULme6Lxk9H4kboAUJUSmw?e=1787191200&v=beta&t=YrbIleAcHSvv1n6YxAuTcBAXMO8gcv5mjoiQCekvBBI
"You uploaded a feed photo on March 25, 2025 at 2:57 AM (GMT)", -,https://media.licdn.com/dms/image/v2/D5622AQEPKTXtKf1cHw/feedshare-shrink_1280/B56ZXLO3ikHEAk-/0/1742871437166?e=1788393600&v=beta&t=CRl3WoI8vrxUVAISgiC-jtVjzIWE9l-rurO91eIfq48
"You uploaded a feed photo on March 25, 2025 at 2:57 AM (GMT)", -,https://media.licdn.com/dms/image/v2/D5622AQHkLJrIGuiqNg/feedshare-shrink_1280/B56ZXLO3iXGsAw-/0/1742871437133?e=1788393600&v=beta&t=OI1Hjw-c29Tbzcr0F2u8TFFcKlo1WcCgPxyCn92yKb0
"You uploaded a feed photo on March 25, 2025 at 2:57 AM (GMT)", -,https://media.licdn.com/dms/image/v2/D5622AQFZD411SNcTQQ/feedshare-shrink_800/B56ZXLO3hyHQAo-/0/1742871436673?e=1788393600&v=beta&t=O9o3QtqOYBiY17JOB1jHh36K8QliL5jy_GUdmLS7qrw
"You uploaded a feed photo on March 23, 2025 at 10:51 AM (GMT)", -,https://media.licdn.com/dms/image/v2/D5622AQF6Y7A7z1yz3g/feedshare-shrink_160/B56ZXCoQciGQAg-/0/1742727093707?e=1788393600&v=beta&t=tAYsg0VtpfWCAfImJsUdTX9Ygh8IlVzpxHeMQyT35Qs
"You uploaded a feed photo on March 23, 2025 at 10:48 AM (GMT)", -,https://media.licdn.com/dms/image/v2/D5622AQH8Y_Z1Cv2_ZQ/feedshare-shrink_480/B56ZXCnrz_HQAY-/0/1742726939946?e=1788393600&v=beta&t=lUWMtlq-9mgjSgZMvmHepu8W4sKr_uhUX2Fnr-SlaJA
"You uploaded a feed photo on March 23, 2025 at 10:27 AM (GMT)", -,https://media.licdn.com/dms/image/v2/D5622AQFcF7mEFe5Cdg/feedshare-shrink_160/B56ZXCiv4wGUAc-/0/1742725647190?e=1788393600&v=beta&t=xM-1Zr9BCpaviqcYDGknPql3Bgx19A1FyO6gvJXYAx0
"You uploaded a feed photo on March 23, 2025 at 10:27 AM (GMT)", -,https://media.licdn.com/dms/image/v2/D5622AQG_-EmFRz2seg/feedshare-shrink_800/B56ZXCiv2ZGsAg-/0/1742725648833?e=1788393600&v=beta&t=f5vFoQ4fp3EH7BZR_fSBGWzjxtJJMaX-rzqrDMTQmZM
"You uploaded a feed photo on March 23, 2025 at 10:18 AM (GMT)", -,https://media.licdn.com/dms/image/v2/D5622AQFy_DeNeWg9zg/feedshare-shrink_160/B56ZXCgyjrGQAg-/0/1742725135324?e=1788393600&v=beta&t=OvIDu9bmcOS-rZVhsTO3dyeB10XmCAfa1f0ZzBmL6bA
"You uploaded a feed photo on March 23, 2025 at 10:18 AM (GMT)", -,https://media.licdn.com/dms/image/v2/D5622AQFDsbChgQg6KA/feedshare-shrink_20/B56ZXCgyjUGQAw-/0/1742725133686?e=1788393600&v=beta&t=c1FfCh8iDQ2aHiftLljnFJLm1fN02cHotNjbT8FqvaI
"You uploaded a feed photo on March 23, 2025 at 2:53 AM (GMT)", -,https://media.licdn.com/dms/image/v2/D5622AQFZhmO28l6nOA/feedshare-shrink_160/B56ZXA66.jHQAg-/0/1742698427245?e=1788393600&v=beta&t=zvxqo3bXj3MdhOhjygA7_eg_rntcSAQfTw80mmlygUE
"You uploaded a feed photo on March 23, 2025 at 2:16 AM (GMT)", -,https://media.licdn.com/dms/image/v2/D5622AQFb0RzjCjZWXg/feedshare-shrink_800/B56ZXAyU5jHEAk-/0/1742696175963?e=1788393600&v=beta&t=d8xurIb-5pEEtCF_4FljPC0Kqyl-N4kWttOHfxRLQEY
"You uploaded a feed photo on March 23, 2025 at 2:16 AM (GMT)", -,https://media.licdn.com/dms/image/v2/D5622AQEdGoxaQ_ngpg/feedshare-shrink_20/B56ZXAyUyTHsA4-/0/1742696173498?e=1788393600&v=beta&t=GOzkn7KvU6dRtmJOaGDni0m02UbVRNNlG5n9zlGgqyA
"You uploaded a feed photo on March 11, 2025 at 11:40 AM (GMT)", -,https://media.licdn.com/dms/image/v2/D5622AQH2sO8Pwt8NGQ/feedshare-shrink_800/B56ZWFAay3GQAk-/0/1741693236057?e=1788393600&v=beta&t=xQA-Xt5WVa97VgDD36y1jsRxr6vCTZwoPCSRn8-ZC-g
"You uploaded a feed photo on March 11, 2025 at 11:40 AM (GMT)", -,https://media.licdn.com/dms/image/v2/D5622AQGiLPw9Htsarw/feedshare-shrink_160/B56ZWFAay0GsAk-/0/1741693236403?e=1788393600&v=beta&t=xInZYGzVZajU4cWvcG2KicroMJVZkUE13puUXVMuWII
"You uploaded a feed photo on March 11, 2025 at 2:12 AM (GMT)", -,https://media.licdn.com/dms/image/v2/D4E22AQEDLVNIP4M1cA/feedshare-shrink_160/B4EZWC.ZvHH0Ac-/0/1741659158958?e=1788393600&v=beta&t=1-noQ7-f4VOmXXQu5Nnojrv4GIjINJkfY_1y3Y2KlWk
"You uploaded a feed photo on March 11, 2025 at 2:12 AM (GMT)", -,https://media.licdn.com/dms/image/v2/D4E22AQFdGD_NRwiobg/feedshare-shrink_480/B4EZWC.Zu9HUAY-/0/1741659157953?e=1788393600&v=beta&t=Gun9jvrMSK0NP0YTWDfYLZM0TmksYnKW1xQJ2PWUbko
"You uploaded a feed photo on March 11, 2025 at 2:12 AM (GMT)", -,https://media.licdn.com/dms/image/v2/D4E22AQHnAjRDKXinHQ/feedshare-shrink_20/B4EZWC.Zu9GYA0-/0/1741659159390?e=1788393600&v=beta&t=nbnmKcR05vxJYRbKd7Tl2P3QIO94AqKL7T1nTJFV9ao
"You uploaded a feed photo on March 9, 2025 at 1:52 PM (GMT)", -,https://media.licdn.com/dms/image/v2/D5622AQFjMUwm2NzYBQ/feedshare-image-high-res/B56ZV7LiNPGQAs-/0/1741528377196?e=1788393600&v=beta&t=mm1AD1nkrb5JbolXeHJgBlmsn8qsWLDWWd854D6G30U
"You uploaded a feed photo on March 9, 2025 at 1:52 PM (GMT)", -,https://media.licdn.com/dms/image/v2/D5622AQFw0eyxtE101g/feedshare-image-high-res/B56ZV7LiNMGQA4-/0/1741528381564?e=1788393600&v=beta&t=-by30mHRZ0XqPSDX0rGJicqZ2ZJt9vdHKK-tjkb_eYs
"You uploaded a feed photo on March 9, 2025 at 1:52 PM (GMT)", -,https://media.licdn.com/dms/image/v2/D5622AQFMvvWH4464rQ/feedshare-shrink_480/B56ZV7LiNKHsAY-/0/1741528378083?e=1788393600&v=beta&t=FK65SsWG3cW_FzdZMeobCxbajX3rqSuFt1_bkr73d_U
"You uploaded a feed photo on March 6, 2025 at 4:34 AM (GMT)", -,https://media.licdn.com/dms/image/v2/D5622AQE06xSs0NkotQ/feedshare-shrink_800/B56ZVpvDd.GQAk-/0/1741235703276?e=1788393600&v=beta&t=e4wPSorRfhdESJMfkeQcUiffkozT1YH-gY7sy6-IYXM
"You uploaded a feed photo on March 6, 2025 at 4:34 AM (GMT)", -,https://media.licdn.com/dms/image/v2/D5622AQHTbRvq1UKrfQ/feedshare-shrink_800/B56ZVpvDd1GoAk-/0/1741235704297?e=1788393600&v=beta&t=L7FfjUUkGDD6U4Upe5uiTmaCHY6BZ2-9TPfl7Se30uQ
"You uploaded a feed photo on March 6, 2025 at 4:34 AM (GMT)", -,https://media.licdn.com/dms/image/v2/D5622AQEuprR7SroxNg/feedshare-shrink_1280/B56ZVpvDdzGsAk-/0/1741235707995?e=1788393600&v=beta&t=0KK1w7MWfCeW0q5k-mWez-QxOYZ2Lelw3h-TX0FJjy0
"You uploaded a feed photo on March 6, 2025 at 4:34 AM (GMT)", -,https://media.licdn.com/dms/image/v2/D5622AQHxp5e7ocwgag/feedshare-shrink_160/B56ZVpvDdnGUAg-/0/1741235704316?e=1788393600&v=beta&t=FoWki5D6dq93qud6aXTvNznHSfSUAH30A4OGFHkmRaQ
"You uploaded a feed photo on March 6, 2025 at 4:34 AM (GMT)", -,https://media.licdn.com/dms/image/v2/D5622AQHPt4kfRiw2CA/feedshare-shrink_480/B56ZVpvDdIHQAY-/0/1741235703961?e=1788393600&v=beta&t=cz7xuMhVynGF3Y9LaJh6sQOCCIsCzrzPIdHObNvDI34
"You uploaded a feed photo on March 1, 2025 at 1:45 PM (GMT)", -,https://media.licdn.com/dms/image/v2/D5622AQH2NU1VRWeThQ/feedshare-shrink_800/B56ZVR9HfBGsAk-/0/1740836732070?e=1788393600&v=beta&t=1QoPpAJIoV9URZI3b0QkZtRyYFgZE14zgJfwrNRPo-c
"You uploaded a feed photo on February 27, 2025 at 6:25 AM (GMT)", -,https://media.licdn.com/dms/image/v2/D5622AQG2WqC74PO3Eg/feedshare-shrink_160/B56ZVGFNsTHQAc-/0/1740637528182?e=1788393600&v=beta&t=baBnRmu6OSV57mbKhXfUQFnCD8d0PJbbqqZy1Y9pz-4
"You uploaded a feed photo on February 27, 2025 at 6:25 AM (GMT)", -,https://media.licdn.com/dms/image/v2/D5622AQEUGr-3mtSbDA/feedshare-image-high-res/B56ZVGFNryGsA4-/0/1740637527802?e=1788393600&v=beta&t=jWdxqQwYKlFI9MniJgIzJI8F9DCegn14r6_xWmgOKkQ
"You uploaded a feed photo on February 27, 2025 at 6:25 AM (GMT)", -,https://media.licdn.com/dms/image/v2/D5622AQG0SsmNcy11ug/feedshare-shrink_800/B56ZVGFNr0HEAg-/0/1740637528529?e=1788393600&v=beta&t=5ZVh2WFFpsNVudumjWr_8hR5_b-h-RcuPZS-z5C7FUc
"You uploaded a feed document on February 21, 2025 at 4:00 AM (GMT)","
? Proud to share my Diagnostic Assessment Report on Cyber Hygiene Fitness: Understanding Threats! Successfully completed the topic on ISEA Virtual Platform with ? 98% (Excellent) ?


? Key Takeaways from the Module:
? Understanding Cyber Hygiene ? ? Keeping digital habits clean & secure
? Identifying Cyber Threats ? ? Recognizing phishing, malware, & scams
? Safe Browsing & Online Practices ? ? Avoiding risky websites & links
? Strong Passwords & Authentication ? ? Importance of 2FA & unique credentials
? Device & Network Security ? ? Ensuring safe connections & updates
? Data Protection & Privacy Awareness ? ? Preventing unauthorized access

? Cyber hygiene is like personal hygiene ? essential for staying safe online! This module helped me strengthen my security habits & prepare for more advanced cybersecurity challenges! ??


#CyberSecurity ? #CyberHygiene ? #StaySafeOnline ? #Learning ? #DigitalSafety ? #GautamGKM ? #InfoSec ? #ThreatAwareness ? #DataPrivacy ? #TechForGood ? #OnlineSecurity ?? #ISEA ?",https://media.licdn.com/dms/document/media/v2/D561FAQE50uB1IYa5YA/feedshare-document-url-metadata-scrapper-pdf/B56ZUmqmCBGUA4-/0/1740110456639?e=1787191200&v=beta&t=pPs3Z06z2JCJFqlHoblv8mGxdlYWx9RuZMwKUPNATt0
"You uploaded a feed document on February 21, 2025 at 3:49 AM (GMT)","?? ????????????? ?? ????? ???????? ???????????! ??  
? ??????? ?? ????? ?? ?????????? ?????????? ??????

???????????? ?? ????? ????????! Successfully completed the chapter on ???? ???? with ??% (???? ????) ? 

? ??? ????????? ???? ??? ??????: 
?????????????? ????? ???????? ? Types of #cyber attacks & their impact  
????????????? ?? ????? ???????? ? ? Core principles of protection  
????? ???????? ????????? ? ?? #Strong #passwords, 2FA, secure browsing  
????? ?????????? & ?????? ?????????? ? ? Identifying & mitigating risks  
????? ?????????? & ??????????? ? #Securing sensitive information  

? Cybersecurity is a ????-???? ????? in today's digital world! This assessment has helped me ????? ?? ?? ????????? ? and get ready for ???????? ?????? like network #security, #ethicalhacking, penetration testing, and digital forensics! ??????  

#CyberSecurity #Learning  #Growth  #CyberAwareness  #ISEA  #Tech  #DataSecurity  #EthicalHacking  #InfoSec  #CyberThreats  #OnlineSafety ",https://media.licdn.com/dms/document/media/v2/D561FAQGeck49aupfsQ/feedshare-document-sanitized-pdf/B56Zg3PHcIHMAA-/0/1753273367029?e=1787191200&v=beta&t=4a7hoWyhnjliufLwgSF2PvwwcQhowZUFMOuq7yEDl8w
"You uploaded a feed document on February 21, 2025 at 1:34 AM (GMT)","         ? Achievement Unlocked! ?

Proud to share my Diagnostic Assessment Report on Encryption Technologies from ISEA! ??

? Performance Summary:
? Cryptographic Fundamentals ? 100% (Excellent!) ?

Cybersecurity is the backbone of digital trust, and mastering encryption is a step towards securing the future! ??

Big thanks to ISEA for this opportunity. Excited to keep learning and growing! ??


#CyberSecurity #Encryption #DigitalSecurity #Learning #Achievement",https://media.licdn.com/dms/document/media/v2/D561FAQFQnk7pxjIOyQ/feedshare-document-chunked-pdf/B56Zg0QT2.G0AI-/0/1753223351341?e=1787191200&v=beta&t=q6qVDQDMuBCPC2DeK5WBEVWYKNTTRmO4DMBuXIvOsts
"You uploaded a feed document on February 15, 2025 at 11:28 AM (GMT)", -,https://media.licdn.com/dms/document/media/v2/D561FAQHfi84qDiE4yQ/feedshare-document-url-metadata-scrapper-pdf/B56ZUJXcW5HQA0-/0/1739618900933?e=1787191200&v=beta&t=cIRsQQ1MlfC20mUA0RGQpIi6OGQr5fK4vnvtAdjkWR8
"You uploaded a feed photo on February 15, 2025 at 3:21 AM (GMT)", -,https://media.licdn.com/dms/image/v2/D5622AQGOBYaOeza3Kw/feedshare-shrink_480/B56ZUHn8gqHQAY-/0/1739589731700?e=1788393600&v=beta&t=9pDeRivF6UgmoZ3s6vjIwP0ll6q5-pv0rEGU4n1jtsA
"You uploaded a feed photo on February 6, 2025 at 1:43 AM (GMT)", -,https://media.licdn.com/dms/image/v2/D5622AQFuqEqWVRemfw/feedshare-image-high-res/B56ZTY7Sx0GUA0-/0/1738806214736?e=1788393600&v=beta&t=Dd6NQZVaHCIyTbEDb57cPy21JeiOWkkNtpKoKkqz78I
"You uploaded a feed photo on February 6, 2025 at 1:43 AM (GMT)", -,https://media.licdn.com/dms/image/v2/D5622AQFx3vRjy-bjKQ/feedshare-image-high-res/B56ZTY7SxpGQA8-/0/1738806212006?e=1788393600&v=beta&t=jIzVuLZhsFK4kmfZNNxBSW-MQ6CZ6zRY8HkiaHkN6wo
"You uploaded a feed photo on February 6, 2025 at 1:43 AM (GMT)", -,https://media.licdn.com/dms/image/v2/D5622AQEAdsIaOvdciw/feedshare-shrink_1280/B56ZTY7SxnGQAk-/0/1738806211208?e=1788393600&v=beta&t=CqeKrJSURaiKvbD6ZVgWwaOIFUxtle-GdpTxvXHRIDU
"You uploaded a feed photo on February 6, 2025 at 1:43 AM (GMT)", -,https://media.licdn.com/dms/image/v2/D5622AQFqimNll3ye1w/feedshare-shrink_20/B56ZTY7SxeGQA0-/0/1738806211081?e=1788393600&v=beta&t=krXPXJ7TW3AEVb1Jwc1_uXlGtd3yfOCMOSVaLWd-gMQ
"You uploaded a feed photo on January 26, 2025 at 1:18 PM (GMT)", -,https://media.licdn.com/dms/image/v2/D5622AQGm1EMzA_tuTw/feedshare-shrink_1280/B56ZSiw1UNHsAk-/0/1737897498422?e=1788393600&v=beta&t=TIjqb5Cp73PFxSHFwknOJ7YXOyXb_5LVz5Oe0l_2iTs
"You uploaded a feed photo on January 26, 2025 at 1:06 PM (GMT)", -,https://media.licdn.com/dms/image/v2/D5622AQHUfBYbWraILA/feedshare-shrink_480/B56ZSiuGmGGsAY-/0/1737896785138?e=1788393600&v=beta&t=RIrxG6A8Xt5zWKSOICXTzDdEQL8Mosr7K2RdDs_5An4
"You uploaded a feed photo on January 26, 2025 at 1:06 PM (GMT)", -,https://media.licdn.com/dms/image/v2/D5622AQH_15wiIptF7g/feedshare-shrink_480/B56ZSiuGl9GQAY-/0/1737896783599?e=1788393600&v=beta&t=2VaP5yVefUJBmT0phh-Z-fvKEH6Cr5hSjjMbof8A_LM
"You uploaded a feed photo on January 26, 2025 at 1:06 PM (GMT)", -,https://media.licdn.com/dms/image/v2/D5622AQG3NM2bg_7udA/feedshare-shrink_1280/B56ZSiuGl5HsAk-/0/1737896785009?e=1788393600&v=beta&t=zfUsGaP6elqR8XwPwwFqE_ipDk2nJ7pziRNS8OcvreI
"You uploaded a feed photo on January 26, 2025 at 1:06 PM (GMT)", -,https://media.licdn.com/dms/image/v2/D5622AQHSiwKH1-hjow/feedshare-shrink_20/B56ZSiuGmHGsAs-/0/1737896784705?e=1788393600&v=beta&t=ghZkyL_Xf2lVjMwl-xXseS533q5fS6-B1O_y0R-v-cs
"You uploaded a feed photo on January 26, 2025 at 8:44 AM (GMT)", -,https://media.licdn.com/dms/image/v2/D5622AQGsFdcIblUS2g/feedshare-shrink_480/B56ZShyMt_HoAc-/0/1737881085475?e=1788393600&v=beta&t=UDlKloTECG6sHrsIRfWBYwOaCGrG2cJeuWpgk4_APrs
"You uploaded a feed photo on January 26, 2025 at 8:44 AM (GMT)", -,https://media.licdn.com/dms/image/v2/D5622AQF5pactX9F-kg/feedshare-image-high-res/B56ZShyMtZHsA0-/0/1737881088073?e=1788393600&v=beta&t=CnsVRp-ht2BIw1g9JOeBFLHt1RKwtWjMQplM6PRfbg4
"You uploaded a feed photo on January 26, 2025 at 8:44 AM (GMT)", -,https://media.licdn.com/dms/image/v2/D5622AQHEHRczDbDHNw/feedshare-shrink_480/B56ZShyMtAHsAY-/0/1737881084256?e=1788393600&v=beta&t=6s0uL4-j-3G6kWEN9imeSbZYUjAdy6ONQbTVVhTxaOc
"You uploaded a feed photo on January 26, 2025 at 8:44 AM (GMT)", -,https://media.licdn.com/dms/image/v2/D5622AQHEi9SCpNFwsA/feedshare-image-high-res/B56ZShyMsqGUA0-/0/1737881081988?e=1788393600&v=beta&t=aN8EoZfMVe433WrmKch-gzBtTZBORewv89Ry4mNtjZg
"You uploaded a feed photo on January 26, 2025 at 8:44 AM (GMT)", -,https://media.licdn.com/dms/image/v2/D5622AQG7UVF9FX_FGQ/feedshare-shrink_160/B56ZShyMsmGsAc-/0/1737881087144?e=1788393600&v=beta&t=YeW5Pbh8E342FHQlWu5Hl8qxzv9LeufGGPCBvVygjy0
"You uploaded a feed photo on January 26, 2025 at 8:44 AM (GMT)", -,https://media.licdn.com/dms/image/v2/D5622AQG7DzeBs5Arpw/feedshare-shrink_800/B56ZShyMskGQAg-/0/1737881083561?e=1788393600&v=beta&t=VVc5BfXfk4ozCn9T31SpdHkFMycgYHN2Z0UXBt5Sc_w
"You uploaded a feed photo on January 26, 2025 at 8:44 AM (GMT)", -,https://media.licdn.com/dms/image/v2/D5622AQElGXPu43a0Kg/feedshare-image-high-res/B56ZShyMsjHsA0-/0/1737881084773?e=1788393600&v=beta&t=ubUfzyt5lGDstrOlAy72_vDBRd9P9Be7sdWY061RREY
"You uploaded a feed photo on January 26, 2025 at 8:44 AM (GMT)", -,https://media.licdn.com/dms/image/v2/D5622AQFlslZ0tIJNCA/feedshare-shrink_1280/B56ZShyMskHQAk-/0/1737881082298?e=1788393600&v=beta&t=w2q6rEdpGrNoNnoaQGfHymNX5NsWYln4l2CpYDicRf0
"You uploaded a feed photo on January 26, 2025 at 8:44 AM (GMT)", -,https://media.licdn.com/dms/image/v2/D5622AQEs4fKjRTUuWA/feedshare-shrink_480/B56ZShyMshGsAY-/0/1737881084546?e=1788393600&v=beta&t=NRP3TD9lV8vE3Gp91Bv-FQ3aS5MnC4fzBMRWEhGn-C0
"You uploaded a feed photo on January 26, 2025 at 8:44 AM (GMT)", -,https://media.licdn.com/dms/image/v2/D5622AQF-iMcpTJD8cA/feedshare-shrink_1280/B56ZShyMsgHwAk-/0/1737881086372?e=1788393600&v=beta&t=NrZuRN29Ayv5K7cvUf7wHaHJ56l8udYIpZFOZp-0ylU
"You uploaded a feed photo on January 26, 2025 at 8:44 AM (GMT)", -,https://media.licdn.com/dms/image/v2/D5622AQHpa80zgAOdvA/feedshare-shrink_1280/B56ZShyMsiHoAk-/0/1737881082453?e=1788393600&v=beta&t=lpsnwq8CmuhYhnvY4vanFE5IA0GLGL9oEdoqyyT-iBc
"You uploaded a feed photo on January 26, 2025 at 8:44 AM (GMT)", -,https://media.licdn.com/dms/image/v2/D5622AQEf2vcxcAojng/feedshare-image-high-res/B56ZShyMryHEA0-/0/1737881082434?e=1788393600&v=beta&t=qp8U5kMFjtS2q-3UZjMaV_KQNQjHgSPmd0cu7-3joTw
"You uploaded a feed photo on January 22, 2025 at 9:13 AM (GMT)", -,https://media.licdn.com/dms/image/v2/D5622AQF8EckZLhgqRw/feedshare-shrink_20/B56ZSNSjRYGoAs-/0/1737537239119?e=1788393600&v=beta&t=AyN1XUTta-zJJb8Ll_INO3ubB2LOwnWzyNHpLI5SdB0
"You uploaded a feed photo on January 20, 2025 at 6:21 AM (GMT)", -,https://media.licdn.com/dms/image/v2/D5622AQFGQuKPM5vpLg/feedshare-shrink_1280/B56ZSCX3bcGQAk-/0/1737354282517?e=1788393600&v=beta&t=awjQ9_1UXixbU7gau7qRj1pRSo1ps0deDxjskr9xTko
"You uploaded a feed photo on January 20, 2025 at 6:21 AM (GMT)", -,https://media.licdn.com/dms/image/v2/D5622AQE0SLnkXr-d7A/feedshare-shrink_800/B56ZSCX3bcHQAg-/0/1737354288101?e=1788393600&v=beta&t=vcAiQ5ZQv5AvmAFBCX7NRdSaybW8nlgkIh9045jkk-k
"You uploaded a feed photo on January 20, 2025 at 6:21 AM (GMT)", -,https://media.licdn.com/dms/image/v2/D5622AQG2TZhkw_te4g/feedshare-shrink_1280/B56ZSCX3cYGsAo-/0/1737354274905?e=1788393600&v=beta&t=rHoi9XimWsMSTCi2dsNHJogjxrhS7NOzWVmsfD6MTqc
"You uploaded a feed photo on January 20, 2025 at 6:21 AM (GMT)", -,https://media.licdn.com/dms/image/v2/D5622AQFA_bUfbW3xvA/feedshare-shrink_800/B56ZSCX3bXGQAg-/0/1737354288827?e=1788393600&v=beta&t=MCWmf5u8JW8eRmi319UX9r1XAwPmIEu7BEqyOqCFjrE
"You uploaded a feed photo on January 20, 2025 at 6:21 AM (GMT)", -,https://media.licdn.com/dms/image/v2/D5622AQGykVNoGpRjrw/feedshare-image-high-res/B56ZSCX3bZGsA0-/0/1737354288066?e=1788393600&v=beta&t=zxwgP_6h7w__X8SjUAsAS22-MooPVJSDmhRs_vTi5WU
"You uploaded a feed photo on January 20, 2025 at 6:21 AM (GMT)", -,https://media.licdn.com/dms/image/v2/D5622AQF-wZbeeGbJeA/feedshare-image-high-res/B56ZSCX3bVHoA0-/0/1737354287733?e=1788393600&v=beta&t=Dmc0AqApleDj-W2pJj8R0x-Wedke1qyczlw5FEEldlw
"You uploaded a feed photo on January 20, 2025 at 6:21 AM (GMT)", -,https://media.licdn.com/dms/image/v2/D5622AQEIZROY-xoM9g/feedshare-shrink_1280/B56ZSCX3aqHwAs-/0/1737354283721?e=1788393600&v=beta&t=a07hXa2OM-LbVAtvI6IUyn1kGD18g3L5hj3R3IsqOC8
"You uploaded a feed photo on January 20, 2025 at 6:21 AM (GMT)", -,https://media.licdn.com/dms/image/v2/D5622AQEb8hHIGf9z3g/feedshare-shrink_160/B56ZSCX3apGsAc-/0/1737354281331?e=1788393600&v=beta&t=OILCcrkwBGfgdtn7So_iAoXfLeqObkeCIOO_mDBxw2E
"You uploaded a feed photo on January 20, 2025 at 6:21 AM (GMT)", -,https://media.licdn.com/dms/image/v2/D5622AQHnOk95yXuYLA/feedshare-shrink_20/B56ZSCX3ULGoAs-/0/1737354261126?e=1788393600&v=beta&t=Of2YZKlR6Qjih2LyeojtjSRdJ5OBx9VPIbYOxSddTjc
"You uploaded a feed photo on January 20, 2025 at 6:21 AM (GMT)", -,https://media.licdn.com/dms/image/v2/D5622AQHYyWXm67Mu_w/feedshare-shrink_160/B56ZSCX3PVHoAo-/0/1737354132383?e=1788393600&v=beta&t=JNYuqyLwZckJNlXTCbfl7Pl3ZQCNNrsQKuQmC7le_AM
"You uploaded a feed photo on January 20, 2025 at 6:21 AM (GMT)", -,https://media.licdn.com/dms/image/v2/D5622AQFsSdKW1j2nCA/feedshare-shrink_800/B56ZSCX3PDHoAg-/0/1737354119662?e=1788393600&v=beta&t=yIIebPAVVehJ5XfAQCjv5_-CVoD7ls-U9VDF0HcvJdQ
"You uploaded a feed photo on January 13, 2025 at 9:33 AM (GMT)", -,https://media.licdn.com/dms/image/v2/D5622AQFKPQqBKkJNoA/feedshare-shrink_480/B56ZRfAqXmGoAY-/0/1736760820860?e=1788393600&v=beta&t=oNtCY3m2AsC6DY_QYX3V1YwWOisYiUmfE531XVQAsdE
"You uploaded a feed photo on January 13, 2025 at 9:33 AM (GMT)", -,https://media.licdn.com/dms/image/v2/D5622AQGBhPowWhS1oA/feedshare-shrink_480/B56ZRfAqXAH0AY-/0/1736760816575?e=1788393600&v=beta&t=4boazonL8dqvTF3rPhZO_mOdGYSASjXZq8ZfhWMxwGA
"You uploaded a feed photo on January 13, 2025 at 9:33 AM (GMT)", -,https://media.licdn.com/dms/image/v2/D5622AQGbqqGm7gdpIQ/feedshare-shrink_160/B56ZRfAqWNGoAc-/0/1736760815118?e=1788393600&v=beta&t=ST5LbSlk7EobnsIMatZ5-XXbLV7rhwpFC-UUCqCMGaA
"You uploaded a feed photo on January 13, 2025 at 9:33 AM (GMT)", -,https://media.licdn.com/dms/image/v2/D5622AQEtTcBlv0m12Q/feedshare-shrink_800/B56ZRfAqWAGoAg-/0/1736760815161?e=1788393600&v=beta&t=jxFgQwDxspe7Aejxoy8Pjy9aJ_2hHH8W1uNIbY4dpg8
"You uploaded a feed photo on January 13, 2025 at 9:33 AM (GMT)", -,https://media.licdn.com/dms/image/v2/D5622AQGCIzB8BxLTGw/feedshare-shrink_20/B56ZRfAqVQHoAs-/0/1736760816643?e=1788393600&v=beta&t=Az55m9Q6-l9yNdH_CDlWr171nSS-P24t-pG4alZ865s
"You uploaded a feed photo on January 13, 2025 at 9:33 AM (GMT)", -,https://media.licdn.com/dms/image/v2/D5622AQF96F65gMYJfA/feedshare-shrink_1280/B56ZRfAqU2GsAk-/0/1736760807844?e=1788393600&v=beta&t=Op19Z9w9Nw5bt-sp5ao6MgFg0CIexAo63hrlc_iyjnY
"You uploaded a feed photo on January 13, 2025 at 9:33 AM (GMT)", -,https://media.licdn.com/dms/image/v2/D5622AQFYdFpUYv0CXw/feedshare-shrink_800/B56ZRfAqUuGsAg-/0/1736760821311?e=1788393600&v=beta&t=RL_3gdtD8-fHYet5ErY0_CtwmWtygwNpCf4EvwTbw3Y
"You uploaded a feed photo on January 13, 2025 at 9:33 AM (GMT)", -,https://media.licdn.com/dms/image/v2/D5622AQEUwgZ39wY9Lg/feedshare-shrink_800/B56ZRfAqUtHQAg-/0/1736760807474?e=1788393600&v=beta&t=PIqnnxFzjR_zYCitiqc6hn0jPpPeGhnylvKc6eUm9_A
"You uploaded a feed photo on January 13, 2025 at 9:33 AM (GMT)", -,https://media.licdn.com/dms/image/v2/D5622AQFjZnL3tqCBmg/feedshare-shrink_160/B56ZRfAqUrGQAg-/0/1736760819409?e=1788393600&v=beta&t=G0n8R5bN9Bfnz0XXHittlwnIeuuyCBnVo5MDPc5uOtw
"You uploaded a feed photo on January 13, 2025 at 9:33 AM (GMT)", -,https://media.licdn.com/dms/image/v2/D5622AQHAE1IKKNHAEg/feedshare-shrink_1280/B56ZRfAqUsHwAk-/0/1736760813024?e=1788393600&v=beta&t=VWSLSpX7V658Hy3cQG28mKH0ywHyvVEiTW_viFvgj4o
"You uploaded a feed photo on January 13, 2025 at 9:33 AM (GMT)", -,https://media.licdn.com/dms/image/v2/D5622AQFKkY3iPxr0Rg/feedshare-shrink_1280/B56ZRfAqUrG8Ak-/0/1736760807598?e=1788393600&v=beta&t=vtBu83mhch9YsbmIXNp2QjZtTXEE3NYApV5DTW6ic4E
"You uploaded a feed photo on January 13, 2025 at 9:33 AM (GMT)", -,https://media.licdn.com/dms/image/v2/D5622AQH1A4aP_JT3uA/feedshare-image-high-res/B56ZRfAqUdHoA0-/0/1736760807439?e=1788393600&v=beta&t=iRx-XUveT6uV7BCtio4MhW_cfEI2krf2AAvd57Z2z_Y
"You uploaded a feed photo on January 7, 2025 at 2:12 PM (GMT)", -,https://media.licdn.com/dms/image/v2/D5622AQFQ667QAUY06g/feedshare-shrink_800/B56ZRBG74qGQAk-/0/1736259135932?e=1788393600&v=beta&t=q0hnTLWL7SW3ngh4TwB4j8bpVsXl6nWu9iIvt6q7YiE
"You uploaded a feed photo on January 7, 2025 at 2:12 PM (GMT)", -,https://media.licdn.com/dms/image/v2/D5622AQExEw7q9LYwHg/feedshare-shrink_800/B56ZRBG74FGoAk-/0/1736259133101?e=1788393600&v=beta&t=O92RJiHGF-ts5Jtm-ckczh64gaipJjjs7zwofNRoO_U
"You uploaded a feed photo on January 7, 2025 at 2:12 PM (GMT)", -,https://media.licdn.com/dms/image/v2/D5622AQFNXz7aGTrurA/feedshare-shrink_480/B56ZRBG73XHIAY-/0/1736259127701?e=1788393600&v=beta&t=Z7QAxBFwgJVFUBQKvFoUqeZVHd3U8lKykZDq070SwkU
"You uploaded a feed photo on January 7, 2025 at 2:12 PM (GMT)", -,https://media.licdn.com/dms/image/v2/D5622AQG-12hcm8Vzjg/feedshare-shrink_800/B56ZRBG73XG8Ag-/0/1736259135978?e=1788393600&v=beta&t=Hny8Ysdo-X_h7IODC6b4JfEvXUjk_40SuJVGhikUFeg
"You uploaded a feed photo on January 7, 2025 at 2:12 PM (GMT)", -,https://media.licdn.com/dms/image/v2/D5622AQHQhnDAj5-Oiw/feedshare-shrink_20/B56ZRBG71SGsAw-/0/1736259127651?e=1788393600&v=beta&t=s0pdY8ODTikEWSb13XTrMx0hyWj_74TGwHfrRhrwsXI
"You uploaded a feed document on December 31, 2024 at 5:43 PM (GMT)", -,https://media.licdn.com/dms/document/media/v2/D561FAQELP-zreqnyyg/feedshare-document-url-metadata-scrapper-pdf/B56ZQd0TtEG8A4-/0/1735667051919?e=1787191200&v=beta&t=gZvJVKaUKq9Lz_DMEgZnGqV46AHMsHUb00VTXUJ4T50
"You uploaded a feed photo on December 28, 2024 at 3:24 PM (GMT)", -,https://media.licdn.com/dms/image/v2/D5622AQGmym2VdUUgIw/feedshare-shrink_800/B56ZQN3nFIG8Ag-/0/1735399469913?e=1788393600&v=beta&t=3QzLuaG_qmTTouVcAgMZyDKHp2ThD8hN4n-qDn7rjWI
"You uploaded a feed photo on December 28, 2024 at 3:04 PM (GMT)", -,https://media.licdn.com/dms/image/v2/D5622AQE2nKlsiR3Ddg/feedshare-shrink_480/B56ZQNy.4jHoAY-/0/1735398270841?e=1788393600&v=beta&t=5Fxnx9EsNuMxmwE_aDkDKYpWXAF2ThhFbKigKZvN9A0
"You uploaded a feed photo on December 28, 2024 at 12:54 PM (GMT)", -,https://media.licdn.com/dms/image/v2/D5622AQHZQbybI36CQQ/feedshare-shrink_20/B56ZQNVVQHHIAw-/0/1735390483677?e=1788393600&v=beta&t=TV9G9O4fbFSMijevYzENb-R96mkL8iowA76IrtGiW70
"You uploaded a feed photo on December 28, 2024 at 12:54 PM (GMT)", -,https://media.licdn.com/dms/image/v2/D5622AQH3U-mkwAftaA/feedshare-shrink_800/B56ZQNVVQCG4Ak-/0/1735390483727?e=1788393600&v=beta&t=x0-DVthcWEN9Vq46F3GGtKJy6mW9Ilf5QCq0CK6DVFI
"You uploaded a feed photo on December 28, 2024 at 12:54 PM (GMT)", -,https://media.licdn.com/dms/image/v2/D5622AQFJdfrZ5rGGcw/feedshare-image-high-res/B56ZQNVVQBG4A0-/0/1735390483689?e=1788393600&v=beta&t=FI_sf3bJlQyetIfEQAqRMEWaVbjqKQFiG0j9kCJwFa0
"You uploaded a feed photo on December 28, 2024 at 12:54 PM (GMT)", -,https://media.licdn.com/dms/image/v2/D5622AQE0VN1gU6LhUw/feedshare-image-high-res/B56ZQNVVQBH0A0-/0/1735390483695?e=1788393600&v=beta&t=7SWyBA_e9Zrobyo8ksPp90yfO84WmlKdMHljd_huiTo
"You uploaded a feed photo on December 26, 2024 at 3:25 PM (GMT)", -,https://media.licdn.com/dms/image/v2/D5622AQHwmmzNr6T_Gw/feedshare-image-high-res/B56ZQDks6_H0A4-/0/1735226741360?e=1788393600&v=beta&t=VC-tKNvguGBn5WadZ_lu1N2om5Btt9hGV6Q5rouXOYM
"You uploaded a feed photo on December 26, 2024 at 3:25 PM (GMT)", -,https://media.licdn.com/dms/image/v2/D5622AQFpyyplfyx29w/feedshare-shrink_480/B56ZQDks61HQAY-/0/1735226741978?e=1788393600&v=beta&t=DYkLd-Yz13fF8AJAMoryebflzt2asYKrwHcpePF1TW4
"You uploaded a feed document on December 22, 2024 at 10:22 AM (GMT)","??? ?????? ?????? ???? ????????? ???????: ? ????? ?????????? ?

?. ??? ???????? ????? ?
?  On ???????? ??, ????, I dived into the #Viksit_Bharat ???? ????????? with ??,??,??? ???????????? across India! ???  
?  10 questions, just ??? ??????s to crack them. The adrenaline rush was REAL! ??  
  
2. ????? ? ???????: ??? ???? ??
? The moment of truth arrived on ???????? ??, ????... ??  
? I waited with bated breath... would my name be among the winners? ??  
?  And there it was! I proudly earned my ??????????? ?? ????????????? ??  link: https://lnkd.in/gRv-8XqP
?  But was that the end? No... the journey had just begun! ?

?. ????? ?: ??? ????? ????????? ?  
?  I was thrilled to make it to ????? ?, but the challenge was even greater now! ??  link : https://lnkd.in/gJJqF6k2
?   The theme options were mind-blowing, and I chose ???????? ???, ????? ???? ???  
?  ???-???? ????? to express my thoughts... could I write something impactful? ??? 

?. ??? ????? ??????: ? ????? ?? ??? ???? ? 
 ?  Today The final results came... and unfortunately, I wasn?t selected for the final round. ?? 
?    But wait... this wasn?t the end of the road! I had made it through  ????? ?  ??  
?    ??? ?? ??,??,??? ????????????, I stood tall in the ?????? ?????. And that?s something to be proud of! ??  
?    This journey ?????? ?? so much ? the thrill, the excitement, and the hard work that goes into every step! ??

?. ??????? ????? & ???????? ??
? While I didn?t make it to the final round, the sense of pride is unmatched. ?? 
? This wasn?t just about winning; it was ????? ??? ???????, the learning, and pushing my limits! ??  
? I am truly grateful for being a part of #Viksit Bharat. A vision, a mission, and a movement! ???  

#ViksitBharat #ChallengeAccepted #ProudJourney #IndiaVision #Suspense #LearningExperience #NeverGiveUp #Motivation #FutureIsBright #StayInspired #ViksitBharatVision ??",https://media.licdn.com/dms/document/media/v2/D561FAQHDPjr8jowcYQ/feedshare-document-url-metadata-scrapper-pdf/B56ZPt489XG4A4-/0/1734862954712?e=1787191200&v=beta&t=agtYoZ8AksTREqVTcsiaj0Y7Auujm4sDP5UA1LfwK5A
"You uploaded a feed photo on December 20, 2024 at 3:22 PM (GMT)", -,https://media.licdn.com/dms/image/v2/D5622AQHR-EyJVJd3tw/feedshare-shrink_160/B56ZPkqfpwHQAg-/0/1734708166370?e=1788393600&v=beta&t=731gfhQAZ5VAAmT2JHogRppkRHoHl-ZyVnmbYoN_8Gs
"You uploaded a feed photo on December 20, 2024 at 3:22 PM (GMT)", -,https://media.licdn.com/dms/image/v2/D5622AQHKvoEeRUBBUw/feedshare-shrink_20/B56ZPkqfpVHQAw-/0/1734708166340?e=1788393600&v=beta&t=g7EK_71c030j3hszBtf5JpLRNYwmP_znvWLiKSwvTkg
"You uploaded a feed photo on December 20, 2024 at 3:22 PM (GMT)", -,https://media.licdn.com/dms/image/v2/D5622AQHmXR0tD1WMmQ/feedshare-shrink_1280/B56ZPkqforHoAk-/0/1734708166232?e=1788393600&v=beta&t=yxicnSnX-ORAPPUAvdAOrdWzoDYjFpncIOVI9n9f0Ws
"You uploaded a feed photo on December 20, 2024 at 3:22 PM (GMT)", -,https://media.licdn.com/dms/image/v2/D5622AQFCQrovvdk_wg/feedshare-shrink_480/B56ZPkqfoeHoAY-/0/1734708166589?e=1788393600&v=beta&t=nd5gAg1xoUkhLSWaXrJUkco7m1tpS5bt05wKqeciMDQ
"You uploaded a feed photo on December 20, 2024 at 12:29 PM (GMT)", -,https://media.licdn.com/dms/image/v2/D5622AQHDI_uKGQkd4g/feedshare-image-high-res/B56ZPkCzvQG8A0-/0/1734697762024?e=1788393600&v=beta&t=T8aAl5ke5WG3faTVYR5qTptCztzm_T6EzpCeqf-vtuc
"You uploaded a feed photo on December 20, 2024 at 12:29 PM (GMT)", -,https://media.licdn.com/dms/image/v2/D5622AQFWK6tIyWTr0Q/feedshare-shrink_480/B56ZPkCzu6G4AY-/0/1734697761924?e=1788393600&v=beta&t=E04BkXMbcjsOV5ywM1kirEs0phPrjo1FZD07iti8er4
"You uploaded a feed photo on December 19, 2024 at 2:14 AM (GMT)", -,https://media.licdn.com/dms/image/v2/D5622AQHOsC8488tvJA/feedshare-shrink_800/B56ZPcsbsVH0Ak-/0/1734574457780?e=1788393600&v=beta&t=X5anj7jzawb2UB-RlOevMgwp7-uje3EwH_97FTNyBks
"You uploaded a feed photo on December 19, 2024 at 2:14 AM (GMT)", -,https://media.licdn.com/dms/image/v2/D5622AQH6eXOBw94_dw/feedshare-shrink_160/B56ZPcsbqyH0Ac-/0/1734574462616?e=1788393600&v=beta&t=-EzhLP9iUvAfUQGlkWY-BlUbcSmKRk_GuFXj2qA32sw
"You uploaded a feed photo on December 19, 2024 at 2:14 AM (GMT)", -,https://media.licdn.com/dms/image/v2/D5622AQF-BbMp__cqWw/feedshare-shrink_800/B56ZPcsbqsHQAk-/0/1734574462985?e=1788393600&v=beta&t=IO3TWRXLtEMKHGCP-xg8vLXHi-8DyYyDsbNocY7nYZs
"You uploaded a feed photo on December 19, 2024 at 2:05 AM (GMT)", -,https://media.licdn.com/dms/image/v2/D5622AQGTeeomhl_ViA/feedshare-shrink_160/B56ZPcqYx3HIAg-/0/1734573919549?e=1788393600&v=beta&t=oy2AEt0GNLZE3FelkrbmFvYJB0aee9SkD5tuSuhydEo
"You uploaded a feed photo on December 19, 2024 at 2:05 AM (GMT)", -,https://media.licdn.com/dms/image/v2/D5622AQEAgDU1JUysQA/feedshare-shrink_800/B56ZPcqYx4HIAo-/0/1734573919563?e=1788393600&v=beta&t=KkKinukvFjDoR0uUlbd_8OnxRyJ3sRRamhZddLTDcFg
"You uploaded a feed photo on December 19, 2024 at 2:05 AM (GMT)", -,https://media.licdn.com/dms/image/v2/D5622AQGQi0ekQjd1Fw/feedshare-shrink_160/B56ZPcqYx4G4Ac-/0/1734573919546?e=1788393600&v=beta&t=tt13kQPgxTvHMOC0WcoCVzjCoHK2elSRlN9XIRGvVgY
"You uploaded a feed photo on December 19, 2024 at 2:05 AM (GMT)", -,https://media.licdn.com/dms/image/v2/D5622AQGFkm1y-9fhCA/feedshare-shrink_480/B56ZPcqYx2HoAc-/0/1734573919557?e=1788393600&v=beta&t=umR-yl4XYGRR0h9yLjoJGOU440cb9k0T83hxR_udjlQ
"You uploaded a feed photo on December 19, 2024 at 2:05 AM (GMT)", -,https://media.licdn.com/dms/image/v2/D5622AQGbqJJ-ZXsobQ/feedshare-image-high-res/B56ZPcqYx0GQA0-/0/1734573919608?e=1788393600&v=beta&t=4SzswQh334S2VHXYblqLV-12l6vvkisOzD5oljin1Jw
"You uploaded a feed photo on December 19, 2024 at 2:05 AM (GMT)", -,https://media.licdn.com/dms/image/v2/D5622AQGcgGELsXjPsQ/feedshare-shrink_480/B56ZPcqYx1HIAY-/0/1734573919638?e=1788393600&v=beta&t=XtbwKIisa2AHQ_clcpPS9egL3RDQf_s1jNNM_qpWMzg
"You uploaded a feed photo on December 17, 2024 at 11:50 AM (GMT)", -,https://media.licdn.com/dms/image/v2/D5622AQEl3YPoJKnXSA/feedshare-shrink_800/B56ZPUdKgNHIAg-/0/1734436235479?e=1788393600&v=beta&t=WUuYn5s2p7TbU-cT9hBlr3tHhWkPXoE3X26y1NnWJW4
"You uploaded a feed photo on December 17, 2024 at 11:50 AM (GMT)", -,https://media.licdn.com/dms/image/v2/D5622AQEm6-j18jup2A/feedshare-shrink_800/B56ZPUdKgNGQAg-/0/1734436235534?e=1788393600&v=beta&t=BPRwETt6N6o2EUq6kF_qkWRBkyMzy1KSTpbF1PJH940
"You uploaded a feed photo on December 17, 2024 at 1:22 AM (GMT)", -,https://media.licdn.com/dms/image/v2/D5622AQHMyGVYHkQ_5Q/feedshare-shrink_1280/B56ZPSNhBxGsAk-/0/1734398585832?e=1788393600&v=beta&t=oW_d4JdcA2OoqaRD0pdo2XnGWNbON8cAD9jbYWHLZAs
"You uploaded a feed photo on December 17, 2024 at 1:22 AM (GMT)", -,https://media.licdn.com/dms/image/v2/D5622AQESpwP98Zl9Tw/feedshare-image-high-res/B56ZPSNhBlGkA4-/0/1734398586865?e=1788393600&v=beta&t=c6AXQv50GsKV8oHtH2HfyRp0Jmy74bA9qePXdZvByFA
"You uploaded a feed photo on December 17, 2024 at 1:22 AM (GMT)", -,https://media.licdn.com/dms/image/v2/D5622AQGmow473cSnuw/feedshare-shrink_160/B56ZPSNhBBGsAc-/0/1734398580879?e=1788393600&v=beta&t=PlAvv5pxqvHFTjTB_L52HZRS-uYx-JtTwOuL5lsKD3s
"You uploaded a feed photo on December 17, 2024 at 1:22 AM (GMT)", -,https://media.licdn.com/dms/image/v2/D5622AQEFeiacdVFlfw/feedshare-shrink_480/B56ZPSNhA4G4AY-/0/1734398580450?e=1788393600&v=beta&t=GzfV2VA4Kiuw_KXkYbtbZVGinhsFmBgZ6XZeIUOffVI
"You uploaded a feed photo on December 16, 2024 at 11:45 AM (GMT)", -,https://media.licdn.com/dms/image/v2/D5622AQFDSF_qUlxjig/feedshare-image-high-res/B56ZPPSXoeG8A4-/0/1734349520495?e=1788393600&v=beta&t=pmiUN43W30uEI1-N2bCNclkkR-4f7k4uof0rNzBWy5M
"You uploaded a feed photo on December 15, 2024 at 2:18 AM (GMT)", -,https://media.licdn.com/dms/image/v2/D5622AQHf30OtyMqnHA/feedshare-image-high-res/B56ZPIHHYdG4A4-/0/1734229134291?e=1788393600&v=beta&t=TgHHPxkcG5aF7AbKuYMMiuRNqJ5SKZVztIrxhrry8S8
"You uploaded a feed photo on December 15, 2024 at 2:18 AM (GMT)", -,https://media.licdn.com/dms/image/v2/D5622AQF_tdbbQ1j8pA/feedshare-shrink_1280/B56ZPIHHYRGkAo-/0/1734229131146?e=1788393600&v=beta&t=01sKImtjK9UPWQsADGZUlxiuo2hOnXwHi8I8HMvMHc4
"You uploaded a feed photo on December 15, 2024 at 2:18 AM (GMT)", -,https://media.licdn.com/dms/image/v2/D5622AQG0J3qG_buuhw/feedshare-shrink_480/B56ZPIHHYQGsAY-/0/1734229134464?e=1788393600&v=beta&t=qo9vOEqxxG58aGejN74wbScJJfLJl58t2AhYoQTUFXU
"You uploaded a feed photo on December 11, 2024 at 1:42 PM (GMT)", -,https://media.licdn.com/dms/image/v2/D5622AQGZYkVk-3pZdQ/feedshare-shrink_800/feedshare-shrink_800/0/1733924574358?e=1788393600&v=beta&t=RSskt4HE7QfhFcYt6p9bD6Te_1VFkKtSDw3NIenogLs
"You uploaded a feed photo on December 11, 2024 at 1:42 PM (GMT)", -,https://media.licdn.com/dms/image/v2/D5622AQERV55c4bwN1g/feedshare-shrink_800/feedshare-shrink_800/0/1733924575911?e=1788393600&v=beta&t=AbgSecgSc_5dDMlh3ccNuPQ9M9ffYAuw4eIxUIxsakg
"You uploaded a feed photo on December 11, 2024 at 1:42 PM (GMT)", -,https://media.licdn.com/dms/image/v2/D5622AQH4qes1VzqxvA/feedshare-shrink_800/feedshare-shrink_800/0/1733924574481?e=1788393600&v=beta&t=4CR-9nvQb4OqzOjuYMfDumS1JL71K8K0UXHWN10eWWg
"You uploaded a feed photo on December 11, 2024 at 1:42 PM (GMT)", -,https://media.licdn.com/dms/image/v2/D5622AQGHP1hmVR-rxw/feedshare-shrink_800/feedshare-shrink_800/0/1733924575288?e=1788393600&v=beta&t=XX-EZSGr8zBclosFYYNE1pYtb5exmb1BudpGdm-bEaE
"You uploaded a feed photo on December 11, 2024 at 1:42 PM (GMT)", -,https://media.licdn.com/dms/image/v2/D5622AQGmmCMb9GoJjQ/feedshare-shrink_800/feedshare-shrink_800/0/1733924574442?e=1788393600&v=beta&t=u-sbywOCqf9yrjLoEf-YGAWtsiE2EwjRDZKKvPdjBJY
"You uploaded a feed photo on December 11, 2024 at 1:42 PM (GMT)", -,https://media.licdn.com/dms/image/v2/D5622AQFrmyICywGINw/feedshare-shrink_800/feedshare-shrink_800/0/1733924573917?e=1788393600&v=beta&t=VDFIRqFs0EUAw-P0fjUcoFhgvhvJSCZ4nc3fyfsAyOk
"You uploaded a feed photo on December 11, 2024 at 1:42 PM (GMT)", -,https://media.licdn.com/dms/image/v2/D5622AQFdOYKpZy3KMg/feedshare-shrink_800/feedshare-shrink_800/0/1733924574568?e=1788393600&v=beta&t=zwnIyTmbB7hf-8T0JqOoyrDROrqT6dibYvNQbdHpJRw
"You uploaded a feed photo on December 11, 2024 at 1:42 PM (GMT)", -,https://media.licdn.com/dms/image/v2/D5622AQH3LfTpybSdGw/feedshare-shrink_800/feedshare-shrink_800/0/1733924574465?e=1788393600&v=beta&t=wD2_DcBZGtezAd-qLsxRDOJ2wMon8867Qswb8s7xjYE
"You uploaded a feed photo on December 11, 2024 at 1:42 PM (GMT)", -,https://media.licdn.com/dms/image/v2/D5622AQHL4VGPGBxtMg/feedshare-shrink_800/feedshare-shrink_800/0/1733924573960?e=1788393600&v=beta&t=Zd9JYufzkf6XtYn2wLvwWM0tnVs3Q6brJ1Upgn6WNl0
"You uploaded a feed photo on December 11, 2024 at 1:42 PM (GMT)", -,https://media.licdn.com/dms/image/v2/D5622AQH6gONKIurQ1w/feedshare-shrink_800/feedshare-shrink_800/0/1733924574091?e=1788393600&v=beta&t=jAe_V4p_8D9Mgqz4cHY5cJxCBI1GP_Cfnj2A0Rh0gWc
"You uploaded a feed photo on December 11, 2024 at 1:42 PM (GMT)", -,https://media.licdn.com/dms/image/v2/D5622AQHzfZkpAX5xjw/feedshare-shrink_800/feedshare-shrink_800/0/1733924574061?e=1788393600&v=beta&t=PF7puZbErtu35yWj70W9YvDo-IYscg_Og-rbk_k7hYI
"You uploaded a feed photo on December 11, 2024 at 1:42 PM (GMT)", -,https://media.licdn.com/dms/image/v2/D5622AQF7u1fYlHmNbg/feedshare-shrink_800/feedshare-shrink_800/0/1733924574341?e=1788393600&v=beta&t=BpXvtshKLoPDDFg0bd1NrvavEkHO2Ee2sTxqMOI1-6Y
"You uploaded a feed photo on December 11, 2024 at 1:42 PM (GMT)", -,https://media.licdn.com/dms/image/v2/D5622AQEdMbFuv5YeAQ/feedshare-shrink_800/feedshare-shrink_800/0/1733924574346?e=1788393600&v=beta&t=agCuSenRKyrLllE9zohrfPwwxifKYDKqwnzegYhuoTE
"You uploaded a feed photo on December 11, 2024 at 1:42 PM (GMT)", -,https://media.licdn.com/dms/image/v2/D5622AQEBD6BXenUKng/feedshare-shrink_800/feedshare-shrink_800/0/1733924573911?e=1788393600&v=beta&t=pftmwJA_PhZNfzlcTpzALqLNQWDQ5mcB7_688bz-n5E
"You uploaded a feed photo on December 11, 2024 at 1:42 PM (GMT)", -,https://media.licdn.com/dms/image/v2/D5622AQGB_ow2j68Sbw/feedshare-shrink_800/feedshare-shrink_800/0/1733924574422?e=1788393600&v=beta&t=4-vqd8YGw1e2l1gwMbZCkACvM5bd-wAUz7rDzw7eOls
"You uploaded a feed photo on December 11, 2024 at 1:42 PM (GMT)", -,https://media.licdn.com/dms/image/v2/D5622AQE5sdECuGuk_g/feedshare-shrink_800/feedshare-shrink_800/0/1733924571805?e=1788393600&v=beta&t=g_uE6MNjM6GXG6QT7obAZAfjK4WrJyIBbf09f2blZSw
"You uploaded a feed photo on December 11, 2024 at 1:42 PM (GMT)", -,https://media.licdn.com/dms/image/v2/D5622AQFVDUWrj7nXwQ/feedshare-shrink_800/feedshare-shrink_800/0/1733924574275?e=1788393600&v=beta&t=6Yv26I3mMWmcKTAs2P5A58npgUCBG7dhJMkXq1rh3wM
"You uploaded a feed photo on December 11, 2024 at 1:42 PM (GMT)", -,https://media.licdn.com/dms/image/v2/D5622AQEvWwlCF1jmJg/feedshare-shrink_800/feedshare-shrink_800/0/1733924575349?e=1788393600&v=beta&t=56eCFvYIiasCLWkEgJ2fQljSuoRD2Y-_1ovbLIWTHuo
"You uploaded a feed photo on December 11, 2024 at 1:42 PM (GMT)", -,https://media.licdn.com/dms/image/v2/D5622AQEVZg36bFuVgA/feedshare-shrink_800/feedshare-shrink_800/0/1733924573590?e=1788393600&v=beta&t=tcHBKSFa7bSkHObb3T4uiw3OAK6mCSTmaIgI56NhGL8
"You uploaded a feed photo on December 11, 2024 at 1:42 PM (GMT)", -,https://media.licdn.com/dms/image/v2/D5622AQFPrsdqWON-8w/feedshare-shrink_800/feedshare-shrink_800/0/1733924574917?e=1788393600&v=beta&t=mUmn1Qe7Tg6vKk9UtX-qSFpajhxLYl_eY0e_Un5eIFY
"You uploaded a feed photo on December 8, 2024 at 1:24 PM (GMT)", -,https://media.licdn.com/dms/image/v2/D5622AQGHiB8F288k1A/feedshare-shrink_800/feedshare-shrink_800/0/1733664313462?e=1788393600&v=beta&t=m8gD8C4U03L2TqW1XD0C23dMLABAcApN8aWl5wLPOPg
"You uploaded a feed photo on December 8, 2024 at 1:24 PM (GMT)", -,https://media.licdn.com/dms/image/v2/D5622AQFNy07HJEj60A/feedshare-shrink_800/feedshare-shrink_800/0/1733664310479?e=1788393600&v=beta&t=hqkTwtCJQdurh73o0TqAMa9hKZJniJQRVeDDCJikeSQ
"You uploaded a feed photo on December 8, 2024 at 1:24 PM (GMT)", -,https://media.licdn.com/dms/image/v2/D5622AQFY5i3q59fFsw/feedshare-shrink_800/feedshare-shrink_800/0/1733664313543?e=1788393600&v=beta&t=-iGwiZpFPr6fwSZfB9mSd7o-ETbF3qA9wH8WnaCLGNU
"You uploaded a feed photo on December 8, 2024 at 1:24 PM (GMT)", -,https://media.licdn.com/dms/image/v2/D5622AQH4kjyBFr7_XA/feedshare-shrink_800/feedshare-shrink_800/0/1733664306787?e=1788393600&v=beta&t=RpC9YtKMgox2ALHYLtdHsr_8x3FBjgYubU2j0Jaoizc
"You uploaded a feed photo on December 8, 2024 at 1:24 PM (GMT)", -,https://media.licdn.com/dms/image/v2/D5622AQEXMZqyPUDwpQ/feedshare-shrink_800/feedshare-shrink_800/0/1733664300245?e=1788393600&v=beta&t=itwUIFVQC7n7sqnB4jKRErRw4Hqu0hWOQPpJWlOQTCI
"You uploaded a feed photo on December 8, 2024 at 1:24 PM (GMT)", -,https://media.licdn.com/dms/image/v2/D5622AQFnOzTz_-299Q/feedshare-shrink_800/feedshare-shrink_800/0/1733664303763?e=1788393600&v=beta&t=u5iaz_SDqcpoBvVmHffx7tGzCcP3TMWghkwyY9I3GXQ
"You uploaded a feed photo on December 8, 2024 at 1:24 PM (GMT)", -,https://media.licdn.com/dms/image/v2/D5622AQHvkqMX514Qzw/feedshare-shrink_800/feedshare-shrink_800/0/1733664299932?e=1788393600&v=beta&t=R3-1jcXLHpMTZ79qrIZ-qJAj6H12MVCMn7AvbkRx5eo
"You uploaded a feed photo on December 8, 2024 at 1:24 PM (GMT)", -,https://media.licdn.com/dms/image/v2/D5622AQHfX9Q03tpXnQ/feedshare-shrink_800/feedshare-shrink_800/0/1733664304245?e=1788393600&v=beta&t=lOedYc9UIqJ1HGaAXhx_RG6-2naeVZSHeA5amw3aiJw
"You uploaded a feed photo on December 8, 2024 at 1:24 PM (GMT)", -,https://media.licdn.com/dms/image/v2/D5622AQGBoEILBhgMWg/feedshare-shrink_800/feedshare-shrink_800/0/1733664300576?e=1788393600&v=beta&t=FcluC_fcSqcVLTaJGiPUP2zZRef_13hmlLuUYiEx6JI
"You uploaded a feed photo on December 8, 2024 at 1:24 PM (GMT)", -,https://media.licdn.com/dms/image/v2/D5622AQFLj72XVRwmBg/feedshare-shrink_800/feedshare-shrink_800/0/1733664303922?e=1788393600&v=beta&t=9AyG3iwYvTHKWpFM-T3KrQD4Dm5yM5g_CzZ2EaOGQtQ
"You uploaded a feed photo on December 8, 2024 at 1:24 PM (GMT)", -,https://media.licdn.com/dms/image/v2/D5622AQFaDMMYnZ_1QA/feedshare-shrink_800/feedshare-shrink_800/0/1733664310940?e=1788393600&v=beta&t=kfv0mrgBuYX0UsgDO_EN66dq500vmwaWMdUmisrQ7kY
"You uploaded a feed photo on December 8, 2024 at 1:24 PM (GMT)", -,https://media.licdn.com/dms/image/v2/D5622AQEM1pbUtrGpAA/feedshare-shrink_800/feedshare-shrink_800/0/1733664299642?e=1788393600&v=beta&t=6hFVXx0wlBmhRU-7F5H1CRldvQzks5ruZcWadbbNaxA
"You uploaded a feed photo on December 8, 2024 at 1:24 PM (GMT)", -,https://media.licdn.com/dms/image/v2/D5622AQGKLZqNKVVydg/feedshare-shrink_800/feedshare-shrink_800/0/1733664308245?e=1788393600&v=beta&t=p02KgyGDrMwe-V5bK5n60NFV-CCruq571s7Uh_mOAiM
"You uploaded a feed photo on December 8, 2024 at 1:24 PM (GMT)", -,https://media.licdn.com/dms/image/v2/D5622AQEJvENeS9PVbw/feedshare-shrink_800/feedshare-shrink_800/0/1733664308009?e=1788393600&v=beta&t=5A3Bdr12QfVQ6RkFdNdVL6SOCCwl2QWYU3svFxUpYmc
"You uploaded a feed photo on December 8, 2024 at 1:24 PM (GMT)", -,https://media.licdn.com/dms/image/v2/D5622AQGc-aBN5P_4Xw/feedshare-shrink_800/feedshare-shrink_800/0/1733664304532?e=1788393600&v=beta&t=yeYMDGHMbK9KYPWhc8honMwJzo8ExlPCsyPn8fFwcYw
"You uploaded a feed photo on December 8, 2024 at 1:08 AM (GMT)", -,https://media.licdn.com/dms/image/v2/D5622AQGHQnqryRYRBg/feedshare-shrink_800/feedshare-shrink_800/0/1733620103845?e=1788393600&v=beta&t=Ot-nzkOHRRlQlehqdmkDiY4Emdz4QXbLDvzJWSd-Vtg
"You uploaded a feed photo on December 8, 2024 at 1:08 AM (GMT)", -,https://media.licdn.com/dms/image/v2/D5622AQE13uIAUkVwyg/feedshare-shrink_800/feedshare-shrink_800/0/1733620104310?e=1788393600&v=beta&t=C5gFW7zvZ8S9zXVgOUWGDBmGgYeI81qTzZikPO3zApg
"You uploaded a feed photo on December 8, 2024 at 1:08 AM (GMT)", -,https://media.licdn.com/dms/image/v2/D5622AQEdb99SY6SQvw/feedshare-shrink_800/feedshare-shrink_800/0/1733620104479?e=1788393600&v=beta&t=SOZIOxcL1cSn6-hqDwzWY-G1DG7noP3hDbdF-S4l_qs
"You uploaded a feed photo on December 8, 2024 at 1:08 AM (GMT)", -,https://media.licdn.com/dms/image/v2/D5622AQE6VozFCy5zGA/feedshare-shrink_800/feedshare-shrink_800/0/1733620107532?e=1788393600&v=beta&t=xhAY13As3VxjVKKJuwTamak5E3Pk_r3aj-7HzQGovgw
"You uploaded a feed photo on December 8, 2024 at 1:08 AM (GMT)", -,https://media.licdn.com/dms/image/v2/D5622AQF2qA3Y_z0TCg/feedshare-shrink_800/feedshare-shrink_800/0/1733620103482?e=1788393600&v=beta&t=pLfTlysUBq0F6trheLPYOeiJ1JOgytg41-yqH2nO5Zs
"You uploaded a feed photo on December 6, 2024 at 1:41 AM (GMT)", -,https://media.licdn.com/dms/image/v2/D5622AQGdjCrP9qXPcw/feedshare-shrink_800/feedshare-shrink_800/0/1733449310368?e=1788393600&v=beta&t=uUj_nPjDyzBJ_EBvYW3Kz9oxqx2sLb-qtboS8gnVUCk
"You uploaded a feed photo on December 6, 2024 at 1:41 AM (GMT)", -,https://media.licdn.com/dms/image/v2/D5622AQG8DRCKWtiHkw/feedshare-shrink_800/feedshare-shrink_800/0/1733449310340?e=1788393600&v=beta&t=bootzs3trLZ__26aB03Hjury_KZLwR4wLWxNeaHzHzU
"You uploaded a feed photo on December 6, 2024 at 1:35 AM (GMT)", -,https://media.licdn.com/dms/image/v2/D5622AQE96hBXqT-Vsg/feedshare-shrink_800/feedshare-shrink_800/0/1733448906473?e=1788393600&v=beta&t=VFHB-pUaS4X3hnLq-6i3a7cWI5p8mcaJTITmAwjP35o
"You uploaded a feed photo on December 5, 2024 at 1:43 AM (GMT)", -,https://media.licdn.com/dms/image/v2/D5622AQGes85Z6_z6Sg/feedshare-shrink_800/feedshare-shrink_800/0/1733363028180?e=1788393600&v=beta&t=Cg1ne6ntvhUYXMddqy3-qLivmlYWyFhbTBQ41mXjLhk
"You uploaded a feed photo on December 5, 2024 at 1:43 AM (GMT)", -,https://media.licdn.com/dms/image/v2/D5622AQEqMqM1Cd1zmA/feedshare-shrink_800/feedshare-shrink_800/0/1733363028253?e=1788393600&v=beta&t=QODMJa-75JiNBl9cYsoSiwlwAJLAMvM43gjMbPOg2Ns
"You uploaded a feed photo on December 5, 2024 at 1:43 AM (GMT)", -,https://media.licdn.com/dms/image/v2/D5622AQHDckKp3KfxCA/feedshare-shrink_20/feedshare-shrink_20/0/1733363024126?e=1788393600&v=beta&t=_hPYLU386N6JciZAS3cIdMjicATKoHTXiS9-wuorQoM
"You uploaded a feed photo on December 4, 2024 at 3:30 AM (GMT)", -,https://media.licdn.com/dms/image/v2/D5622AQHxH3X8TLp6gw/feedshare-shrink_800/feedshare-shrink_800/0/1733283035809?e=1788393600&v=beta&t=WiGxi_0GP-gRGUDix4Wcn7w1avpDO-yPJOZHW87gV8M
"You uploaded a feed photo on December 4, 2024 at 3:30 AM (GMT)", -,https://media.licdn.com/dms/image/v2/D5622AQEPnA6WPgCClQ/feedshare-shrink_800/feedshare-shrink_800/0/1733283035552?e=1788393600&v=beta&t=b3aOz52oJrDGlQt_Ue1bfLCY0s7D0mo4WGGfPu6y7mw
"You uploaded a feed photo on December 4, 2024 at 3:30 AM (GMT)", -,https://media.licdn.com/dms/image/v2/D5622AQE0Yq_maSQcoA/feedshare-shrink_800/feedshare-shrink_800/0/1733283035572?e=1788393600&v=beta&t=dHKbIPuwFOH68aAi8xIQXKhseC8pEbZuBA4PdffZYbc
"You uploaded a feed photo on December 4, 2024 at 1:43 AM (GMT)", -,https://media.licdn.com/dms/image/v2/D5622AQH3sJaIouIAQQ/feedshare-shrink_800/feedshare-shrink_800/0/1733276643790?e=1788393600&v=beta&t=ujRdTN4sp6TnRM5-DKPOcBL7Cq-YUviQZdpwYSjZ3pc
"You uploaded a feed photo on December 4, 2024 at 1:43 AM (GMT)", -,https://media.licdn.com/dms/image/v2/D5622AQHk9yf_hln3sA/feedshare-shrink_800/feedshare-shrink_800/0/1733276643742?e=1788393600&v=beta&t=lSjCTiIX54V5PyTfmZKm6eDYOl-4T7JfRmV68NHQM_Q
"You uploaded a feed photo on December 4, 2024 at 1:43 AM (GMT)", -,https://media.licdn.com/dms/image/v2/D5622AQHYuOY0ut-R-Q/feedshare-shrink_800/feedshare-shrink_800/0/1733276643822?e=1788393600&v=beta&t=G_ny4-mTU6NzMpgYzzNtCe2ith1cGnR_r_VrAD06J20
"You uploaded a feed photo on December 4, 2024 at 1:43 AM (GMT)", -,https://media.licdn.com/dms/image/v2/D5622AQExHqxW0v16DA/feedshare-shrink_20/feedshare-shrink_20/0/1733276638816?e=1788393600&v=beta&t=FvtnVunMlRYsYsZzcq47Ds2lCUnjTlkPTQhZsjfjaSk
"You uploaded a feed photo on December 3, 2024 at 1:28 AM (GMT)", -,https://media.licdn.com/dms/image/v2/D5622AQG1e_iLcHrtMw/feedshare-shrink_800/feedshare-shrink_800/0/1733189336453?e=1788393600&v=beta&t=HsGL2sYa6roNTw-rCmgtUOq3EHV6PUsvMoS23kPMWrs
"You uploaded a feed photo on December 3, 2024 at 1:28 AM (GMT)", -,https://media.licdn.com/dms/image/v2/D5622AQEJx5bLPuAE3Q/feedshare-shrink_800/feedshare-shrink_800/0/1733189336638?e=1788393600&v=beta&t=VKiF9-Fpv-waEW6AusL4uEOWqCdPHpf17zNuvU7nGEU
"You uploaded a feed photo on December 3, 2024 at 1:28 AM (GMT)", -,https://media.licdn.com/dms/image/v2/D5622AQFhJ49b9g-fMg/feedshare-shrink_20/feedshare-shrink_20/0/1733189333189?e=1788393600&v=beta&t=u29vKgx_pkaVvhMZm2NsPuSt67QE2nuW7_cfwwBwyo8
"You uploaded a feed photo on December 2, 2024 at 2:45 PM (GMT)", -,https://media.licdn.com/dms/image/v2/D5622AQG922h-5vvqeA/feedshare-shrink_800/feedshare-shrink_800/0/1733150727991?e=1788393600&v=beta&t=sTqtvk7el3bVYQas109MUtqOE7W9e6ID8um6Ag2JOuE
"You uploaded a feed photo on December 2, 2024 at 2:45 PM (GMT)", -,https://media.licdn.com/dms/image/v2/D5622AQG56pueHTdiFw/feedshare-shrink_800/feedshare-shrink_800/0/1733150729217?e=1788393600&v=beta&t=ZLb-iv2VVmv-Tcd6c7_R2DACisdocjIjem2rgT5XptQ
"You uploaded a feed photo on December 2, 2024 at 12:27 PM (GMT)", -,https://media.licdn.com/dms/image/v2/D5622AQHuRf2NNRP5KA/feedshare-shrink_800/feedshare-shrink_800/0/1733142463094?e=1788393600&v=beta&t=Iav-LnfasTUuLLouZR-oXpe4650JGVOvsL9ZAvIKSS4
"You uploaded a feed photo on December 2, 2024 at 12:27 PM (GMT)", -,https://media.licdn.com/dms/image/v2/D5622AQGtV3ldF0GhQQ/feedshare-shrink_800/feedshare-shrink_800/0/1733142463097?e=1788393600&v=beta&t=4RPZKrS0J_jZhOFQj4cXJquT54o6Xhc4oBeX8hRowXw
"You uploaded a feed photo on December 2, 2024 at 1:29 AM (GMT)", -,https://media.licdn.com/dms/image/v2/D5622AQHBtdrFzwIZlA/feedshare-shrink_800/feedshare-shrink_800/0/1733102979852?e=1788393600&v=beta&t=P5pCC_FmlzQmbsXaUbFeiwoDFnUYA4q8x3eHW6tk-y4
"You uploaded a feed photo on December 2, 2024 at 1:29 AM (GMT)", -,https://media.licdn.com/dms/image/v2/D5622AQEuM69uNeTWyQ/feedshare-shrink_800/feedshare-shrink_800/0/1733102979818?e=1788393600&v=beta&t=NeUrCreHi6iW758ESPK0cdPZl8s1gMT0vcAhJKIH9VQ
"You uploaded a feed photo on December 2, 2024 at 1:29 AM (GMT)", -,https://media.licdn.com/dms/image/v2/D5622AQEydMy6kqLDsQ/feedshare-shrink_800/feedshare-shrink_800/0/1733102978732?e=1788393600&v=beta&t=EowvjYb9dD9ekvlhvmanunA1sLrMR54Qx5r598F9-r0
"You uploaded a feed photo on December 2, 2024 at 1:29 AM (GMT)", -,https://media.licdn.com/dms/image/v2/D5622AQH6YMB-3uiRQA/feedshare-shrink_20/feedshare-shrink_20/0/1733102974345?e=1788393600&v=beta&t=6-GV5PRmFjqwaThVeRAVcOUVs2FzlyryrTupv-7-yFM
"You uploaded a feed photo on December 1, 2024 at 7:19 AM (GMT)", -,https://media.licdn.com/dms/image/v2/D5622AQHiJWQTuMNtfg/feedshare-shrink_800/feedshare-shrink_800/0/1733037598618?e=1788393600&v=beta&t=Aun127mD_5MmH8eT5pXYk0__cD4ALc7KKWP1PoccKYA
"You uploaded a feed photo on November 30, 2024 at 1:24 AM (GMT)", -,https://media.licdn.com/dms/image/v2/D5622AQHAByMWp3r4_A/feedshare-shrink_800/feedshare-shrink_800/0/1732929912947?e=1788393600&v=beta&t=ESeuxF0bK79kSk_bDoo44Otcax83o_QaUO6JIjLTHig
"You uploaded a feed photo on November 30, 2024 at 1:24 AM (GMT)", -,https://media.licdn.com/dms/image/v2/D5622AQHXZfsVeTVxMg/feedshare-shrink_800/feedshare-shrink_800/0/1732929913101?e=1788393600&v=beta&t=XshllsKF-a--tGfaGRnQu5VW_MbiUBOXyByUHRJYvaQ
"You uploaded a feed photo on November 30, 2024 at 1:24 AM (GMT)", -,https://media.licdn.com/dms/image/v2/D5622AQFKjCCQDzm5VQ/feedshare-shrink_800/feedshare-shrink_800/0/1732929901623?e=1788393600&v=beta&t=UHfikWB9lodLBG6bRQac6vBeJ0xu6fAqlovMA9PP_xQ
"You uploaded a feed photo on November 30, 2024 at 1:24 AM (GMT)", -,https://media.licdn.com/dms/image/v2/D5622AQFYZXvuk_RbKw/feedshare-shrink_800/feedshare-shrink_800/0/1732929911246?e=1788393600&v=beta&t=vAN_QF2D_oIMgQmikTQJYSJTz1A-dm4RhB047o33sZk
"You uploaded a feed photo on November 30, 2024 at 1:24 AM (GMT)", -,https://media.licdn.com/dms/image/v2/D5622AQHq6q4BHVZr5w/feedshare-shrink_20/feedshare-shrink_20/0/1732929901462?e=1788393600&v=beta&t=vqPqqr67gvirWgKv1ecC8TMUyumr915HX2vhBUAzvf0
"You uploaded a feed photo on November 29, 2024 at 1:39 AM (GMT)", -,https://media.licdn.com/dms/image/v2/D5622AQGCumaZvkYdbg/feedshare-shrink_800/feedshare-shrink_800/0/1732844353260?e=1788393600&v=beta&t=AXb5Qt5YJck115OgyhpJf_xllO2wETLYsQLeCQPUD8U
"You uploaded a feed photo on November 29, 2024 at 1:39 AM (GMT)", -,https://media.licdn.com/dms/image/v2/D5622AQHv5w6tDut-rQ/feedshare-shrink_20/feedshare-shrink_20/0/1732844349261?e=1788393600&v=beta&t=ESpl2f1wvUbMlydpGH3WxLmhGoDK_8k7kZCHqx3PKXM
"You uploaded a feed photo on November 29, 2024 at 1:39 AM (GMT)", -,https://media.licdn.com/dms/image/v2/D5622AQHvZpinz7YVxQ/feedshare-shrink_800/feedshare-shrink_800/0/1732844352177?e=1788393600&v=beta&t=aUFivd9yCt_DLYbQy4ZNNwdfFLbf7w9t676nfmewFGs
"You uploaded a feed photo on November 29, 2024 at 1:39 AM (GMT)", -,https://media.licdn.com/dms/image/v2/D5622AQFBCM5-5PNEYA/feedshare-shrink_800/feedshare-shrink_800/0/1732844349218?e=1788393600&v=beta&t=5USd-YkUTZ6CKX6hL8eB-f1r8Cx2a7ayV7XJ0okMBZQ
"You uploaded a feed photo on November 28, 2024 at 2:13 PM (GMT)", -,https://media.licdn.com/dms/image/v2/D5622AQEwlUNxVO2C1w/feedshare-shrink_800/feedshare-shrink_800/0/1732803183095?e=1788393600&v=beta&t=q2OOccchnIKXFc4qereHJRNdpXmIAjmAnFX3NKB3hwY
"You uploaded a feed photo on November 28, 2024 at 2:13 PM (GMT)", -,https://media.licdn.com/dms/image/v2/D5622AQFyDSUbJO1KIA/feedshare-shrink_800/feedshare-shrink_800/0/1732803183110?e=1788393600&v=beta&t=jk1i4ix7oJoWoTxPsUoUmXjk2Iwe-9cc_9eNfBDucNk
"You uploaded a feed photo on November 28, 2024 at 2:13 PM (GMT)", -,https://media.licdn.com/dms/image/v2/D5622AQHBuEmfZ2ugAA/feedshare-shrink_800/feedshare-shrink_800/0/1732803182962?e=1788393600&v=beta&t=QieOj0qvb9syHuF5NWTS4VzX7gWKl8AO6fFFFJ-2mao
"You uploaded a feed photo on November 28, 2024 at 1:24 AM (GMT)", -,https://media.licdn.com/dms/image/v2/D5622AQEZ9oxj9k_ZoQ/feedshare-shrink_800/feedshare-shrink_800/0/1732757094919?e=1788393600&v=beta&t=u3ftMxfxrk8nRdMKI28fuPPCfk29TNrb-hKKXapHudI
"You uploaded a feed photo on November 28, 2024 at 1:24 AM (GMT)", -,https://media.licdn.com/dms/image/v2/D5622AQFUkKz9oiUSRg/feedshare-shrink_800/feedshare-shrink_800/0/1732757094911?e=1788393600&v=beta&t=k0wcz5po2N7VAmMoKLnhHznWGqj5Tjg2Abh7bXoHQ64
"You uploaded a feed photo on November 28, 2024 at 1:24 AM (GMT)", -,https://media.licdn.com/dms/image/v2/D5622AQGfnGE1TNvfkA/feedshare-shrink_800/feedshare-shrink_800/0/1732757094895?e=1788393600&v=beta&t=W76gXscDtRlHCXU5bYQgOoZFHaThDUVoa6lcfIEclsU
"You uploaded a feed photo on November 28, 2024 at 1:22 AM (GMT)", -,https://media.licdn.com/dms/image/v2/D5622AQGF1VjMPJKs7w/feedshare-shrink_800/feedshare-shrink_800/0/1732756985470?e=1788393600&v=beta&t=E4syeb1O2f5bbG-LqiVPSfmcaTlhlva5xKOlagvS4nU
"You uploaded a feed photo on November 28, 2024 at 1:22 AM (GMT)", -,https://media.licdn.com/dms/image/v2/D5622AQHlTkZY9mb8xw/feedshare-shrink_800/feedshare-shrink_800/0/1732756985252?e=1788393600&v=beta&t=MNJ5ziTzeSNQQAJgPO_3nf1Koy0lGrMgutcOY7f68e8
"You uploaded a feed photo on November 28, 2024 at 1:22 AM (GMT)", -,https://media.licdn.com/dms/image/v2/D5622AQE32HYLbMDHGg/feedshare-shrink_20/feedshare-shrink_20/0/1732756981303?e=1788393600&v=beta&t=WFzqNEnlVCpjEtjJ5OrPSb0LccQRiNUh2xMEzh_osS4
"You uploaded a feed photo on November 28, 2024 at 1:22 AM (GMT)", -,https://media.licdn.com/dms/image/v2/D5622AQF2Lo3SUww64Q/feedshare-shrink_800/feedshare-shrink_800/0/1732756981681?e=1788393600&v=beta&t=3egdC2Q8zhWFDcx-Md5WaF3sRkq9p7r2q1-0-_48Kkk
"You uploaded a feed photo on November 26, 2024 at 2:20 PM (GMT)", -,https://media.licdn.com/dms/image/v2/D5622AQGZtnJhBXBZpw/feedshare-shrink_800/feedshare-shrink_800/0/1732630814166?e=1788393600&v=beta&t=zQoewgZD52PtJ8GbWOMLJceer6fDhTVmFv7fKBEDsN4
"You uploaded a feed photo on November 26, 2024 at 2:17 PM (GMT)", -,https://media.licdn.com/dms/image/v2/D5622AQH_97GlbiOumw/feedshare-shrink_800/feedshare-shrink_800/0/1732630660167?e=1788393600&v=beta&t=vxYXFoeHabYAxlWZG1DhdHt-lKXimaNUFspTgyWS8M8
"You uploaded a feed photo on November 26, 2024 at 2:13 PM (GMT)", -,https://media.licdn.com/dms/image/v2/D5622AQGJbnSwVze9vA/feedshare-shrink_800/feedshare-shrink_800/0/1732630410933?e=1788393600&v=beta&t=z1ODx6FMwJDjBQc1bXSW1ZbSDddhMQHfQRXthkSeI8A
"You uploaded a feed photo on November 26, 2024 at 2:10 PM (GMT)", -,https://media.licdn.com/dms/image/v2/D5622AQFNsBdAevn2OQ/feedshare-shrink_800/feedshare-shrink_800/0/1732630229834?e=1788393600&v=beta&t=7qq9Ia5vAC5Xl1q_NOdUEEl3cN8f2mhzIqxcnXsgipY
"You uploaded a feed photo on November 26, 2024 at 2:04 PM (GMT)", -,https://media.licdn.com/dms/image/v2/D5622AQE443xDCCFRkA/feedshare-shrink_800/feedshare-shrink_800/0/1732629889579?e=1788393600&v=beta&t=ZQocX-KP8zWByC1zDzTClV2dC_OLodV5P8M49RDL3Bo
"You uploaded a feed photo on November 26, 2024 at 2:01 PM (GMT)", -,https://media.licdn.com/dms/image/v2/D5622AQE6YGyUlHIuiQ/feedshare-shrink_800/feedshare-shrink_800/0/1732629696655?e=1788393600&v=beta&t=B47B4K1amxtC6Q6JY9ZUUYovas0uzlkdszBosiqAPqo
"You uploaded a feed photo on November 26, 2024 at 1:58 PM (GMT)", -,https://media.licdn.com/dms/image/v2/D5622AQHcEJAMBuSDkw/feedshare-shrink_800/feedshare-shrink_800/0/1732629494470?e=1788393600&v=beta&t=IrA2ShJo8VLfA2GRPjcFrUwKdbB7H-ns49IeQC0Sf7w
"You uploaded a feed photo on November 26, 2024 at 1:52 PM (GMT)", -,https://media.licdn.com/dms/image/v2/D5622AQFkhM4axcrLhg/feedshare-shrink_800/feedshare-shrink_800/0/1732629138551?e=1788393600&v=beta&t=gQ7xE-1cWawXwVtlRX0rm4JZp2ne4C3rx3zovZcAoXw
"You uploaded a feed photo on November 26, 2024 at 1:47 PM (GMT)", -,https://media.licdn.com/dms/image/v2/D5622AQGc-cNCBQjsXA/feedshare-shrink_800/feedshare-shrink_800/0/1732628825232?e=1788393600&v=beta&t=6hzijr0QQw1Fe0wqJdp3uOCQp--RqXQWssB-3KwKhYw
"You uploaded a feed photo on November 26, 2024 at 1:24 PM (GMT)", -,https://media.licdn.com/dms/image/v2/D5622AQGeCmEq8W8pKw/feedshare-shrink_800/feedshare-shrink_800/0/1732627474047?e=1788393600&v=beta&t=_BGJwmxge6sGRO4EGwnQFS5Qg4viz-TzH-7yWeWrs0g
"You uploaded a feed photo on November 26, 2024 at 1:24 PM (GMT)", -,https://media.licdn.com/dms/image/v2/D5622AQGu1K9I8GMK1g/feedshare-shrink_800/feedshare-shrink_800/0/1732627474614?e=1788393600&v=beta&t=lNbhDZJXy1QMI-jMnlTFmJX-GwnAN3RJryJo3Z1xrI4
"You uploaded a feed photo on November 26, 2024 at 1:24 PM (GMT)", -,https://media.licdn.com/dms/image/v2/D5622AQHtIpPEuVIYpg/feedshare-shrink_800/feedshare-shrink_800/0/1732627473443?e=1788393600&v=beta&t=rKc8kjWX8ne0hYtYchp3AfAz2lMeNu_V1CTsBHX_bCI
"You uploaded a feed photo on November 26, 2024 at 1:24 PM (GMT)", -,https://media.licdn.com/dms/image/v2/D5622AQHMAr3BrwE5fA/feedshare-shrink_800/feedshare-shrink_800/0/1732627472920?e=1788393600&v=beta&t=O4XI3Vx0ENpgzEAP0kbzOQd_52DXF5coBHvHlBXYzuc
"You uploaded a feed photo on November 26, 2024 at 1:24 PM (GMT)", -,https://media.licdn.com/dms/image/v2/D5622AQHdqwm3RbCwZA/feedshare-shrink_800/feedshare-shrink_800/0/1732627462752?e=1788393600&v=beta&t=Y9M5ry0iizKuodXAjqQhWroAhQBE2PlsWZxSfJGuYBg
"You uploaded a feed photo on November 26, 2024 at 1:24 PM (GMT)", -,https://media.licdn.com/dms/image/v2/D5622AQGC0xq-HdyOVg/feedshare-shrink_800/feedshare-shrink_800/0/1732627470672?e=1788393600&v=beta&t=TKWn7c7LLvj2J0sddur-5B41lCL8BO2384BJunkgnNc
"You uploaded a feed photo on November 24, 2024 at 12:36 AM (GMT)", -,https://media.licdn.com/dms/image/v2/D5622AQEKyI8ESGXITA/feedshare-shrink_800/feedshare-shrink_800/0/1732408608560?e=1788393600&v=beta&t=_d6lYnQ3NEAEOyH4DJtlXmqCwQwaGVcI5kkgTcfqeS8
"You uploaded a feed photo on November 24, 2024 at 12:36 AM (GMT)", -,https://media.licdn.com/dms/image/v2/D5622AQFwJPObcbCqGw/feedshare-shrink_800/feedshare-shrink_800/0/1732408608570?e=1788393600&v=beta&t=UAgXNS2yWkA0HWPekr4AioWncw6MYXWzugm8rK0u2Zg
"You uploaded a feed photo on November 24, 2024 at 12:36 AM (GMT)", -,https://media.licdn.com/dms/image/v2/D5622AQEi9fse2_2qMg/feedshare-shrink_800/feedshare-shrink_800/0/1732408608561?e=1788393600&v=beta&t=IGquAgN_oFObdVXLp7Cx3uBhA1rVjAkpa-Nfx4Fp24k
"You uploaded a feed photo on November 23, 2024 at 10:43 PM (GMT)", -,https://media.licdn.com/dms/image/v2/D5622AQGqSkjVsnVuaw/feedshare-shrink_800/feedshare-shrink_800/0/1732401781569?e=1788393600&v=beta&t=L64d0B7Y62kdUOFVJZ5CTEzgGlQuNnPa4biC8iVMB3U
"You uploaded a feed photo on November 23, 2024 at 10:43 PM (GMT)", -,https://media.licdn.com/dms/image/v2/D5622AQG8P4nmuQERsw/feedshare-shrink_800/feedshare-shrink_800/0/1732401781941?e=1788393600&v=beta&t=5E-RmPl4snJbwG5eZNM3EGyftgpWXD1pc8EfNwQZI4Y
"You uploaded a feed photo on November 23, 2024 at 10:43 PM (GMT)", -,https://media.licdn.com/dms/image/v2/D5622AQF-SxcTEUE8Ig/feedshare-shrink_800/feedshare-shrink_800/0/1732401781556?e=1788393600&v=beta&t=rfbcM09mwUxfHMBqAKW_Xfm7VD6GW0aPdWFWw7uYkCk
"You uploaded a feed photo on November 16, 2024 at 11:51 AM (GMT)", -,https://media.licdn.com/dms/image/v2/D5622AQG5Z4ioz7VKKw/feedshare-shrink_800/feedshare-shrink_800/0/1731757883821?e=1788393600&v=beta&t=FXCV9AtVFjdKFifmAY8WVxUZa8dKRt_6Z1U5wytNiu0
"You uploaded a feed photo on November 16, 2024 at 11:51 AM (GMT)", -,https://media.licdn.com/dms/image/v2/D5622AQFgBbOc629VSg/feedshare-shrink_800/feedshare-shrink_800/0/1731757883749?e=1788393600&v=beta&t=KlzPrD2X34edqItdaBVZC7fZqsnYPw3lf9tScL5XZE4
"You uploaded a feed photo on November 16, 2024 at 11:51 AM (GMT)", -,https://media.licdn.com/dms/image/v2/D5622AQE79y7sa7mEeg/feedshare-shrink_800/feedshare-shrink_800/0/1731757883752?e=1788393600&v=beta&t=PWO9ZXZGh276yE8okpoT1XkQ_ZFA83FcOXF7oZQIOeg
"You uploaded a feed photo on November 16, 2024 at 11:51 AM (GMT)", -,https://media.licdn.com/dms/image/v2/D5622AQEzXG_vl-P4Ww/feedshare-shrink_800/feedshare-shrink_800/0/1731757883750?e=1788393600&v=beta&t=mdomz-PTZGZswaY4qSJr_kQRlJws4KUXL60L4vhh5Zs
"You uploaded a feed photo on November 16, 2024 at 11:51 AM (GMT)", -,https://media.licdn.com/dms/image/v2/D5622AQH0bs9P4oxoTg/feedshare-shrink_800/feedshare-shrink_800/0/1731757883737?e=1788393600&v=beta&t=rXlvNX0ok3QIq0mD-eTz2lObqtGoq3XK7Kwwj6Bl2-0
"You uploaded a feed photo on November 16, 2024 at 11:50 AM (GMT)", -,https://media.licdn.com/dms/image/v2/D5622AQGajqDlQOIDFQ/feedshare-shrink_800/feedshare-shrink_800/0/1731757831004?e=1788393600&v=beta&t=e2jJg3E003zLqK67KvC8-CaENlkxlbYSJfM9FZOBL6M
"You uploaded a feed photo on November 16, 2024 at 10:10 AM (GMT)", -,https://media.licdn.com/dms/image/v2/D5622AQHc-m4DKezw_g/feedshare-shrink_800/feedshare-shrink_800/0/1731751810803?e=1788393600&v=beta&t=0KTKvEVVNszFkculDTN3SgFiCjaGYiSi-H-p9qw24IU
"You uploaded a feed photo on November 13, 2024 at 3:42 PM (GMT)", -,https://media.licdn.com/dms/image/v2/D5622AQG1wBM7qeMG9g/feedshare-shrink_800/feedshare-shrink_800/0/1731512553437?e=1788393600&v=beta&t=vaI6MdA20pJZHz4gUanO-r55Dmw5TbtS9jswmGWTHZA
"You uploaded a feed photo on November 13, 2024 at 3:42 PM (GMT)", -,https://media.licdn.com/dms/image/v2/D5622AQG8VvDMp7x92Q/feedshare-shrink_800/feedshare-shrink_800/0/1731512553438?e=1788393600&v=beta&t=TDTfiq44zEBfl0F1xhrWFic_ffrObDaRhnIvjxLivUs
"You uploaded a feed photo on November 13, 2024 at 3:42 PM (GMT)", -,https://media.licdn.com/dms/image/v2/D5622AQGy3id5uvk9Gg/feedshare-shrink_800/feedshare-shrink_800/0/1731512553423?e=1788393600&v=beta&t=fkY0pdArlXn0pYgxMaU29dj5gYlgkd6Lt44gfQXI3O8
"You uploaded a feed photo on November 13, 2024 at 11:50 AM (GMT)", -,https://media.licdn.com/dms/image/v2/D5622AQG3Rzjy6Baqyw/feedshare-shrink_800/feedshare-shrink_800/0/1731498636045?e=1788393600&v=beta&t=mk1NhP_LzchG6nCFdaxbrWduM7HdHtq_raHWESYMyTU
"You uploaded a feed photo on November 13, 2024 at 11:50 AM (GMT)", -,https://media.licdn.com/dms/image/v2/D5622AQGgeo-l3fElow/feedshare-shrink_800/feedshare-shrink_800/0/1731498636154?e=1788393600&v=beta&t=3nySGVldmAjjWY2vBtIj4CXzUg75WD_dETqEGQhwH0g
"You uploaded a feed photo on November 13, 2024 at 11:50 AM (GMT)", -,https://media.licdn.com/dms/image/v2/D5622AQHnJZFZCA6nCA/feedshare-shrink_800/feedshare-shrink_800/0/1731498634718?e=1788393600&v=beta&t=Uar15-sg2CjE99ahkYKLCsGjXRRdB9W3RXn4qCD0ers
"You uploaded a feed photo on November 13, 2024 at 11:50 AM (GMT)", -,https://media.licdn.com/dms/image/v2/D5622AQEWSLup9WMeSg/feedshare-shrink_800/feedshare-shrink_800/0/1731498634662?e=1788393600&v=beta&t=MJXGO3VtIIjSkJ-tV-BRPI0aDGrN12auuv7-mbaC2L4
"You uploaded a feed photo on November 10, 2024 at 1:54 PM (GMT)", -,https://media.licdn.com/dms/image/v2/D5622AQGI5spWP9Sd6Q/feedshare-shrink_800/feedshare-shrink_800/0/1731246876857?e=1788393600&v=beta&t=PC0YmB6z-Gpro6PdY8DqqTQZuEVAUvvIbzk8keD9eVs
"You uploaded a feed photo on November 10, 2024 at 1:54 PM (GMT)", -,https://media.licdn.com/dms/image/v2/D5622AQE8YJWhHWdWow/feedshare-shrink_800/feedshare-shrink_800/0/1731246876874?e=1788393600&v=beta&t=kt4jzPpFtjqZCPmyn0k5PI7Mv3mut8RwGtk9kjLHAgU
"You uploaded a feed photo on November 10, 2024 at 1:54 PM (GMT)", -,https://media.licdn.com/dms/image/v2/D5622AQHNS8FqxTE7fw/feedshare-shrink_800/feedshare-shrink_800/0/1731246876826?e=1788393600&v=beta&t=a8wS6wzl1bc0bg8U49BMDboLodVlp4HShuBWutKevic
"You uploaded a feed photo on November 10, 2024 at 1:54 PM (GMT)", -,https://media.licdn.com/dms/image/v2/D5622AQEapPWS4t0Vqw/feedshare-shrink_800/feedshare-shrink_800/0/1731246876837?e=1788393600&v=beta&t=iKsAP-BUyiPexdcBq9Co9KiQHz8DLGA2GmvnTz_VlzE
"You uploaded a feed photo on November 8, 2024 at 1:26 PM (GMT)", -,https://media.licdn.com/dms/image/v2/D5622AQGadaVLtKYk8Q/feedshare-shrink_800/feedshare-shrink_800/0/1731072393648?e=1788393600&v=beta&t=nsn2cXhakXI9XamMD-lyqCuS0SYbuX9ZvOpLxI0MI9U
"You uploaded a feed photo on November 8, 2024 at 1:26 PM (GMT)", -,https://media.licdn.com/dms/image/v2/D5622AQH-yrwc-Xl6ZQ/feedshare-shrink_800/feedshare-shrink_800/0/1731072390956?e=1788393600&v=beta&t=kNTXkfDNQphpcpPBxtObnC5ieHg_SJOYZkC_zlFfDGQ
"You uploaded a feed photo on November 8, 2024 at 1:26 PM (GMT)", -,https://media.licdn.com/dms/image/v2/D5622AQHuatAS-O6J8A/feedshare-shrink_800/feedshare-shrink_800/0/1731072392483?e=1788393600&v=beta&t=g9SW-ObyMnQvNWTs7b7eHVyLd1_wQxdYmtPW-dLCfKA
"You uploaded a feed photo on November 8, 2024 at 1:26 PM (GMT)", -,https://media.licdn.com/dms/image/v2/D5622AQEC8OfImwoSGA/feedshare-shrink_800/feedshare-shrink_800/0/1731072384867?e=1788393600&v=beta&t=MMJbp3H55ORRY4TqTeiKMDb2fCIKkFk6qAsyKwkbjzk
"You uploaded a feed photo on November 8, 2024 at 1:26 PM (GMT)", -,https://media.licdn.com/dms/image/v2/D5622AQG0jTbwsDFCsQ/feedshare-shrink_800/feedshare-shrink_800/0/1731072393029?e=1788393600&v=beta&t=d7wIS7Hb-iDb1LvDJxib5I3gLJ5C2OMkrTts7DqOTkQ
"You uploaded a feed photo on November 8, 2024 at 1:26 PM (GMT)", -,https://media.licdn.com/dms/image/v2/D5622AQGxfoKfStKEsg/feedshare-shrink_800/feedshare-shrink_800/0/1731072390467?e=1788393600&v=beta&t=cPgm_tAT3fJinGBCJ8LM_LGPXicSqmFx9huCqNGzRm8
"You uploaded a feed photo on November 8, 2024 at 1:26 PM (GMT)", -,https://media.licdn.com/dms/image/v2/D5622AQEbGC_KeYf5XQ/feedshare-shrink_800/feedshare-shrink_800/0/1731072386713?e=1788393600&v=beta&t=fX_XmfA_rsfe4CwTv64WrBx5Ck55I5GBjEAPlBt6o5Q
"You uploaded a feed photo on November 8, 2024 at 1:26 PM (GMT)", -,https://media.licdn.com/dms/image/v2/D5622AQFRZy-4ae7TDA/feedshare-shrink_800/feedshare-shrink_800/0/1731072384956?e=1788393600&v=beta&t=SZODVaY6Z-DHu-VZR9Zgl6VXQx0qqidoI5tWnsXdVKI
"You uploaded a feed photo on November 8, 2024 at 1:26 PM (GMT)", -,https://media.licdn.com/dms/image/v2/D5622AQEJOtGc4YcIlw/feedshare-shrink_800/feedshare-shrink_800/0/1731072391988?e=1788393600&v=beta&t=-j9NuRSYpLpcKx7TeV6_FEG8zjITUrAmfnif2fS0G-s
"You uploaded a feed photo on November 8, 2024 at 1:26 PM (GMT)", -,https://media.licdn.com/dms/image/v2/D5622AQEVT3GFbdDR5A/feedshare-shrink_800/feedshare-shrink_800/0/1731072391243?e=1788393600&v=beta&t=WOntr0ryyam3_YVWvC4Qnb3HAruQyycbFT2jKQ52kEo
"You uploaded a feed photo on November 8, 2024 at 1:26 PM (GMT)", -,https://media.licdn.com/dms/image/v2/D5622AQHQ9YUQVh5O6w/feedshare-shrink_800/feedshare-shrink_800/0/1731072387250?e=1788393600&v=beta&t=jjxSW9-0s_K3btE7W1i1T2IRR7jC5xyrnu41uRMlzlI
"You uploaded a feed photo on November 8, 2024 at 1:26 PM (GMT)", -,https://media.licdn.com/dms/image/v2/D5622AQFVnHXOud8nhQ/feedshare-shrink_800/feedshare-shrink_800/0/1731072384166?e=1788393600&v=beta&t=P0j5W6tc8WorA3ItGLqOjw-vi_3cNr3cncnM59aOdhE
"You uploaded a feed photo on November 8, 2024 at 1:26 PM (GMT)", -,https://media.licdn.com/dms/image/v2/D5622AQH9SP3syD_ptA/feedshare-shrink_800/feedshare-shrink_800/0/1731072387582?e=1788393600&v=beta&t=v-SWUpHH9a1bwTB0XlGSgU9lAQ2t_aU-uPzdEi0LqTU
"You uploaded a feed photo on November 8, 2024 at 1:26 PM (GMT)", -,https://media.licdn.com/dms/image/v2/D5622AQHWEqQbAt9Xxg/feedshare-shrink_800/feedshare-shrink_800/0/1731072388313?e=1788393600&v=beta&t=_68TO62NRD2_k2iScnGEcDlb_C_FwnayZMk7fPB3lGc
"You uploaded a feed photo on November 8, 2024 at 1:26 PM (GMT)", -,https://media.licdn.com/dms/image/v2/D5622AQHzKNVJS-3eOw/feedshare-shrink_800/feedshare-shrink_800/0/1731072386702?e=1788393600&v=beta&t=T6WjKi4WMc4fRnlRX9OJkMqwhazr8WFjL9Bav95gL4U
"You uploaded a feed photo on November 8, 2024 at 1:26 PM (GMT)", -,https://media.licdn.com/dms/image/v2/D5622AQHAZut1B7uo_A/feedshare-shrink_800/feedshare-shrink_800/0/1731072394146?e=1788393600&v=beta&t=gKVBYk2Ds0tOiAluOiXchOhh-C0n-Hy8nIqvFxWhgeg
"You uploaded a profile background photo on November 5, 2024 at 1:09 PM (GMT)", -,https://media.licdn.com/dms/image/v2/D5616AQHx0vsPeyt1sA/profile-displaybackgroundimage-shrink_200_800/profile-displaybackgroundimage-shrink_200_800/0/1730812178615?e=1788393600&v=beta&t=RzmHNbtsD0EAaicBYfbvoleXgFFO0CtlmDiZuAz4DpE
"You uploaded a profile background photo on November 5, 2024 at 1:09 PM (GMT)", -,https://media.licdn.com/dms/image/v2/D5604AQGHjRY6rlXCYw/profile-originalbackgroundimage-shrink_396_1584/profile-originalbackgroundimage-shrink_396_1584/0/1730812178057?e=1788393600&v=beta&t=Xa9pv3SN6oL2a4e2pF8kZBe2PpVoD4Hwt-AvJI1LYUY
"You uploaded a feed photo on November 5, 2024 at 12:19 PM (GMT)", -,https://media.licdn.com/dms/image/v2/D5622AQEbD5SL2-vGvw/feedshare-shrink_800/feedshare-shrink_800/0/1730809147123?e=1788393600&v=beta&t=xf-PJGDs4aT2-7W4FnuOc0yZcRUACuzxY7TIHLrmTtg
"You uploaded a feed photo on November 5, 2024 at 12:19 PM (GMT)", -,https://media.licdn.com/dms/image/v2/D5622AQHpUJiaW2UMmA/feedshare-shrink_800/feedshare-shrink_800/0/1730809147151?e=1788393600&v=beta&t=ECiWxCqQaX8-xMXOhwJZMC79KLvZS-LzSz1NDq5oIpE
"You uploaded a feed photo on November 5, 2024 at 12:19 PM (GMT)", -,https://media.licdn.com/dms/image/v2/D5622AQFpxPf1OdFjNw/feedshare-shrink_800/feedshare-shrink_800/0/1730809147137?e=1788393600&v=beta&t=eACFMci1EK3k1l2mNgwEeQ6dITbbSoqjc-hLcsUwt6Y
"You uploaded a feed photo on November 5, 2024 at 12:19 PM (GMT)", -,https://media.licdn.com/dms/image/v2/D5622AQGK1rVfgr-i_g/feedshare-shrink_800/feedshare-shrink_800/0/1730809147112?e=1788393600&v=beta&t=gZAPr8hZJfYZ6_9fzOmouV-1yhDQd27rLy8_aJVmdpc
"You uploaded a feed photo on November 4, 2024 at 11:04 AM (GMT)", -,https://media.licdn.com/dms/image/v2/D5622AQGbrTWstvxOBg/feedshare-shrink_800/feedshare-shrink_800/0/1730718291738?e=1788393600&v=beta&t=MqdI4YL-oZrccuvrbQ1B2kz1pftgKUBsu6700nHfie0
"You uploaded a feed photo on November 4, 2024 at 11:04 AM (GMT)", -,https://media.licdn.com/dms/image/v2/D5622AQGCPB70cgPhRA/feedshare-shrink_800/feedshare-shrink_800/0/1730718291334?e=1788393600&v=beta&t=2_QlIOePclKpKfcuBglGK9SwKdtpQdByNdRzgx7gzQQ
"You uploaded a feed document on October 27, 2024 at 2:54 AM (GMT)","? Thrilled to have attended #DevFest_2.0 with GDG Prayagraj [official] today! ?  

An incredible day packed with deep dives into AI, #cybersecurity, and Google?s latest tech insights! ??

? Ankit Kumar Verma from Google shared future-facing insights on #Responsible_AI ? and #Cybersecurity frameworks, including the #Secured_AI_Conceptual_Framework (SAIF) and #SLSA & #GenKit (idx.google.dev)?redefining safety for #developers and users alike. ?

? Nishant Welpulwar (McKinsey) explored #Retrieval_Augmented_Generation (RAG)? and the journey from #POC to Production ?, offering research perspectives that are shaping tomorrow's #technology.

? Vivek kumar from Google walked us through How Search Works on Google & YouTube?a fascinating look behind the #algorithms that power our daily experiences! ?

? Anubhav Singh inspired with insights on #Serverless_AI? and the innovative use of #GPU_Poor 3?highlighting scalable, efficient AI possibilities.

? Lastly, Praveen Das from Wikimedia Foundation emphasized the impact of tech-driven content accessibility ?, championing open information for all
Feeling inspired by this vibrant community of learners and innovators! ????

Special thanks to Shruti Sharma & Dr. Divya Bartaria to collaborating with GDG on Campus- United Institute of Technology

Praveen Singh
Rohit Pal
Ayush kumar singh

? About GDG Prayagraj [official] ?
Google Developers Group #Prayagraj is a community for developers interested in Google's developer #technology?from Android and App Engine to product #APIs like #Maps, YouTube, and #Calendar ?.

We organize #CodeLabs, tech talks, #hackathons, #devFests, and #study_jams! ? The group is free to attend and open to all eager to learn more about Google?s tools or the #open_source_community.  

#DevFest #GDGPrayagraj #AIInnovation #Cybersecurity #Google #McKinsey #Wikimedia #TechForGood #CommunityDriven #LearningJourney ?",https://media.licdn.com/dms/document/media/v2/D561FAQFLhPOoEhpR2Q/feedshare-document-url-metadata-scrapper-pdf/feedshare-document-url-metadata-scrapper-pdf/0/1729997656462?e=1787191200&v=beta&t=0f4FdBybHesXAyf6F9Poo0q_il2SNMb5PDhRmmd096k
"You uploaded a feed photo on October 27, 2024 at 1:57 AM (GMT)", -,https://media.licdn.com/dms/image/v2/D5622AQE1u0tIJtzZ8A/feedshare-shrink_800/feedshare-shrink_800/0/1729994297889?e=1788393600&v=beta&t=7OMbB5Fr32vqlD8a2lJbwytlJxfgfEtl3baOm3odA44
"You uploaded a feed photo on October 27, 2024 at 1:57 AM (GMT)", -,https://media.licdn.com/dms/image/v2/D5622AQFYY11t_Gpf4g/feedshare-shrink_800/feedshare-shrink_800/0/1729994334257?e=1788393600&v=beta&t=jGS06QdTYgrHziXZznTEBCcApId8lDGWJxCSYb4ef18
"You uploaded a feed photo on October 27, 2024 at 1:57 AM (GMT)", -,https://media.licdn.com/dms/image/v2/D5622AQHzIEH3mfp6KQ/feedshare-shrink_800/feedshare-shrink_800/0/1729994299107?e=1788393600&v=beta&t=nemBZ4SUWYBrODQlzSBd-Qvis2C1ckM-s0wu_ezPbc0
"You uploaded a feed photo on October 27, 2024 at 1:57 AM (GMT)", -,https://media.licdn.com/dms/image/v2/D5622AQEz0ljLkSWgsw/feedshare-shrink_800/feedshare-shrink_800/0/1729994282505?e=1788393600&v=beta&t=0ypbwuExEewvSSJDFt_6ZwrWBdl81EpGjhZfUf8GMQM
"You uploaded a feed photo on October 27, 2024 at 1:57 AM (GMT)", -,https://media.licdn.com/dms/image/v2/D5622AQFmikmF6HDiIQ/feedshare-shrink_800/feedshare-shrink_800/0/1729994298547?e=1788393600&v=beta&t=CQTwcTXAwetsTQQWdXOEvtkD4wVEUAqFLgXAcdCeTvc
"You uploaded a feed photo on October 27, 2024 at 1:57 AM (GMT)", -,https://media.licdn.com/dms/image/v2/D5622AQGdzaG39zKmnA/feedshare-shrink_800/feedshare-shrink_800/0/1729994289861?e=1788393600&v=beta&t=pHBGBOjJ2COM12jN0cnPmqyKUu5DAlajeSzieql7IZo
"You uploaded a feed photo on October 27, 2024 at 1:57 AM (GMT)", -,https://media.licdn.com/dms/image/v2/D5622AQGjqtViQTMYXw/feedshare-shrink_800/feedshare-shrink_800/0/1729994343878?e=1788393600&v=beta&t=5l0z_PLxyMfppIEzzzkzD6XczoOF75SGmKINu1NtEQ8
"You uploaded a feed photo on October 27, 2024 at 1:57 AM (GMT)", -,https://media.licdn.com/dms/image/v2/D5622AQGTLSeWmVrerg/feedshare-shrink_800/feedshare-shrink_800/0/1729994284751?e=1788393600&v=beta&t=pw56oWQxi1avcowlcfOKPJUSGXiDu79AWKOoYmZ3myE
"You uploaded a feed photo on October 27, 2024 at 1:57 AM (GMT)", -,https://media.licdn.com/dms/image/v2/D5622AQEGl1JORFwS2A/feedshare-shrink_800/feedshare-shrink_800/0/1729994279469?e=1788393600&v=beta&t=JuzaIkXuxu5rIrL3RPCho_FEMov_NXotSRywZvA3K_g
"You uploaded a feed photo on October 27, 2024 at 1:57 AM (GMT)", -,https://media.licdn.com/dms/image/v2/D5622AQFxiSyExuA-XQ/feedshare-shrink_800/feedshare-shrink_800/0/1729994288421?e=1788393600&v=beta&t=yg2Sc11285ITSm9N33m-iaS0rTQoy-k8b4HzecTcURg
"You uploaded a feed photo on October 27, 2024 at 1:57 AM (GMT)", -,https://media.licdn.com/dms/image/v2/D5622AQFiSzQMASoFCw/feedshare-shrink_800/feedshare-shrink_800/0/1729994289003?e=1788393600&v=beta&t=zjnhOUgdJSrkIyG9tD7PJRclNDLyoU6g7mXl172JiF0
"You uploaded a feed photo on October 27, 2024 at 1:57 AM (GMT)", -,https://media.licdn.com/dms/image/v2/D5622AQGMLC1N8S_meA/feedshare-shrink_800/feedshare-shrink_800/0/1729994290147?e=1788393600&v=beta&t=XObCv68mDfbiNwjeoeB8uDVSeuwraxwbq214O_8cUVU
"You uploaded a feed photo on October 27, 2024 at 1:57 AM (GMT)", -,https://media.licdn.com/dms/image/v2/D5622AQH0YwWEWpsgPg/feedshare-shrink_800/feedshare-shrink_800/0/1729994302292?e=1788393600&v=beta&t=q2l5MVnJAruho0BkcODnK9GAjQr4u7JihTkLUMYQtF0
"You uploaded a feed photo on October 27, 2024 at 1:57 AM (GMT)", -,https://media.licdn.com/dms/image/v2/D5622AQHcjE4PeA41YA/feedshare-shrink_800/feedshare-shrink_800/0/1729994284939?e=1788393600&v=beta&t=1vwljkMje-EOqCFXyyYX0u-nKkv2PfBSGr1_A-rSpGE
"You uploaded a feed document on October 22, 2024 at 4:44 AM (GMT)","? Exciting Announcement?

I?m thrilled to share that I?ve been #selected as a MyGov India #Campus_Ambassador! ? This prestigious role allows me to actively contribute to #nation_building and engage with #impactful_youth_led initiatives that are shaping the future of our country. ??

As a  #Campus_Ambassador, I will:

? Promote key government initiatives across my college(UNITED INSTITUTE OF TECHNOLOGY, ALLAHABAD), encouraging awareness and student participation.  
? Organize and manage events to spotlight important #national_programs and create meaningful engagement opportunities.  
? Serve as a liaison  between MyGov India and my institution(UNITED INSTITUTE OF TECHNOLOGY, ALLAHABAD), ensuring smooth collaboration and communication.  
? Coordinate micro-events and activities that foster civic responsibility and involvement in nation-building efforts.  
? Encourage student registrations for MyGov India #Saathis, inspiring others to contribute to India's future.  
? Set up MyGov India booths during college fests, representing the platform and driving participation.

This role offers incredible opportunities:

? #Certificate_of_Excellence and a #Letter_of_Recommendation from the CEO of MyGov India-Akash Tripathi, IAS 
? Gain hands-on experience in event management and leadership development
?? Opportunities to win #cash_prizes and earn #passes to prestigious national events like #Independence_Day and #Republic_Day ?  

I?m truly honored to take on this responsibility and excited to make a significant contribution to #New_India**. ?

Thank you, MyGov India, for this fantastic opportunity. Looking forward to a rewarding journey ahead! ?

#MyGov #CampusAmbassador #YouthLeadership #NationBuilding #ProfessionalGrowth #EventManagement #Grateful",https://media.licdn.com/dms/document/media/v2/D561FAQGVMxTs_n9sAA/feedshare-document-url-metadata-scrapper-pdf/feedshare-document-url-metadata-scrapper-pdf/0/1729572278788?e=1787191200&v=beta&t=Lxm1_zCtcYh6iQXCb8Y9BZdf3EHQifSDZLcjhZFOlX0
"You uploaded a feed photo on October 22, 2024 at 4:22 AM (GMT)", -,https://media.licdn.com/dms/image/v2/D5622AQHki9KX1V7Bdw/feedshare-shrink_800/feedshare-shrink_800/0/1729570953573?e=1788393600&v=beta&t=pK48Nqz7kX65I-_ysHjGPsib2L7joICYUx3MzPLCUBo
"You uploaded a feed photo on October 21, 2024 at 1:17 PM (GMT)", -,https://media.licdn.com/dms/image/v2/D5622AQGyDMkqlbvR4A/feedshare-shrink_800/feedshare-shrink_800/0/1729516633232?e=1788393600&v=beta&t=oxn0G5XY_hKC26G3grGyxcTuHVgGwhTB4_NIcqiRkxI
"You uploaded a feed photo on October 21, 2024 at 1:17 PM (GMT)", -,https://media.licdn.com/dms/image/v2/D5622AQEjznkaZDqNHA/feedshare-shrink_800/feedshare-shrink_800/0/1729516633181?e=1788393600&v=beta&t=t0RN_IkMjWqqfLEKRm0r1CPycPWqcNkNQoJXI5dtqv4
"You uploaded a feed photo on October 21, 2024 at 1:08 PM (GMT)", -,https://media.licdn.com/dms/image/v2/D5622AQEcG7CAT8cYqA/feedshare-shrink_800/feedshare-shrink_800/0/1729516083137?e=1788393600&v=beta&t=RuEpSwyTAdANq8szA-o52IPSKgeFmQSfsMlS5pXi7AQ
"You uploaded a feed photo on October 21, 2024 at 1:08 PM (GMT)", -,https://media.licdn.com/dms/image/v2/D5622AQHTinNXlMi-9g/feedshare-shrink_800/feedshare-shrink_800/0/1729516083187?e=1788393600&v=beta&t=7gXmWEoWhzQBdS3VYEoCc4DQrA_6R996RISLEERehUE
"You uploaded a feed photo on October 20, 2024 at 11:06 AM (GMT)", -,https://media.licdn.com/dms/image/v2/D5622AQFwWKgCyhM6lg/feedshare-shrink_800/feedshare-shrink_800/0/1729422393009?e=1788393600&v=beta&t=1ADV-X_BWt965fA_X-nKK5lj_g6QJnXuVr6Q1Fb-kvU
"You uploaded a feed photo on October 20, 2024 at 11:06 AM (GMT)", -,https://media.licdn.com/dms/image/v2/D5622AQGHDhe-_4yixg/feedshare-shrink_800/feedshare-shrink_800/0/1729422393346?e=1788393600&v=beta&t=NQVuDHxyHeM1_hosjkzVeMCSFm6wQFZl0UG7Z1o7OF8
"You uploaded a feed photo on October 20, 2024 at 11:06 AM (GMT)", -,https://media.licdn.com/dms/image/v2/D5622AQGv_QEKjTpXhw/feedshare-shrink_800/feedshare-shrink_800/0/1729422392800?e=1788393600&v=beta&t=eTK_YXGNEhGhT2mEbtDE0MB9qkSrsqAvPTuVNwRV7ws
"You uploaded a feed photo on October 20, 2024 at 11:06 AM (GMT)", -,https://media.licdn.com/dms/image/v2/D5622AQF_19W79IfgUg/feedshare-shrink_800/feedshare-shrink_800/0/1729422398162?e=1788393600&v=beta&t=GKqeMQ4TSnB7mq3OyCxHyZW4txuutlucxcHqLi9qmr4
"You uploaded a feed photo on October 20, 2024 at 11:06 AM (GMT)", -,https://media.licdn.com/dms/image/v2/D5622AQEKx-axt_qMAA/feedshare-shrink_800/feedshare-shrink_800/0/1729422393782?e=1788393600&v=beta&t=ocQuWI4wKYVEQIjyH6sQdKUuNyQ0js1eMHsuiS2h2v4
"You uploaded a feed photo on October 20, 2024 at 4:21 AM (GMT)", -,https://media.licdn.com/dms/image/v2/D5622AQEotqHhALBSrg/feedshare-shrink_800/feedshare-shrink_800/0/1729398074917?e=1788393600&v=beta&t=LjdAh6k1ItGj0VW9ucxAifAzqAfxnQM1beMC9UnE8ZQ
"You uploaded a feed photo on October 20, 2024 at 4:11 AM (GMT)", -,https://media.licdn.com/dms/image/v2/D5622AQEHpx-pTnfXkw/feedshare-shrink_800/feedshare-shrink_800/0/1729397514582?e=1788393600&v=beta&t=FsFu_5xpo_YMhMTAGGbJK47eMg90-ZSlUfPwl78-EyQ
"You uploaded a feed photo on October 20, 2024 at 3:59 AM (GMT)", -,https://media.licdn.com/dms/image/v2/D5622AQEx1McRBM66ug/feedshare-shrink_800/feedshare-shrink_800/0/1729396798628?e=1788393600&v=beta&t=1U3ZF0de7OddHk-3wqUy95VNSPYtCQycS2UkuZhyOrU
"You uploaded a feed photo on October 19, 2024 at 7:44 AM (GMT)", -,https://media.licdn.com/dms/image/v2/D5622AQF_NlSk5etZxg/feedshare-shrink_800/feedshare-shrink_800/0/1729323871578?e=1788393600&v=beta&t=cBAYHSWUnE1kIiDqrYODUpMe9DN-hlhKyjn-yzl4EdY
"You uploaded a feed photo on October 19, 2024 at 7:44 AM (GMT)", -,https://media.licdn.com/dms/image/v2/D5622AQFG_ZCKhio59A/feedshare-shrink_800/feedshare-shrink_800/0/1729323871593?e=1788393600&v=beta&t=4rgo6N4o_wHC8jQFbRX2rv8UWobVNMUI657yUy-01iQ
"You uploaded a feed photo on October 19, 2024 at 7:44 AM (GMT)", -,https://media.licdn.com/dms/image/v2/D5622AQE_zW8dfcMTsg/feedshare-shrink_800/feedshare-shrink_800/0/1729323871484?e=1788393600&v=beta&t=nSnrZfBKjmAPjx5Y7DcvdaWuSy3icXUR9KV6agdu0ek
"You uploaded a feed photo on October 19, 2024 at 7:44 AM (GMT)", -,https://media.licdn.com/dms/image/v2/D5622AQEorP9g7O4veQ/feedshare-shrink_800/feedshare-shrink_800/0/1729323871621?e=1788393600&v=beta&t=DEKaSeDsTdL792HUkISo9CSyf1C960b2Cp6EJr26oPc
"You uploaded a feed photo on October 19, 2024 at 7:44 AM (GMT)", -,https://media.licdn.com/dms/image/v2/D5622AQHCJg_SSUJLVA/feedshare-shrink_800/feedshare-shrink_800/0/1729323871238?e=1788393600&v=beta&t=87JsBZgrG-bj8aDAfwdXzRHb5jcEfQbtBQglL60FapY
"You uploaded a feed photo on October 16, 2024 at 1:55 PM (GMT)", -,https://media.licdn.com/dms/image/v2/D5622AQEp-T9KXR2q0g/feedshare-shrink_800/feedshare-shrink_800/0/1729086947887?e=1788393600&v=beta&t=yj2KIs1l6N2MAoxw39cdcePzksKJFCTHi9LI1ivJdVw
"You uploaded a feed photo on October 16, 2024 at 1:55 PM (GMT)", -,https://media.licdn.com/dms/image/v2/D5622AQHVXMSeE9FS8A/feedshare-shrink_800/feedshare-shrink_800/0/1729086947689?e=1788393600&v=beta&t=-fw9_DMLbFmHFKslXkQTWIbyIC6wRrO1_MsAEY_rFPs
"You uploaded a feed photo on October 16, 2024 at 1:55 PM (GMT)", -,https://media.licdn.com/dms/image/v2/D5622AQFHY-C0-JUUMA/feedshare-shrink_800/feedshare-shrink_800/0/1729086943272?e=1788393600&v=beta&t=EqqRjHng-S_YGsv-sZTwSiflFbC7I4I6_MJdJUD0iRY
"You uploaded a feed photo on October 16, 2024 at 1:55 PM (GMT)", -,https://media.licdn.com/dms/image/v2/D5622AQHbUVTMjTR7MA/feedshare-shrink_800/feedshare-shrink_800/0/1729086944392?e=1788393600&v=beta&t=-U_FjQJarpz-WvBgfXDeXnohJf8ivvVMHjRXHx7ad_M
"You uploaded a feed photo on October 16, 2024 at 1:55 PM (GMT)", -,https://media.licdn.com/dms/image/v2/D5622AQEyFwqI6TkSKw/feedshare-shrink_800/feedshare-shrink_800/0/1729086944026?e=1788393600&v=beta&t=-dni3RWd-_wxZ6pTphldNMgW4wYDTUXz3_cRwS4ewY0
"You uploaded a feed photo on October 16, 2024 at 12:02 PM (GMT)", -,https://media.licdn.com/dms/image/v2/D5622AQEyjxbcgcob6A/feedshare-shrink_800/feedshare-shrink_800/0/1729080145497?e=1788393600&v=beta&t=vGNp2wyUEw8L7yojcDyH-tXIZF8SXXkWpwqL5ltmPUM
"You uploaded a feed photo on October 16, 2024 at 12:02 PM (GMT)", -,https://media.licdn.com/dms/image/v2/D5622AQF82dwNP6iJHA/feedshare-shrink_800/feedshare-shrink_800/0/1729080145474?e=1788393600&v=beta&t=ZWxNlIEtLWuz4fUw9ce1zMyO4-XxQ8y69mFVmgZytCo
"You uploaded a feed photo on October 16, 2024 at 12:02 PM (GMT)", -,https://media.licdn.com/dms/image/v2/D5622AQH5xzP2X56bmA/feedshare-shrink_800/feedshare-shrink_800/0/1729080145091?e=1788393600&v=beta&t=TuVr7mYxyb58rCHYAnIXA00mm31Wmh_-a-rU72YITWs
"You uploaded a feed photo on October 16, 2024 at 12:02 PM (GMT)", -,https://media.licdn.com/dms/image/v2/D5622AQE9wNToEFqFdQ/feedshare-shrink_800/feedshare-shrink_800/0/1729080145134?e=1788393600&v=beta&t=ooRrheL7SgVXLbdjP7Bb5ll5PckXlO4t_SbRJFz2GZo
"You uploaded a feed photo on October 15, 2024 at 1:55 PM (GMT)", -,https://media.licdn.com/dms/image/v2/D5622AQHSP4g8CYYFeg/feedshare-shrink_800/feedshare-shrink_800/0/1729000515274?e=1788393600&v=beta&t=RoUlSpUxRE6ViDfmNrxmag2lWpkYKlCIAecJjx8IoW8
"You uploaded a feed photo on October 15, 2024 at 1:55 PM (GMT)", -,https://media.licdn.com/dms/image/v2/D5622AQHDd7dC2bQ_OQ/feedshare-shrink_800/feedshare-shrink_800/0/1729000514005?e=1788393600&v=beta&t=WV-8MSkNlRrnQk-Z9ixRpanmoMf4-Ls9RCJGT5BNxZ0
"You uploaded a feed photo on October 15, 2024 at 1:55 PM (GMT)", -,https://media.licdn.com/dms/image/v2/D5622AQEP3nUOiWz7_w/feedshare-shrink_800/feedshare-shrink_800/0/1729000511729?e=1788393600&v=beta&t=P0cb0JZBdSnzlyqF_pbJgm_ZRCAU5oN8f7zlBdeYBa8
"You uploaded a feed photo on October 15, 2024 at 1:55 PM (GMT)", -,https://media.licdn.com/dms/image/v2/D5622AQH-iLCanAIodA/feedshare-shrink_800/feedshare-shrink_800/0/1729000515070?e=1788393600&v=beta&t=0G5Atstigdo4IN47Fb-rgQM_-4cWytEBDJllt_zsIBs
"You uploaded a photo on October 14, 2024 at 4:06 PM (GMT)", -,https://media.licdn.com/dms/image/v2/D562DAQF-08Sg0y7Eww/profile-treasury-image-shrink_8192_8192/profile-treasury-image-shrink_8192_8192/0/1728922007629?e=1787191200&v=beta&t=MJ4X8yrScrsMRW95Psh2iLaKIlS4n8Re-7nJiXABTE8
"You uploaded a feed photo on October 14, 2024 at 4:04 PM (GMT)", -,https://media.licdn.com/dms/image/v2/D5622AQHLnxFYKkV_AQ/feedshare-shrink_800/feedshare-shrink_800/0/1728921900434?e=1788393600&v=beta&t=IQMQcErkckNwwI8QdstCv3suXsoznUsmhNGqTEPPzMw
"You uploaded a feed photo on October 14, 2024 at 1:57 PM (GMT)", -,https://media.licdn.com/dms/image/v2/D5622AQFJKXZpu3zFJA/feedshare-shrink_800/feedshare-shrink_800/0/1728914269278?e=1788393600&v=beta&t=rSU-nsJlGtG8pngU67ypraKmYFkWaWAcmlYtsb5J4vE
"You uploaded a feed photo on October 14, 2024 at 1:57 PM (GMT)", -,https://media.licdn.com/dms/image/v2/D5622AQFwDH8JTa113A/feedshare-shrink_800/feedshare-shrink_800/0/1728914269154?e=1788393600&v=beta&t=pbzNa6r9GbT9VEIj-vLGoM-D--BPE06Uioc-80inedQ
"You uploaded a feed photo on October 14, 2024 at 1:57 PM (GMT)", -,https://media.licdn.com/dms/image/v2/D5622AQEc7JLumn4-4w/feedshare-shrink_800/feedshare-shrink_800/0/1728914264148?e=1788393600&v=beta&t=RWEgB34ll2aoTTuGltlDLIUHylB9te42c4zpJpzjSgI
"You uploaded a feed photo on October 14, 2024 at 1:57 PM (GMT)", -,https://media.licdn.com/dms/image/v2/D5622AQEg4ISxGg-Fag/feedshare-shrink_800/feedshare-shrink_800/0/1728914264892?e=1788393600&v=beta&t=ZK-kMFbfyKFCvB3sRg5WqdevqJzIJKNyr4geq52DQlI
"You uploaded a feed photo on October 14, 2024 at 1:57 PM (GMT)", -,https://media.licdn.com/dms/image/v2/D5622AQGBDNfBKkd2lQ/feedshare-shrink_800/feedshare-shrink_800/0/1728914267865?e=1788393600&v=beta&t=yM-XpK80ab7SjFC4XwYTVCbFP3rpS61-iECTHWm5n4g
"You uploaded a feed photo on October 13, 2024 at 1:23 PM (GMT)", -,https://media.licdn.com/dms/image/v2/D5622AQECG4U7rj4pqg/feedshare-shrink_800/feedshare-shrink_800/0/1728825834764?e=1788393600&v=beta&t=NK4tsLRAdeHo4uxUGal1WO0Mie7evKLE-WxGwFM537I
"You uploaded a feed photo on October 13, 2024 at 1:23 PM (GMT)", -,https://media.licdn.com/dms/image/v2/D5622AQFTDlMOGarfNg/feedshare-shrink_800/feedshare-shrink_800/0/1728825835143?e=1788393600&v=beta&t=ozow36ZSUZwDa5a-6jXN1esUHCJmiKdd0b7IOqmvwAo
"You uploaded a feed photo on October 13, 2024 at 1:23 PM (GMT)", -,https://media.licdn.com/dms/image/v2/D5622AQFQjEELCmvosQ/feedshare-shrink_800/feedshare-shrink_800/0/1728825835198?e=1788393600&v=beta&t=5Er0z_N8081olulQBuUg94CIQ7xSUrLwWJH3TiVkHfQ
"You uploaded a feed photo on October 13, 2024 at 1:23 PM (GMT)", -,https://media.licdn.com/dms/image/v2/D5622AQHv9-yz6RvWzQ/feedshare-shrink_800/feedshare-shrink_800/0/1728825834418?e=1788393600&v=beta&t=QGIAOAwdNffdPgZUPBgJZgzHrCnbNImS3WqPCqp6RV8
"You uploaded a photo on October 13, 2024 at 2:49 AM (GMT)", -,https://media.licdn.com/dms/image/v2/D562DAQF4CLSeqt7axw/profile-treasury-image-shrink_8192_8192/profile-treasury-image-shrink_8192_8192/0/1728787759292?e=1787191200&v=beta&t=iMR-KpeFFKT9gSHKslion6nL8ufXqLGZjsAFpX5l-9c
"You uploaded a photo on October 13, 2024 at 2:46 AM (GMT)", -,https://media.licdn.com/dms/image/v2/D562DAQGfiLe5Pg5byA/profile-treasury-image-shrink_8192_8192/profile-treasury-image-shrink_8192_8192/0/1728787615234?e=1787191200&v=beta&t=POdGWlfNvdU_boJ4O0k24fAmcyjGgablIECd-QHi6BE
"You uploaded a feed photo on October 13, 2024 at 2:42 AM (GMT)", -,https://media.licdn.com/dms/image/v2/D5622AQH1ib9qyojuxQ/feedshare-shrink_800/feedshare-shrink_800/0/1728787367675?e=1788393600&v=beta&t=QD_rEBkfBTtsQ1MNu4KaW5_QnUOlYKdyDAxxnrGSrZw
"You uploaded a feed photo on October 13, 2024 at 2:25 AM (GMT)", -,https://media.licdn.com/dms/image/v2/D5622AQHfb8nn83WMXA/feedshare-shrink_800/feedshare-shrink_800/0/1728786325113?e=1788393600&v=beta&t=iSbmt3yltp-nQbWAd_wpjZG4SoxGGadC7aiPzwGHIrM
"You uploaded a feed photo on October 12, 2024 at 4:35 PM (GMT)", -,https://media.licdn.com/dms/image/v2/D5622AQEosY-Pwb9WUA/feedshare-shrink_800/feedshare-shrink_800/0/1728750942526?e=1788393600&v=beta&t=JbjPWL6qNBKplZQ_Dy89-WzJhZsQJUsHboVxyqb7u3M
"You uploaded a feed photo on October 12, 2024 at 4:35 PM (GMT)", -,https://media.licdn.com/dms/image/v2/D5622AQEWfKQZmdatAw/feedshare-shrink_800/feedshare-shrink_800/0/1728750936957?e=1788393600&v=beta&t=J74xwS0HRn6AflZwHAmbiJMcNYM0iQXEGkjDgJUvWuw
"You uploaded a feed photo on October 12, 2024 at 4:35 PM (GMT)", -,https://media.licdn.com/dms/image/v2/D5622AQHZIf4nTmr5hA/feedshare-shrink_800/feedshare-shrink_800/0/1728750937876?e=1788393600&v=beta&t=k4jycV6XS_P18Z_NDeH7j_jX2yV22z_FUdHyDsyF84c
"You uploaded a feed photo on October 12, 2024 at 4:35 PM (GMT)", -,https://media.licdn.com/dms/image/v2/D5622AQH6KrRlGgzTYA/feedshare-shrink_800/feedshare-shrink_800/0/1728750941197?e=1788393600&v=beta&t=_saiDybN_tuH8jm0S2e3YUwWDsf7Ge4Q5xoAzuIF2FQ
"You uploaded a feed photo on October 12, 2024 at 4:35 PM (GMT)", -,https://media.licdn.com/dms/image/v2/D5622AQE-o8Ig92TmWA/feedshare-shrink_800/feedshare-shrink_800/0/1728750935020?e=1788393600&v=beta&t=y5oF_-s1_K-Pf1k1Ni4ZwLojwS1aAttByplaAh-zx2Y
"You uploaded a feed photo on October 12, 2024 at 4:35 PM (GMT)", -,https://media.licdn.com/dms/image/v2/D5622AQENDxBaKXjFig/feedshare-shrink_800/feedshare-shrink_800/0/1728750936098?e=1788393600&v=beta&t=xrz6dTAtERDUmxMb13lQdX9oaijrq5G6dls4Im2JBLU
"You uploaded a feed photo on October 12, 2024 at 12:17 PM (GMT)", -,https://media.licdn.com/dms/image/v2/D5622AQEYXbgId4dWYQ/feedshare-shrink_800/feedshare-shrink_800/0/1728735468169?e=1788393600&v=beta&t=hTjvpETESUM5_rHrPx6H4KnBgAOBT0t3TodN1Oh3eC0
"You uploaded a feed photo on October 12, 2024 at 12:17 PM (GMT)", -,https://media.licdn.com/dms/image/v2/D5622AQG0cU5RcLUFQQ/feedshare-shrink_800/feedshare-shrink_800/0/1728735468170?e=1788393600&v=beta&t=coz_-Be26uKm6MBUraBs4O8yByGKCesZZUyQlm5sy80
"You uploaded a feed photo on October 12, 2024 at 12:17 PM (GMT)", -,https://media.licdn.com/dms/image/v2/D5622AQEekqyabIW8dw/feedshare-shrink_800/feedshare-shrink_800/0/1728735467168?e=1788393600&v=beta&t=fnACBO0qbTEfTwqU-2UEEJT_I7aZ-KMwt-NUIDSO93c
"You uploaded a feed photo on October 12, 2024 at 12:17 PM (GMT)", -,https://media.licdn.com/dms/image/v2/D5622AQHhpz2teNEstw/feedshare-shrink_800/feedshare-shrink_800/0/1728735468174?e=1788393600&v=beta&t=ugakXQo9b5BRSAkZ-kLm5lDq8xJ5rLz8AxL62QUAHHk
"You uploaded a feed photo on October 11, 2024 at 12:20 PM (GMT)", -,https://media.licdn.com/dms/image/v2/D5622AQE-CXcgvL3qjw/feedshare-shrink_800/feedshare-shrink_800/0/1728649214913?e=1788393600&v=beta&t=0-c_QBjPhhI4LYFwBNI2ojjs1PVWRxaopIv5rLM5wDo
"You uploaded a feed photo on October 11, 2024 at 12:20 PM (GMT)", -,https://media.licdn.com/dms/image/v2/D5622AQF_YDBGI0Lcuw/feedshare-shrink_800/feedshare-shrink_800/0/1728649215001?e=1788393600&v=beta&t=AWbCUaqXtrnED_qISvxEUiwXeEtINnhnv1VcR5vK4Ac
"You uploaded a feed photo on October 11, 2024 at 12:20 PM (GMT)", -,https://media.licdn.com/dms/image/v2/D5622AQFGMD3vUGI1zA/feedshare-shrink_800/feedshare-shrink_800/0/1728649215568?e=1788393600&v=beta&t=l94nF_ZzJ6SwcL52T3BHWHVIP267ov9IkKMK-XBHudc
"You uploaded a feed photo on October 11, 2024 at 12:20 PM (GMT)", -,https://media.licdn.com/dms/image/v2/D5622AQGMZK8foEaX7Q/feedshare-shrink_800/feedshare-shrink_800/0/1728649215150?e=1788393600&v=beta&t=br0UKEgVqdTRNJS6IHIbT_R9MRbrKFK6UvPYCMBLp18
"You uploaded a feed photo on October 11, 2024 at 12:20 PM (GMT)", -,https://media.licdn.com/dms/image/v2/D5622AQHK4CN8BhNKsg/feedshare-shrink_800/feedshare-shrink_800/0/1728649215152?e=1788393600&v=beta&t=NEgPH5Xw6uC379rSUgg6fgazzPhjSrO6rGgCRBEAU40
"You uploaded a feed photo on October 11, 2024 at 12:20 PM (GMT)", -,https://media.licdn.com/dms/image/v2/D5622AQFNGW3924PxTg/feedshare-shrink_800/feedshare-shrink_800/0/1728649215762?e=1788393600&v=beta&t=u22qrVQfaNHnMfMjAntFW9C9nLlQijdyGprhjaXaijw
"You uploaded a feed photo on October 11, 2024 at 2:09 AM (GMT)", -,https://media.licdn.com/dms/image/v2/D5622AQFW2Gqy1iSneQ/feedshare-shrink_800/feedshare-shrink_800/0/1728612593763?e=1788393600&v=beta&t=HkKdNUPMWiIBetQfFM5mjyFhAq7ZQERxvvljselpqKY
"You uploaded a feed photo on October 11, 2024 at 2:09 AM (GMT)", -,https://media.licdn.com/dms/image/v2/D5622AQEHZCHCFXYENQ/feedshare-shrink_800/feedshare-shrink_800/0/1728612587594?e=1788393600&v=beta&t=blJ3Pviit5fcwoamvg0kJmgunt4FX5Z8EGMxXtXbaHs
"You uploaded a feed photo on October 11, 2024 at 2:09 AM (GMT)", -,https://media.licdn.com/dms/image/v2/D5622AQGR4pqM33zyyQ/feedshare-shrink_800/feedshare-shrink_800/0/1728612590102?e=1788393600&v=beta&t=ArQaFhEU4ptnVkchs_Y2pQYvb5kd-uHCN7fookZS4WM
"You uploaded a feed photo on October 10, 2024 at 4:06 PM (GMT)", -,https://media.licdn.com/dms/image/v2/D4E22AQHWMzDIr0hwcQ/feedshare-shrink_800/feedshare-shrink_800/0/1728576365359?e=1788393600&v=beta&t=s-yQb1-R-OcadQDOHbRbfzeQaBrvUyF8G7LEKLbT7sA
"You uploaded a feed photo on October 10, 2024 at 4:06 PM (GMT)", -,https://media.licdn.com/dms/image/v2/D4E22AQH5qN0XmnO2eg/feedshare-shrink_800/feedshare-shrink_800/0/1728576366111?e=1788393600&v=beta&t=y5DJGT56AQfdbBvJj3Vw08jgSQqnw2RoHIS132HhYj8
"You uploaded a feed photo on October 10, 2024 at 4:06 PM (GMT)", -,https://media.licdn.com/dms/image/v2/D4E22AQFMkEhASKlk-g/feedshare-shrink_800/feedshare-shrink_800/0/1728576366216?e=1788393600&v=beta&t=ONYHhILb0wsd1MCw7x_yxTMhjACFQYeWrTdXTyeesEo
"You uploaded a feed photo on October 10, 2024 at 4:06 PM (GMT)", -,https://media.licdn.com/dms/image/v2/D4E22AQE7sWjdO3AAnA/feedshare-shrink_800/feedshare-shrink_800/0/1728576364659?e=1788393600&v=beta&t=5Ks_NLHEqaSrP-CD27ZVMalWJKpukogtJfziQR5gdHw
"You uploaded a feed photo on October 10, 2024 at 4:06 PM (GMT)", -,https://media.licdn.com/dms/image/v2/D4E22AQHvlz9_ws-cvg/feedshare-shrink_800/feedshare-shrink_800/0/1728576365129?e=1788393600&v=beta&t=b8pnnmGYQ59beMCvjM2QCihQAtbu9wyrSMD4zHxxJVI
"You uploaded a feed photo on October 10, 2024 at 4:06 PM (GMT)", -,https://media.licdn.com/dms/image/v2/D4E22AQHEJBnf5B49CA/feedshare-shrink_800/feedshare-shrink_800/0/1728576364549?e=1788393600&v=beta&t=19PIyWCOKry8q7dMSF2G8YOgPkeS8It2WH2OuBz8CPs
"You uploaded a feed photo on October 10, 2024 at 4:06 PM (GMT)", -,https://media.licdn.com/dms/image/v2/D4E22AQHMgrKPbK-vJw/feedshare-shrink_800/feedshare-shrink_800/0/1728576366801?e=1788393600&v=beta&t=xK5NKNbMs0CAkhbqhDm9Z906Ak75iG_xO9WCIBeaeSA
"You uploaded a feed photo on October 10, 2024 at 4:06 PM (GMT)", -,https://media.licdn.com/dms/image/v2/D4E22AQEsvgeW7riufg/feedshare-shrink_800/feedshare-shrink_800/0/1728576364284?e=1788393600&v=beta&t=qT6vJzOwoEjFGVg_KqMiuPSsY5g3d7eD_MHVmsfoBqU
"You uploaded a feed photo on October 10, 2024 at 4:06 PM (GMT)", -,https://media.licdn.com/dms/image/v2/D4E22AQFnXrQwhSltHw/feedshare-shrink_800/feedshare-shrink_800/0/1728576364247?e=1788393600&v=beta&t=EKlIWPYK3Ty6amBZqUkRkMyTlqFK7Wn_tnY_uIYPPWo
"You uploaded a feed photo on October 10, 2024 at 3:56 PM (GMT)", -,https://media.licdn.com/dms/image/v2/D4E22AQEknx2VU6FpfQ/feedshare-shrink_800/feedshare-shrink_800/0/1728575787840?e=1788393600&v=beta&t=O1xlNjLC0djeMWwqyL4kxWEGGP0qGZBfKpYPjoIWxKA
"You uploaded a feed photo on October 10, 2024 at 3:56 PM (GMT)", -,https://media.licdn.com/dms/image/v2/D4E22AQF4KoX9UCdCqA/feedshare-shrink_800/feedshare-shrink_800/0/1728575787943?e=1788393600&v=beta&t=1hfrVfYfVFeEmJ3f2b7VZEBV8wDhiOGx6jIJ3_zKsIg
"You uploaded a feed photo on October 10, 2024 at 3:56 PM (GMT)", -,https://media.licdn.com/dms/image/v2/D4E22AQHBj9mxk_1tAw/feedshare-shrink_800/feedshare-shrink_800/0/1728575786172?e=1788393600&v=beta&t=_12DSELIMaloT_gIETVleMEQ44qxemPQLbwxdoIhNgg
"You uploaded a feed photo on October 10, 2024 at 3:56 PM (GMT)", -,https://media.licdn.com/dms/image/v2/D4E22AQG5gB_igj9V9g/feedshare-shrink_800/feedshare-shrink_800/0/1728575787839?e=1788393600&v=beta&t=GnAjSmRpDv0rc-28_-84F_uScaNwMhc9YUMQWsa7yo8
"You uploaded a feed photo on October 10, 2024 at 3:56 PM (GMT)", -,https://media.licdn.com/dms/image/v2/D4E22AQFvsG2svC5W-A/feedshare-shrink_800/feedshare-shrink_800/0/1728575786490?e=1788393600&v=beta&t=1zPyNsq29Mfipe0n9vh6FLsR8fHDmLf-W7XmBl-2Hhk
"You uploaded a feed photo on October 10, 2024 at 3:56 PM (GMT)", -,https://media.licdn.com/dms/image/v2/D4E22AQF2e1GwREeWZg/feedshare-shrink_800/feedshare-shrink_800/0/1728575785750?e=1788393600&v=beta&t=ZJC4tsKM3jSMpVP0pz-2BVaAIll2e4u5wHicA7H2ijk
"You uploaded a feed photo on October 10, 2024 at 3:56 PM (GMT)", -,https://media.licdn.com/dms/image/v2/D4E22AQEphDzbImFquw/feedshare-shrink_800/feedshare-shrink_800/0/1728575786293?e=1788393600&v=beta&t=oclrtEQ3DObhlJr_3tiqG34QpknFDcvBqnGrN2EDsDE
"You uploaded a feed photo on October 10, 2024 at 12:51 AM (GMT)", -,https://media.licdn.com/dms/image/v2/D5622AQG_dyuK3rE0nQ/feedshare-shrink_800/feedshare-shrink_800/0/1728521483574?e=1788393600&v=beta&t=AR-eeXreaxJPSDyk0XCRY95b6ANpZmJ1Fre4uzE3gDc
"You uploaded a feed photo on October 10, 2024 at 12:51 AM (GMT)", -,https://media.licdn.com/dms/image/v2/D5622AQGIvHHDyy2klA/feedshare-shrink_800/feedshare-shrink_800/0/1728521480751?e=1788393600&v=beta&t=fZFN1m5GXU8StCzRqSp1PbB7aE-sZ-TrikcmRZDh6zw
"You uploaded a feed photo on October 10, 2024 at 12:51 AM (GMT)", -,https://media.licdn.com/dms/image/v2/D5622AQGxPcIPqwAeSg/feedshare-shrink_800/feedshare-shrink_800/0/1728521480555?e=1788393600&v=beta&t=pCkbVd0JLjYwYATQ3T3GK6SCt_i0tAD4qq5fcYV3HSs
"You uploaded a feed photo on October 10, 2024 at 12:51 AM (GMT)", -,https://media.licdn.com/dms/image/v2/D5622AQH0k264IxLiuQ/feedshare-shrink_800/feedshare-shrink_800/0/1728521480609?e=1788393600&v=beta&t=s1s2Q24BZG43Nu5Al4tdETSi3ilQsB-Cfk91vrG2EvI
"You uploaded a feed photo on October 10, 2024 at 12:51 AM (GMT)", -,https://media.licdn.com/dms/image/v2/D5622AQGa6uPSB8LFLg/feedshare-shrink_800/feedshare-shrink_800/0/1728521482337?e=1788393600&v=beta&t=hAH85CMZjHI1ItnMIM7fpseBsKuzBJGmXwMVf_jgkq4
"You uploaded a feed photo on October 10, 2024 at 12:51 AM (GMT)", -,https://media.licdn.com/dms/image/v2/D5622AQFhgJCEjSngIg/feedshare-shrink_800/feedshare-shrink_800/0/1728521476988?e=1788393600&v=beta&t=2eYMoEBQ7sKt8TQSK7OQyj9xUFt2TpY_Y7lUhkJyCI4
"You uploaded a feed photo on October 10, 2024 at 12:51 AM (GMT)", -,https://media.licdn.com/dms/image/v2/D5622AQHBRcavVIakpQ/feedshare-shrink_800/feedshare-shrink_800/0/1728521479843?e=1788393600&v=beta&t=lf2M91_99uxKbcWC7z9WpeoC6JBFhvZdlR2RBQbetoA
"You uploaded a feed photo on October 10, 2024 at 12:51 AM (GMT)", -,https://media.licdn.com/dms/image/v2/D5622AQEGooBVRAnKQw/feedshare-shrink_800/feedshare-shrink_800/0/1728521477305?e=1788393600&v=beta&t=k_sYeEdLgwe4PL_BGd3qyCs_qwMYm6vCreN-E1-hJXA
"You uploaded a feed photo on October 10, 2024 at 12:51 AM (GMT)", -,https://media.licdn.com/dms/image/v2/D5622AQH5ieurKNeW3g/feedshare-shrink_800/feedshare-shrink_800/0/1728521476402?e=1788393600&v=beta&t=IrOoQ5xqJ0O3A3-m7gFRGGVWbAIDCCyfkA1wON2ME-s
"You uploaded a feed photo on October 10, 2024 at 12:51 AM (GMT)", -,https://media.licdn.com/dms/image/v2/D5622AQGMqzn-x_53Yg/feedshare-shrink_800/feedshare-shrink_800/0/1728521476323?e=1788393600&v=beta&t=twvSmzlKzxR-BueEwbsatUxteNZYRpWqlkcBYOSPuhU
"You uploaded a feed photo on October 3, 2024 at 3:17 PM (GMT)", -,https://media.licdn.com/dms/image/v2/D5622AQFhA7A7F3JZcA/feedshare-shrink_800/feedshare-shrink_800/0/1727968641715?e=1788393600&v=beta&t=_pflihhmXTudN0zwK5h7bg5NuImzdLFO0YTagkRy02E
"You uploaded a feed photo on October 3, 2024 at 3:17 PM (GMT)", -,https://media.licdn.com/dms/image/v2/D5622AQHZWWlHBUUJ6A/feedshare-shrink_800/feedshare-shrink_800/0/1727968640155?e=1788393600&v=beta&t=3qQiXa6eq49FgFdr-CsqLnt7YrQmsBiZU5MKhyee6I0
"You uploaded a feed photo on October 3, 2024 at 1:16 PM (GMT)", -,https://media.licdn.com/dms/image/v2/D5622AQHhBpgTkVK33w/feedshare-shrink_800/feedshare-shrink_800/0/1727961394647?e=1788393600&v=beta&t=uweSVacRwKnQkbjysMY5pIPPACQjm4bLqPpTd2v4-Lo
"You uploaded a feed photo on October 2, 2024 at 11:29 AM (GMT)", -,https://media.licdn.com/dms/image/v2/D5622AQGoYeekfz7EoQ/feedshare-shrink_800/feedshare-shrink_800/0/1727868544936?e=1788393600&v=beta&t=e88tOPCbH5FDaIPjY-pa1a2MqF74n4IDkEnJabT-eyo
"You uploaded a feed photo on October 2, 2024 at 11:29 AM (GMT)", -,https://media.licdn.com/dms/image/v2/D5622AQG_sIIfpZm2OQ/feedshare-shrink_800/feedshare-shrink_800/0/1727868544737?e=1788393600&v=beta&t=U3lZaaKGvJasZPpkr9WL6uZ1vaPcJJFp2ZR9Z4b266w
"You uploaded a feed photo on October 2, 2024 at 11:29 AM (GMT)", -,https://media.licdn.com/dms/image/v2/D5622AQFtH-P1t_ckIQ/feedshare-shrink_800/feedshare-shrink_800/0/1727868545504?e=1788393600&v=beta&t=iecOZ1N3ynXhjCuf1k471t2p1gyvek3Vhovjn0nMDh8
"You uploaded a feed photo on October 2, 2024 at 11:29 AM (GMT)", -,https://media.licdn.com/dms/image/v2/D5622AQE_NZ5dJrrXxg/feedshare-shrink_800/feedshare-shrink_800/0/1727868546635?e=1788393600&v=beta&t=1MezY81JsfVE88M-TRON8KNSg-9As83bA5QFwCEj2XE
"You uploaded a feed photo on October 2, 2024 at 11:29 AM (GMT)", -,https://media.licdn.com/dms/image/v2/D5622AQE--cx30MLrww/feedshare-shrink_800/feedshare-shrink_800/0/1727868544728?e=1788393600&v=beta&t=rHldrnr1wDEfvwqGmSsE8EPtSjJzkjz62afLrex2OZ0
"You uploaded a feed photo on October 2, 2024 at 11:29 AM (GMT)", -,https://media.licdn.com/dms/image/v2/D5622AQF3sO_PXs1B_Q/feedshare-shrink_800/feedshare-shrink_800/0/1727868546640?e=1788393600&v=beta&t=Ah2Gjkz_bmniBa61kDWTTFlqtci3mXmsISGM-6BGdpo
"You uploaded a feed photo on October 2, 2024 at 11:29 AM (GMT)", -,https://media.licdn.com/dms/image/v2/D5622AQGsfnKNw6gTHA/feedshare-shrink_800/feedshare-shrink_800/0/1727868544583?e=1788393600&v=beta&t=fX_jK1GFy8-m3C_2eb6xPTo2W_wWqlZr7BoOXsdrQ5g
"You uploaded a feed photo on October 2, 2024 at 10:20 AM (GMT)", -,https://media.licdn.com/dms/image/v2/D5622AQFKS_sy8bjmRQ/feedshare-shrink_800/feedshare-shrink_800/0/1727864426232?e=1788393600&v=beta&t=tNKePS3htVL1NwM-vxdN2iBmpFU2fcpYDfo7sB-BIeA
"You uploaded a feed photo on October 2, 2024 at 10:06 AM (GMT)", -,https://media.licdn.com/dms/image/v2/D5622AQHgokqRgIEKvw/feedshare-shrink_800/feedshare-shrink_800/0/1727863566428?e=1788393600&v=beta&t=cjhFSk_2pGhsVy_lelaLXsmXdrRhysJboBTNBgzWMPw
"You uploaded a feed photo on October 2, 2024 at 9:15 AM (GMT)", -,https://media.licdn.com/dms/image/v2/D5622AQGB0JGqoswoIw/feedshare-shrink_800/feedshare-shrink_800/0/1727860513736?e=1788393600&v=beta&t=h_UQsnI1IejdKEgJQWRrj1dmo7YDQw-sbGWPVhpocvc
"You uploaded a feed photo on October 2, 2024 at 2:09 AM (GMT)", -,https://media.licdn.com/dms/image/v2/D5622AQH0vSXYuKdJ9Q/feedshare-shrink_800/feedshare-shrink_800/0/1727834955411?e=1788393600&v=beta&t=Sh6KcapoEldxWsElfC3rPbEq_UE62X1OyYQyQy9ZV_g
"You uploaded a feed photo on October 2, 2024 at 2:09 AM (GMT)", -,https://media.licdn.com/dms/image/v2/D5622AQHnUrq3mFY-2g/feedshare-shrink_800/feedshare-shrink_800/0/1727834956604?e=1788393600&v=beta&t=y5-hZd8WnBG-aUhb7lD38EUHfrduEQCbIfI460muodU
"You uploaded a feed photo on October 2, 2024 at 2:09 AM (GMT)", -,https://media.licdn.com/dms/image/v2/D5622AQEK4XvlyL27vQ/feedshare-shrink_800/feedshare-shrink_800/0/1727834955114?e=1788393600&v=beta&t=-gS7P7vaxTS9Vso5foYrvpty7iYkqem9d1b1H-gwFFE
"You uploaded a feed photo on October 2, 2024 at 2:09 AM (GMT)", -,https://media.licdn.com/dms/image/v2/D5622AQHcftLYik_-Xw/feedshare-shrink_800/feedshare-shrink_800/0/1727834956355?e=1788393600&v=beta&t=IHyEvSEmjRzn-GTzbNqQXYn0lZRPtBEaJdzH8Tta3h0
"You uploaded a feed photo on October 2, 2024 at 2:09 AM (GMT)", -,https://media.licdn.com/dms/image/v2/D5622AQF9Y2quwF7wYQ/feedshare-shrink_800/feedshare-shrink_800/0/1727834954055?e=1788393600&v=beta&t=ptIxKUi3iyoVuLOh6oLl4C8orvhAJlrSIX6tGwMXtd4
"You uploaded a feed photo on October 2, 2024 at 2:09 AM (GMT)", -,https://media.licdn.com/dms/image/v2/D5622AQGdudW1VY0f2w/feedshare-shrink_800/feedshare-shrink_800/0/1727834953625?e=1788393600&v=beta&t=A0vNdRGCjSnB0Do1wOjs4AuKZxsgBWktMQhnP5eXF5c
"You uploaded a feed photo on October 2, 2024 at 2:09 AM (GMT)", -,https://media.licdn.com/dms/image/v2/D5622AQEVcU8TWgC8Iw/feedshare-shrink_800/feedshare-shrink_800/0/1727834957399?e=1788393600&v=beta&t=UhZf8Oj2kmjMfpJ7QN_lyDXXXNii_STPRwX42pWJN1c
"You uploaded a feed photo on October 2, 2024 at 2:09 AM (GMT)", -,https://media.licdn.com/dms/image/v2/D5622AQHcpvCWQJ7iog/feedshare-shrink_800/feedshare-shrink_800/0/1727834953309?e=1788393600&v=beta&t=T0SPX-FlagCWvgymT0pn0C3ZJk9GHIxnqnkJX68mTC4
"You uploaded a feed photo on October 2, 2024 at 2:09 AM (GMT)", -,https://media.licdn.com/dms/image/v2/D5622AQHJfVWn4q32ig/feedshare-shrink_800/feedshare-shrink_800/0/1727834953935?e=1788393600&v=beta&t=UUICnwkfIMLO55DACtvJUZZOLOaQ_nwNZjQDddThQAw
"You uploaded a feed photo on September 30, 2024 at 11:27 PM (GMT)", -,https://media.licdn.com/dms/image/v2/D5622AQECieeXdQacVQ/feedshare-shrink_800/feedshare-shrink_800/0/1727738881769?e=1788393600&v=beta&t=53xGVygXD5wptYJ3zKwXDKAEhshQI3WjJ4OAu0MiIOs
"You uploaded a feed photo on September 30, 2024 at 11:27 PM (GMT)", -,https://media.licdn.com/dms/image/v2/D5622AQET-Q6eu-3qbg/feedshare-shrink_800/feedshare-shrink_800/0/1727738882757?e=1788393600&v=beta&t=xqCqcEjGEGS6i2jUJ0lZfzo-p7UBT3yq3SsSnJprrG8
"You uploaded a feed photo on September 30, 2024 at 11:27 PM (GMT)", -,https://media.licdn.com/dms/image/v2/D5622AQFl72Uh6q4reQ/feedshare-shrink_800/feedshare-shrink_800/0/1727738886236?e=1788393600&v=beta&t=yoIH3jTMGAWZucR96K69l7HwOUeAAi_LBdc6B8bknJg
"You uploaded a feed photo on September 30, 2024 at 11:27 PM (GMT)", -,https://media.licdn.com/dms/image/v2/D5622AQFLCTmWfl6vTw/feedshare-shrink_800/feedshare-shrink_800/0/1727738882147?e=1788393600&v=beta&t=Bt9scsRleN4JRi4BYITEKnq2ArH5xy4kVzXexFa4PYo
"You uploaded a feed photo on September 30, 2024 at 11:27 PM (GMT)", -,https://media.licdn.com/dms/image/v2/D5622AQG3qAiJ23zcog/feedshare-shrink_800/feedshare-shrink_800/0/1727738872824?e=1788393600&v=beta&t=tdblmWZ23Xdf2I6H8-B3eTWlyrPCq9xevkMAKLi960w
"You uploaded a feed photo on September 30, 2024 at 11:27 PM (GMT)", -,https://media.licdn.com/dms/image/v2/D5622AQFq5ucrwmJ2qg/feedshare-shrink_800/feedshare-shrink_800/0/1727738886255?e=1788393600&v=beta&t=crI8tlw0aU7la4ZOy94XWdnLlP6Yg4_b04fVx3vE2TA
"You uploaded a feed photo on September 30, 2024 at 11:27 PM (GMT)", -,https://media.licdn.com/dms/image/v2/D5622AQGcRdZIRdwvRw/feedshare-shrink_800/feedshare-shrink_800/0/1727738871216?e=1788393600&v=beta&t=277_kFkKTNdFMjTnWVCD8gCLw5fOsM0clhbV6L235Hs
"You uploaded a feed photo on September 29, 2024 at 9:56 AM (GMT)", -,https://media.licdn.com/dms/image/v2/D5622AQGjRtz7CF9s-A/feedshare-shrink_800/feedshare-shrink_800/0/1727603809172?e=1788393600&v=beta&t=uGTlBz0KL_0I4vO4vTydkE7hS2zN5NWuj4OemWadq-c
"You uploaded a feed photo on September 28, 2024 at 2:01 PM (GMT)", -,https://media.licdn.com/dms/image/v2/D5622AQH_B3KSiprh0g/feedshare-shrink_800/feedshare-shrink_800/0/1727532088074?e=1788393600&v=beta&t=AOjmy9yi0f0eMhFVptvWNUHkgFNqsmJrDhLCtk6ht-g
"You uploaded a feed photo on September 28, 2024 at 2:01 PM (GMT)", -,https://media.licdn.com/dms/image/v2/D5622AQF3TSmWivx_Dg/feedshare-shrink_800/feedshare-shrink_800/0/1727532085178?e=1788393600&v=beta&t=oSR90B3wWHSm21-w4EqMOe4OjofHEVz7VbuPRfkH_B0
"You uploaded a feed photo on September 28, 2024 at 2:01 PM (GMT)", -,https://media.licdn.com/dms/image/v2/D5622AQEMtbjb9lakOA/feedshare-shrink_800/feedshare-shrink_800/0/1727532086737?e=1788393600&v=beta&t=Ye20BRq2_ZYm9Ptw7uEZXGp1-NCx_BBJSRbKXi0gCdk
"You uploaded a feed photo on September 28, 2024 at 2:01 PM (GMT)", -,https://media.licdn.com/dms/image/v2/D5622AQGVc9G1Rb6kOg/feedshare-shrink_800/feedshare-shrink_800/0/1727532087829?e=1788393600&v=beta&t=amS6ZuxsVa-VFKlVpTHmDU8kMULvie2_7YDMoEqfEj4
"You uploaded a feed photo on September 28, 2024 at 2:01 PM (GMT)", -,https://media.licdn.com/dms/image/v2/D5622AQFr7_0sCeEpgA/feedshare-shrink_800/feedshare-shrink_800/0/1727532083223?e=1788393600&v=beta&t=I-qKqpRJoTSIhpJtBUKBlik03w-ra3-zv1VtleaNV9g
"You uploaded a feed photo on September 28, 2024 at 2:01 PM (GMT)", -,https://media.licdn.com/dms/image/v2/D5622AQG_NiZytTRegw/feedshare-shrink_800/feedshare-shrink_800/0/1727532090755?e=1788393600&v=beta&t=JuFTBKv53nFKruAmmkdMzpX7tZrqUPWiytmpV8Wc7fI
"You uploaded a feed photo on September 28, 2024 at 2:01 PM (GMT)", -,https://media.licdn.com/dms/image/v2/D5622AQH5U6aXLnhr2A/feedshare-shrink_800/feedshare-shrink_800/0/1727532083200?e=1788393600&v=beta&t=zuTia7I83EvLAVF90wT74ycxSVwelwQrXbg6YUYo-fI
"You uploaded a feed photo on September 28, 2024 at 2:01 PM (GMT)", -,https://media.licdn.com/dms/image/v2/D5622AQFB-XTsoSZ2kA/feedshare-shrink_800/feedshare-shrink_800/0/1727532083178?e=1788393600&v=beta&t=WCyYoDh7_gESf7GtYGlyr3O4QC-JSeHTCjrrITBmv5U
"You uploaded a feed photo on September 28, 2024 at 2:01 PM (GMT)", -,https://media.licdn.com/dms/image/v2/D5622AQFqOiXKP4s2kQ/feedshare-shrink_800/feedshare-shrink_800/0/1727532083275?e=1788393600&v=beta&t=mlDWNdS50mvnSSHXqDQZYAB9anhXsR2XA9dnqo-TNxY
"You uploaded a feed photo on September 28, 2024 at 2:01 PM (GMT)", -,https://media.licdn.com/dms/image/v2/D5622AQEkmKAxcbnMdw/feedshare-shrink_800/feedshare-shrink_800/0/1727532090291?e=1788393600&v=beta&t=K3nNvBo0M7walsoijQ7YeEf0-AnS2WZXk-PYYFy-LHo
"You uploaded a feed photo on September 28, 2024 at 2:01 PM (GMT)", -,https://media.licdn.com/dms/image/v2/D5622AQEC1ayrELqpXQ/feedshare-shrink_800/feedshare-shrink_800/0/1727532084940?e=1788393600&v=beta&t=Ke-ZrB2m0PGYgCfOTP4360xQ728ctl-yEi0hhZkKNdI
"You uploaded a feed photo on September 28, 2024 at 2:01 PM (GMT)", -,https://media.licdn.com/dms/image/v2/D5622AQH8NvqApRSK0g/feedshare-shrink_800/feedshare-shrink_800/0/1727532085176?e=1788393600&v=beta&t=eGhQ1tlgeM5yOm5iMfUhYnySu5wk-OLpyfJLvMjrwu8
"You uploaded a feed photo on September 28, 2024 at 1:57 PM (GMT)", -,https://media.licdn.com/dms/image/v2/D5622AQFRZQWWYz9qJQ/feedshare-shrink_800/feedshare-shrink_800/0/1727531843326?e=1788393600&v=beta&t=KOjdFzFU8lsr5khtZt9qm8Z619LpJck-fl1rvh2EeMY
"You uploaded a feed photo on September 28, 2024 at 1:57 PM (GMT)", -,https://media.licdn.com/dms/image/v2/D5622AQHv7LBLpg-IlQ/feedshare-shrink_800/feedshare-shrink_800/0/1727531839040?e=1788393600&v=beta&t=BDuvMtUnl0nEcpCWBjZkoXOV9cBo-PITCrkwv9ciPJ4
"You uploaded a feed photo on September 28, 2024 at 1:57 PM (GMT)", -,https://media.licdn.com/dms/image/v2/D5622AQFh67Qoz5eRdg/feedshare-shrink_800/feedshare-shrink_800/0/1727531839316?e=1788393600&v=beta&t=aNND1vI2r6eL1sEvVjdAGQU494pLa8bsC3HcfXIh_MY
"You uploaded a feed photo on September 28, 2024 at 1:57 PM (GMT)", -,https://media.licdn.com/dms/image/v2/D5622AQH1-Wsl_0fM0A/feedshare-shrink_800/feedshare-shrink_800/0/1727531841376?e=1788393600&v=beta&t=tnHjwKbLqTnr-SI7l0-rs37KnYid3ZNYxgdKPB5RGak
"You uploaded a feed photo on September 28, 2024 at 1:57 PM (GMT)", -,https://media.licdn.com/dms/image/v2/D5622AQE4vxJmifQInQ/feedshare-shrink_800/feedshare-shrink_800/0/1727531839128?e=1788393600&v=beta&t=cYmG17WZj9Rzb-zs52QQ3hR-jcSyeP6qcIgVoq291Yw
"You uploaded a feed photo on September 28, 2024 at 1:57 PM (GMT)", -,https://media.licdn.com/dms/image/v2/D5622AQGhU45VlwB13Q/feedshare-shrink_800/feedshare-shrink_800/0/1727531838385?e=1788393600&v=beta&t=CBmADdfkd7oeh4GKpZMxqUN9WWHI4kRMCRJwTAzRFto
"You uploaded a video on September 22, 2024 at 4:44 AM (GMT)", -,https://dms.licdn.com/playlist/vid/dynamic/D5605AQFsox5UjFDNcQ/CeJzLyCnWTcstMNE1NzIo0DU2SCvQTS5KM7LQyYBJmJrgkDCxwCFhbIYiAQDmRB3s?e=1787191200&v=beta&t=Jb5Wvb6wCMA9gEpeLmmLOlb3ymZBrQPw0VRazS4AKKw
"You uploaded a feed photo on September 21, 2024 at 1:37 PM (GMT)", -,https://media.licdn.com/dms/image/v2/D5622AQHiwzq7uIG6zQ/feedshare-shrink_800/feedshare-shrink_800/0/1726925856849?e=1788393600&v=beta&t=F21YchDjLmU31DBURhCnY_cQ7Da1GWZfSe1WJKXQZfE
"You uploaded a feed photo on September 21, 2024 at 1:37 PM (GMT)", -,https://media.licdn.com/dms/image/v2/D5622AQFzSrta2jgBZw/feedshare-shrink_800/feedshare-shrink_800/0/1726925856856?e=1788393600&v=beta&t=8aBFgbVoHT2y6QgmPpXvDf__DpLurAfD7n8P5fPo0Dg
"You uploaded a feed photo on September 21, 2024 at 1:37 PM (GMT)", -,https://media.licdn.com/dms/image/v2/D5622AQHVl63j2qLELw/feedshare-shrink_800/feedshare-shrink_800/0/1726925856848?e=1788393600&v=beta&t=r7hIstAW2PPaqcuOzxaBp5tRDRJoF6aEGrJLlADseyI
"You uploaded a feed photo on September 21, 2024 at 1:37 PM (GMT)", -,https://media.licdn.com/dms/image/v2/D5622AQF1KMybrr3G6g/feedshare-shrink_800/feedshare-shrink_800/0/1726925856891?e=1788393600&v=beta&t=9nZVi4wAARKPUoN9YtVaf2862LMFsGKgozqWL0S4RpE
"You uploaded a feed photo on September 21, 2024 at 1:37 PM (GMT)", -,https://media.licdn.com/dms/image/v2/D5622AQG722Tz_iaJgQ/feedshare-shrink_800/feedshare-shrink_800/0/1726925856856?e=1788393600&v=beta&t=xvJ9q4p5XFyyTiYDzNn5l6u2uBStmpcwVLKPxhIZTyQ
"You uploaded a feed photo on September 21, 2024 at 1:37 PM (GMT)", -,https://media.licdn.com/dms/image/v2/D5622AQFqywCYVrVH2Q/feedshare-shrink_800/feedshare-shrink_800/0/1726925856851?e=1788393600&v=beta&t=ero5ajff2ZMrU5jjtgJlD5V_STWle2adYvmjG2MiKOg
"You uploaded a feed document on September 21, 2024 at 11:51 AM (GMT)","? Thrilled to share that I have recently completed Zakir Khan's Storytelling Masterclass!??  
It was an unforgettable journey learning from Zakir Khan himself and several distinguished guests who shared their expertise and life stories. Here are some of the key takeaways:  

- ? Mastered the art of storytelling to explain complex concepts in an engaging and relatable way.  
- ? Gained insights from renowned figures, including:  
  - ? Gopal Datt ? Acclaimed actor and writer, sharing his experience in film and theater.  
  - ?Rajkumar Vidya ? Esteemed Mathematics teacher, highlighting the power of storytelling in education.  
  - ??Himanshu Bajpai? Professional storyteller, offering insights into traditional and modern storytelling methods.  
  - ? Hussain Dalal ? Dialogue writer and actor, emphasizing the art of powerful conversations through storytelling.  
  - ? Satyanshu Singh ? Writer and filmmaker, teaching the intricacies of storytelling in films.  
  - ?? Kumar Varun ? Actor, comedian, and film writer, discussing how humor enhances storytelling.  
  - ?Ranveer Brar ? Renowned professional chef, sharing how culinary arts and storytelling blend together to create experiences.  
- ? Utilized real-life examples and anecdotes to craft stories that resonate, whether in personal or professional settings.  
- ?? Explored the importance of problem framing to hold an audience?s attention and deliver impactful stories.  
- ? Overcame shyness and learned to seize opportunities by using storytelling as a tool for personal and professional growth.  
- ? Realized the power of storytelling across various fields, from comedy and acting to education and food.  
- ? Ready to apply these skills to elevate my communication, engage audiences, and inspire through impactful narratives.  

Feeling energized and excited to implement these learnings! ?",https://media.licdn.com/dms/document/media/v2/D561FAQE-xvu0OqGOcw/feedshare-document-url-metadata-scrapper-pdf/feedshare-document-url-metadata-scrapper-pdf/0/1726919472002?e=1787191200&v=beta&t=GuxjEqjFc3QiBOksbCuVHRqdnUgMgP4VUFmsMT-PnGI
"You uploaded a feed document on September 21, 2024 at 11:50 AM (GMT)", -,https://media.licdn.com/dms/document/media/v2/D561FAQHbG029ptgOJg/feedshare-document-url-metadata-scrapper-pdf/feedshare-document-url-metadata-scrapper-pdf/0/1726919430686?e=1787191200&v=beta&t=HHgYx4YkFkQOE9WlMTnRIvJyShSay60rcWtKS2GhOB0
"You uploaded a feed photo on September 20, 2024 at 1:10 PM (GMT)", -,https://media.licdn.com/dms/image/v2/D5622AQGZ_rNQZvm0oQ/feedshare-shrink_800/feedshare-shrink_800/0/1726837831449?e=1788393600&v=beta&t=h6WkEtqigZGmBgdno6nmQSYWqz8o4x1urHfdTJDV-hg
"You uploaded a feed photo on September 20, 2024 at 1:10 PM (GMT)", -,https://media.licdn.com/dms/image/v2/D5622AQELCSTdjkFANw/feedshare-shrink_800/feedshare-shrink_800/0/1726837831661?e=1788393600&v=beta&t=TR9vuKVyyPmtdwwNrmNS5Ad6YpGh5cJmMh0HRhZEPY8
"You uploaded a feed photo on September 20, 2024 at 1:10 PM (GMT)", -,https://media.licdn.com/dms/image/v2/D5622AQFs_gBpGNRXjw/feedshare-shrink_800/feedshare-shrink_800/0/1726837831389?e=1788393600&v=beta&t=w3nj2EQtbo_nXBVtBASh5-eNOwUa0khB1_1lo9BNhPg
"You uploaded a feed photo on September 20, 2024 at 1:10 PM (GMT)", -,https://media.licdn.com/dms/image/v2/D5622AQEMW00rl8CoWg/feedshare-shrink_800/feedshare-shrink_800/0/1726837831416?e=1788393600&v=beta&t=rekvN-ytnIdisWMxhG4ZZ8JRQCDMQ4tIPJfGVv6hRw0
"You uploaded a feed photo on September 20, 2024 at 1:10 PM (GMT)", -,https://media.licdn.com/dms/image/v2/D5622AQF2ZuK1Q9SbSQ/feedshare-shrink_800/feedshare-shrink_800/0/1726837831378?e=1788393600&v=beta&t=-UNRMR_EIeBpX-D9P4vogCXAgDpPH7Y4H2jgrV8ANg8
"You uploaded a feed photo on September 20, 2024 at 1:10 PM (GMT)", -,https://media.licdn.com/dms/image/v2/D5622AQFhHsR52f66Ew/feedshare-shrink_800/feedshare-shrink_800/0/1726837831389?e=1788393600&v=beta&t=NL9u7JmzoxbYFw2iiW8dTC3fjwyxD2QqYLU4xQLSIGY
"You uploaded a feed photo on September 19, 2024 at 3:51 PM (GMT)", -,https://media.licdn.com/dms/image/v2/D5622AQEv_aKnKvzfYw/feedshare-shrink_800/feedshare-shrink_800/0/1726761097378?e=1788393600&v=beta&t=KwjpIEBZ4uKiAQQV9dcbnxlKxW16zhMx5eRL0Oi0PdE
"You uploaded a feed photo on September 19, 2024 at 3:51 PM (GMT)", -,https://media.licdn.com/dms/image/v2/D5622AQGvFpSQUJenWA/feedshare-shrink_800/feedshare-shrink_800/0/1726761097385?e=1788393600&v=beta&t=CVhICIOoNTtAjjTODgkdEItwiY2dYp31IWsqXJAaoh8
"You uploaded a feed photo on September 19, 2024 at 3:51 PM (GMT)", -,https://media.licdn.com/dms/image/v2/D5622AQHj5NBpEepTpA/feedshare-shrink_800/feedshare-shrink_800/0/1726761097375?e=1788393600&v=beta&t=Ey4hd8ya-0-5UzXklmiTuIYnmCK1Td7G3jovZpkIIyE
"You uploaded a feed photo on September 19, 2024 at 3:51 PM (GMT)", -,https://media.licdn.com/dms/image/v2/D5622AQHayuvQ3cMT0A/feedshare-shrink_800/feedshare-shrink_800/0/1726761097390?e=1788393600&v=beta&t=5bRKRDesMkKi_qZeii9iIWFlJxGyqml2_HW132GJ-fA
"You uploaded a photo on September 19, 2024 at 2:40 PM (GMT)", -,https://media.licdn.com/dms/image/v2/D562DAQF7E98oexz9Gw/profile-treasury-image-shrink_8192_8192/profile-treasury-image-shrink_8192_8192/0/1726756831815?e=1787191200&v=beta&t=T51xNfD9gHspVzLAa86jqXAyIsG76hv_eB2T4JqPSYg
"You uploaded a feed photo on September 17, 2024 at 1:35 AM (GMT)", -,https://media.licdn.com/dms/image/v2/D5622AQGOQleXeOw4Ww/feedshare-shrink_800/feedshare-shrink_800/0/1726536917072?e=1788393600&v=beta&t=c4f4g9rKUaCDW66oifCzbB6rO6RFc1eDahvWNrjm0W0
"You uploaded a feed photo on September 17, 2024 at 1:35 AM (GMT)", -,https://media.licdn.com/dms/image/v2/D5622AQE-LONueshihQ/feedshare-shrink_800/feedshare-shrink_800/0/1726536917072?e=1788393600&v=beta&t=7YkuhjxU-mH9iXKTReTqzuiUWtcNdI9xVrn_ulum8zg
"You uploaded a feed photo on September 17, 2024 at 1:35 AM (GMT)", -,https://media.licdn.com/dms/image/v2/D5622AQG8K4GdpZB_MQ/feedshare-shrink_800/feedshare-shrink_800/0/1726536916850?e=1788393600&v=beta&t=P3Z3MNKgKuBZPaosk78Rpo-qBBTKqWt2Zy31jnvSAjY
"You uploaded a feed photo on September 17, 2024 at 1:14 AM (GMT)", -,https://media.licdn.com/dms/image/v2/D5622AQGr5li9CODu5w/feedshare-shrink_800/feedshare-shrink_800/0/1726535657726?e=1788393600&v=beta&t=NpnMIFtQm3pdaRX7UNBOoSMBVCKm822rP2rPmtk6cbA
"You uploaded a feed photo on September 17, 2024 at 1:14 AM (GMT)", -,https://media.licdn.com/dms/image/v2/D5622AQG-Lcs_LlRvxQ/feedshare-shrink_800/feedshare-shrink_800/0/1726535655926?e=1788393600&v=beta&t=xUeLMTBRMBAiNEVq_jUNFtQ7YbCrt9lSbGyivW68N9U
"You uploaded a feed photo on September 17, 2024 at 1:14 AM (GMT)", -,https://media.licdn.com/dms/image/v2/D5622AQGkOAkpva-7yg/feedshare-shrink_800/feedshare-shrink_800/0/1726535656502?e=1788393600&v=beta&t=SZHLkKmRuQfuroNwL7P_1SkPRhG945W3RNtPXC8xPew
"You uploaded a feed photo on September 17, 2024 at 1:14 AM (GMT)", -,https://media.licdn.com/dms/image/v2/D5622AQFdiwZaSf7SZQ/feedshare-shrink_800/feedshare-shrink_800/0/1726535656834?e=1788393600&v=beta&t=QogRoAdoPsK7kEJ2E0U3FeM_3wcOTt8QuBYfiCRvkPo
"You uploaded a feed photo on September 17, 2024 at 1:08 AM (GMT)", -,https://media.licdn.com/dms/image/v2/D5622AQGShqBA9RQpVQ/feedshare-shrink_800/feedshare-shrink_800/0/1726535299437?e=1788393600&v=beta&t=RncMk9FAv1ItZ2A5wz6G0-BxAXuTOftDSmq3pHV32YA
"You uploaded a feed photo on September 17, 2024 at 1:08 AM (GMT)", -,https://media.licdn.com/dms/image/v2/D5622AQFucZklCS_tDA/feedshare-shrink_800/feedshare-shrink_800/0/1726535299632?e=1788393600&v=beta&t=pjVlnIn2l97F5mK8ml4i9rOX1FB-25bOX2cygehsHk4
"You uploaded a feed photo on September 17, 2024 at 1:08 AM (GMT)", -,https://media.licdn.com/dms/image/v2/D5622AQGEJADUVZ76nw/feedshare-shrink_800/feedshare-shrink_800/0/1726535298776?e=1788393600&v=beta&t=GlQA42-BsDtegLbmsskklwn1gOb4x9QjCdLX_wVpXdU
"You uploaded a feed photo on September 12, 2024 at 11:43 AM (GMT)", -,https://media.licdn.com/dms/image/v2/D5622AQE8K0MqCxy9TQ/feedshare-shrink_800/feedshare-shrink_800/0/1726141440264?e=1788393600&v=beta&t=__5vGW4RceN76AkD6tB38WdDT7mNpxzNoEZlA1oOvXc
"You uploaded a feed photo on September 12, 2024 at 11:43 AM (GMT)", -,https://media.licdn.com/dms/image/v2/D5622AQHA7jhpJW38iA/feedshare-shrink_800/feedshare-shrink_800/0/1726141439917?e=1788393600&v=beta&t=CkWXLyeSymBhoCDf6T935RlOiGjw_dg-VAQZu3JYsd0
"You uploaded a feed photo on September 12, 2024 at 11:43 AM (GMT)", -,https://media.licdn.com/dms/image/v2/D5622AQH8RiIjvM_ALw/feedshare-shrink_800/feedshare-shrink_800/0/1726141439762?e=1788393600&v=beta&t=wPfpoI3Qe3daJDQHqtzumRtE65ypD_cP4LjtYMp_oKE
"You uploaded a feed photo on September 12, 2024 at 11:43 AM (GMT)", -,https://media.licdn.com/dms/image/v2/D5622AQFNhw6KpsOBVg/feedshare-shrink_800/feedshare-shrink_800/0/1726141438516?e=1788393600&v=beta&t=ltdW7bV_ymkBlgePuaS2sQ6-ySHcaK_eWHq6z9lWqtU
"You uploaded a feed photo on September 12, 2024 at 11:43 AM (GMT)", -,https://media.licdn.com/dms/image/v2/D5622AQGNo93iwaLVXA/feedshare-shrink_800/feedshare-shrink_800/0/1726141437362?e=1788393600&v=beta&t=D9kRrmcMzjm7AGVh_iOh4PSRSS48ikReqZmIxwJqdPI
"You uploaded a feed photo on September 11, 2024 at 11:38 AM (GMT)", -,https://media.licdn.com/dms/image/v2/D5622AQGrtaqKIpS2HQ/feedshare-shrink_800/feedshare-shrink_800/0/1726054720164?e=1788393600&v=beta&t=RQKliyVV-CT3MEHxsk1NtDzV2hU-Zk4rBYG3YTCqRaI
"You uploaded a feed photo on September 11, 2024 at 11:38 AM (GMT)", -,https://media.licdn.com/dms/image/v2/D5622AQE0o66PXuUIFw/feedshare-shrink_800/feedshare-shrink_800/0/1726054716409?e=1788393600&v=beta&t=rlRqI7hJf3DEE1KJDIK_N6y6yNtrYfuuGFgk2Onrnzg
"You uploaded a feed photo on September 11, 2024 at 11:38 AM (GMT)", -,https://media.licdn.com/dms/image/v2/D5622AQEL0FbGYm0_dg/feedshare-shrink_800/feedshare-shrink_800/0/1726054718628?e=1788393600&v=beta&t=NUJi4yvm79xPoJct6I0-jZ19U-7hN_pnUBV4HHQUm3E
"You uploaded a feed photo on September 11, 2024 at 11:38 AM (GMT)", -,https://media.licdn.com/dms/image/v2/D5622AQFsgIDlOM2UBQ/feedshare-shrink_800/feedshare-shrink_800/0/1726054717512?e=1788393600&v=beta&t=U9qXNS4zPS45pQK2oI0QkR9ayLd5wpesyfSGcaZFQkw
"You uploaded a feed photo on September 11, 2024 at 11:38 AM (GMT)", -,https://media.licdn.com/dms/image/v2/D5622AQGfgMYvVM3BVQ/feedshare-shrink_800/feedshare-shrink_800/0/1726054711723?e=1788393600&v=beta&t=nYE7F75Hjg9ppI8ciqIgQOCN_QpU-16tB6SeSOkCw34
"You uploaded a feed photo on September 11, 2024 at 11:38 AM (GMT)", -,https://media.licdn.com/dms/image/v2/D5622AQGISKU---KhcQ/feedshare-shrink_800/feedshare-shrink_800/0/1726054717385?e=1788393600&v=beta&t=WVrL4X3QlVuclZG2ZTR_VebAF56dtudZzeGaGW1VKnw
"You uploaded a feed photo on September 11, 2024 at 11:38 AM (GMT)", -,https://media.licdn.com/dms/image/v2/D5622AQFZxTzR9fZsaA/feedshare-shrink_800/feedshare-shrink_800/0/1726054709197?e=1788393600&v=beta&t=d8SiNJGoh_MQs2NbD9MVmBo_JHVy1Nyegz1Tn_k_Zds
"You uploaded a feed photo on September 11, 2024 at 11:38 AM (GMT)", -,https://media.licdn.com/dms/image/v2/D5622AQEL5L__SDnrIQ/feedshare-shrink_800/feedshare-shrink_800/0/1726054713220?e=1788393600&v=beta&t=nT56Hj_PS5hfVQk42m1j6ypGevYftW8Vh9oyV4jeofQ
"You uploaded a feed photo on September 11, 2024 at 11:38 AM (GMT)", -,https://media.licdn.com/dms/image/v2/D5622AQGgAiMBYuYcDw/feedshare-shrink_800/feedshare-shrink_800/0/1726054711260?e=1788393600&v=beta&t=jQsKbrZZBWZbAgDeY2i4smSeqDz0Il6wNNZRtXkAQD0
"You uploaded a feed photo on September 10, 2024 at 11:31 AM (GMT)", -,https://media.licdn.com/dms/image/v2/D5622AQEJ2KGj4P8ksw/feedshare-shrink_800/feedshare-shrink_800/0/1725967910369?e=1788393600&v=beta&t=W_eMvuCiJ9rruuHkNcLoxPOVZ8kCv72fXOZCYoPW6AA
"You uploaded a feed photo on September 10, 2024 at 11:31 AM (GMT)", -,https://media.licdn.com/dms/image/v2/D5622AQHgF20Lzst_-Q/feedshare-shrink_800/feedshare-shrink_800/0/1725967910040?e=1788393600&v=beta&t=OQe-Xhd0yXcD5Br8Tl9Xx08iMdUXAsafCUE4tiAHTiI
"You uploaded a feed photo on September 10, 2024 at 11:31 AM (GMT)", -,https://media.licdn.com/dms/image/v2/D5622AQHHuxzVrHs-Cg/feedshare-shrink_800/feedshare-shrink_800/0/1725967910348?e=1788393600&v=beta&t=AZNlGOr7kWpIXBer-g3JIKTZFG-w32nmdiytuc4eCTM
"You uploaded a photo on September 9, 2024 at 11:29 AM (GMT)", -,https://media.licdn.com/dms/image/v2/D562DAQHvKNh3nuM3rg/profile-treasury-image-shrink_8192_8192/profile-treasury-image-shrink_8192_8192/0/1725881377317?e=1787191200&v=beta&t=brqP0oslGi_VAEhrQSW2Q7FDpN2jGTudxh0XeCUmA4o
"You uploaded a photo on September 9, 2024 at 11:29 AM (GMT)", -,https://media.licdn.com/dms/image/v2/D562DAQHi8jkteNf6hw/profile-treasury-image-shrink_8192_8192/profile-treasury-image-shrink_8192_8192/0/1725881354837?e=1787191200&v=beta&t=NuB-DMGqtCBcrGBhh8wnbKrsw1TbtW-8IZdzQ0yZjlQ
"You uploaded a feed photo on September 9, 2024 at 10:21 AM (GMT)", -,https://media.licdn.com/dms/image/v2/D5622AQF9RdujjYdqwA/feedshare-shrink_800/feedshare-shrink_800/0/1725877322403?e=1788393600&v=beta&t=M9FShHN00uleE79zinyyuAPdDhNNOFoABgSIi_RKNqQ
"You uploaded a feed photo on September 9, 2024 at 10:21 AM (GMT)", -,https://media.licdn.com/dms/image/v2/D5622AQEuMrsr2PscsQ/feedshare-shrink_800/feedshare-shrink_800/0/1725877316739?e=1788393600&v=beta&t=M_7y0-6Pf3m5DvXpm6SRg19Gf2A53ob3r_Krf_XUuso
"You uploaded a feed photo on September 9, 2024 at 10:21 AM (GMT)", -,https://media.licdn.com/dms/image/v2/D5622AQG4Y01TEntn-A/feedshare-shrink_800/feedshare-shrink_800/0/1725877307853?e=1788393600&v=beta&t=g7c7_OeuXy5WqVWc-R3FatXt7suEYPQSKkjWzyYhDK8
"You uploaded a feed photo on September 9, 2024 at 10:21 AM (GMT)", -,https://media.licdn.com/dms/image/v2/D5622AQGC4p0NQQB5QQ/feedshare-shrink_800/feedshare-shrink_800/0/1725877307680?e=1788393600&v=beta&t=yT6wu83XbQybSAeb5xXL66vuwNCrnhdXZnpbAsyq5G0
"You uploaded a feed photo on September 9, 2024 at 10:21 AM (GMT)", -,https://media.licdn.com/dms/image/v2/D5622AQHmjzZCgeHZ5w/feedshare-shrink_800/feedshare-shrink_800/0/1725877304996?e=1788393600&v=beta&t=WVU6zY2U6QaLrvu-iBimsjLDFh3wLHigN6IH9OnworE
"You uploaded a feed photo on September 9, 2024 at 10:21 AM (GMT)", -,https://media.licdn.com/dms/image/v2/D5622AQHuNmm-31h43g/feedshare-shrink_800/feedshare-shrink_800/0/1725877312444?e=1788393600&v=beta&t=-cjR6y33MxHEC4lfvO64dpMrtky2Tx7F9vdQ2ah9TII
"You uploaded a feed photo on September 9, 2024 at 10:21 AM (GMT)", -,https://media.licdn.com/dms/image/v2/D5622AQH1zXfO-xJAQw/feedshare-shrink_800/feedshare-shrink_800/0/1725877303973?e=1788393600&v=beta&t=JAlbhxAXZYeS4hqFGZ3T2aNJGXKqIoOEPmKKcD6_yVY
"You uploaded a feed photo on September 9, 2024 at 10:21 AM (GMT)", -,https://media.licdn.com/dms/image/v2/D5622AQE-9o9MqOvVvw/feedshare-shrink_800/feedshare-shrink_800/0/1725877312060?e=1788393600&v=beta&t=_KBhWGV7cIN4sk-io9t_goVBSZrx6eZra0qNa_l186M
"You uploaded a feed photo on September 9, 2024 at 10:21 AM (GMT)", -,https://media.licdn.com/dms/image/v2/D5622AQFkUvzmqJbJCw/feedshare-shrink_800/feedshare-shrink_800/0/1725877322378?e=1788393600&v=beta&t=TvBLvLP9z_Lg9Rx9PjjmCqyYYRP4m_VEAvyWwy5M7qg
"You uploaded a feed photo on September 9, 2024 at 10:21 AM (GMT)", -,https://media.licdn.com/dms/image/v2/D5622AQE_Ssc-w6zm2Q/feedshare-shrink_800/feedshare-shrink_800/0/1725877315977?e=1788393600&v=beta&t=g6G3pDtUOG1Ud5fEq6-pHxXsPsNmDJXc2UaStSd4rK0
"You uploaded a feed photo on September 9, 2024 at 10:21 AM (GMT)", -,https://media.licdn.com/dms/image/v2/D5622AQHACoJzO84WMg/feedshare-shrink_800/feedshare-shrink_800/0/1725877305784?e=1788393600&v=beta&t=_mX_nDRlOKMjuRQsmxQS5uX_0o25qtZk8rQOB3Lz9NU
"You uploaded a feed photo on September 9, 2024 at 10:21 AM (GMT)", -,https://media.licdn.com/dms/image/v2/D5622AQF89pqlzRrYZg/feedshare-shrink_800/feedshare-shrink_800/0/1725877311349?e=1788393600&v=beta&t=kpEhusV3QMvUiIXXwlGvmOkcr4eXPPyt5CJX38E0rVs
"You uploaded a feed photo on September 9, 2024 at 10:21 AM (GMT)", -,https://media.licdn.com/dms/image/v2/D5622AQHf1ac6F1jVTg/feedshare-shrink_800/feedshare-shrink_800/0/1725877304011?e=1788393600&v=beta&t=nSp3gRig4KI_OYToCc6S7DwVTkUp2cvrnWNPDSQM5u4
"You uploaded a feed photo on September 9, 2024 at 10:21 AM (GMT)", -,https://media.licdn.com/dms/image/v2/D5622AQFYPFRqun5cOg/feedshare-shrink_800/feedshare-shrink_800/0/1725877303569?e=1788393600&v=beta&t=4Q3-DaVclJPmnAiZ2-96TrQmj2NyjqIDiX10AsJPI7Y
"You uploaded a feed photo on September 9, 2024 at 10:21 AM (GMT)", -,https://media.licdn.com/dms/image/v2/D5622AQHLljqXDLZP8A/feedshare-shrink_800/feedshare-shrink_800/0/1725877305958?e=1788393600&v=beta&t=jwDDWKNGgkSstfBNJwlhoeHcL_TX2b0DrI2DuUIDkK8
"You uploaded a feed photo on September 8, 2024 at 9:29 AM (GMT)", -,https://media.licdn.com/dms/image/v2/D5622AQH5cN2uih-vBA/feedshare-shrink_800/feedshare-shrink_800/0/1725787803900?e=1788393600&v=beta&t=ircZnDcZ_kaKGKcg2hzKBBwCpdO-CuYcyHNjuUbv2fw
"You uploaded a feed photo on September 8, 2024 at 12:41 AM (GMT)", -,https://media.licdn.com/dms/image/v2/D5622AQFg2yENI2OazQ/feedshare-shrink_800/feedshare-shrink_800/0/1725756139181?e=1788393600&v=beta&t=T1VDUSVfxMUSd9iznU6AG3f_-5Ft8Z2fcG06S-El6FM
"You uploaded a feed photo on September 8, 2024 at 12:41 AM (GMT)", -,https://media.licdn.com/dms/image/v2/D5622AQGTzYGF_0D9nQ/feedshare-shrink_800/feedshare-shrink_800/0/1725756132095?e=1788393600&v=beta&t=TCggvpBUDHXBqJF5ueYgDM3gIB66E7qKWXIuCxE7RiY
"You uploaded a feed photo on September 8, 2024 at 12:41 AM (GMT)", -,https://media.licdn.com/dms/image/v2/D5622AQFlg0GZAYrwnQ/feedshare-shrink_800/feedshare-shrink_800/0/1725756160863?e=1788393600&v=beta&t=D2zv3HKRDFPbcwhWNVomGfuEP4syJBOUj33e0UQcwO0
"You uploaded a feed photo on September 8, 2024 at 12:41 AM (GMT)", -,https://media.licdn.com/dms/image/v2/D5622AQEvdsm1iqm_Tg/feedshare-shrink_800/feedshare-shrink_800/0/1725756158158?e=1788393600&v=beta&t=fubUzz2ZIv5eaqCrNUpj61wptifVEfJzaCGWKnCKBGY
"You uploaded a feed photo on September 8, 2024 at 12:41 AM (GMT)", -,https://media.licdn.com/dms/image/v2/D5622AQH1H0H6Bay1Uw/feedshare-shrink_800/feedshare-shrink_800/0/1725756153917?e=1788393600&v=beta&t=iG1xLp8Fjyh_WhJTepK1NJJZTNpw4a1ZWIE11hFY7uA
"You uploaded a feed photo on September 8, 2024 at 12:41 AM (GMT)", -,https://media.licdn.com/dms/image/v2/D5622AQGt5-a8DJr3og/feedshare-shrink_800/feedshare-shrink_800/0/1725756158296?e=1788393600&v=beta&t=tFKBjw-L6lvMhAGDAvfoAuKhGTCQGqDoA3omvuOaKJw
"You uploaded a feed photo on September 8, 2024 at 12:41 AM (GMT)", -,https://media.licdn.com/dms/image/v2/D5622AQGlxEP1566k3g/feedshare-shrink_800/feedshare-shrink_800/0/1725756155903?e=1788393600&v=beta&t=8reTjwQHX0NSeTm3LpCe8SXU9DL0GHRsoKseRZqhyxw
"You uploaded a feed photo on August 31, 2024 at 1:29 AM (GMT)", -,https://media.licdn.com/dms/image/v2/D5622AQHTJmY6ubArwA/feedshare-shrink_800/feedshare-shrink_800/0/1725067886507?e=1788393600&v=beta&t=S6T2zvEjNK2hktJ8rWAmck9ErXsoWBXVKQNpKx5LaHU
"You uploaded a feed photo on August 31, 2024 at 1:29 AM (GMT)", -,https://media.licdn.com/dms/image/v2/D5622AQHs3vVK3a18EQ/feedshare-shrink_800/feedshare-shrink_800/0/1725067885408?e=1788393600&v=beta&t=IcH1Agr-8D2mZdJ0n_ipoXWcCrsmKyZu-4v4pbGmhNY
"You uploaded a feed photo on August 31, 2024 at 1:29 AM (GMT)", -,https://media.licdn.com/dms/image/v2/D5622AQE7Tk-yLDHt6A/feedshare-shrink_800/feedshare-shrink_800/0/1725067884908?e=1788393600&v=beta&t=msW01nwGBP4vsBPzs67lfZ1xTy88PoGT81ua1GzgAEk
"You uploaded a feed photo on August 31, 2024 at 1:29 AM (GMT)", -,https://media.licdn.com/dms/image/v2/D5622AQEOkeuHtZzNBg/feedshare-shrink_800/feedshare-shrink_800/0/1725067884773?e=1788393600&v=beta&t=MlG4Us7YdJ_CZ1EUqrSeCJZKJ5WoWCtULWjJhz1cGHs
"You uploaded a feed photo on August 31, 2024 at 1:29 AM (GMT)", -,https://media.licdn.com/dms/image/v2/D5622AQFffi3CW7-ExA/feedshare-shrink_800/feedshare-shrink_800/0/1725067884458?e=1788393600&v=beta&t=VoJ_cB6M0gPDBohBavzdVPTxBB5HbZkwFSISHbvyf5I
"You uploaded a feed photo on August 31, 2024 at 1:29 AM (GMT)", -,https://media.licdn.com/dms/image/v2/D5622AQHInnUsS1IO2A/feedshare-shrink_800/feedshare-shrink_800/0/1725067883803?e=1788393600&v=beta&t=WHor0_jTHVkAny-O-LQ8K2gRJZ81WPv8iJkC4Nw30CM
"You uploaded a feed photo on August 19, 2024 at 2:11 AM (GMT)", -,https://media.licdn.com/dms/image/v2/D5622AQEeuI3Nxx7kKA/feedshare-shrink_800/feedshare-shrink_800/0/1724033505967?e=1788393600&v=beta&t=mzW5L4rVWlwaV6IF6qjaGzvrSOZi3EA7u-POUABcY6I
"You uploaded a feed photo on August 7, 2024 at 4:51 PM (GMT)", -,https://media.licdn.com/dms/image/v2/D5622AQHqUjkZjG0m-A/feedshare-shrink_800/feedshare-shrink_800/0/1723049483480?e=1788393600&v=beta&t=qLzKwzYohVsOmGwRfXXuC26fa1jauqS0ZZvfrnlSS04
"You uploaded a feed photo on August 7, 2024 at 4:49 PM (GMT)", -,https://media.licdn.com/dms/image/v2/D5622AQGVJTxHatmAuw/feedshare-shrink_800/feedshare-shrink_800/0/1723049361216?e=1788393600&v=beta&t=eik86bXqAVDOmN9uP_pay_cUEgC-Uv_VeVxOk61JTPA
"You uploaded a feed photo on August 7, 2024 at 10:06 AM (GMT)", -,https://media.licdn.com/dms/image/v2/D5622AQE3zMJDwxVshw/feedshare-shrink_800/feedshare-shrink_800/0/1723025191066?e=1788393600&v=beta&t=yLKiR-aIok-x08ahw5js4ZQS4ONdDPC-t1h5216qQ1U
"You uploaded a feed photo on August 7, 2024 at 10:06 AM (GMT)", -,https://media.licdn.com/dms/image/v2/D5622AQHQ6f0gPB-RAg/feedshare-shrink_800/feedshare-shrink_800/0/1723025195908?e=1788393600&v=beta&t=mtVl1fhUZsi5dd-oVnoriF_d9LxCcw6yVDqeM4-HPks
"You uploaded a feed photo on August 6, 2024 at 3:03 AM (GMT)", -,https://media.licdn.com/dms/image/v2/D4E22AQGD18wvh5TqYw/feedshare-shrink_800/feedshare-shrink_800/0/1722913405018?e=1788393600&v=beta&t=UNKQGAC-wbxchKX3vRsbTGtIny0kO6_okzwltErQOtQ
"You uploaded a feed photo on August 5, 2024 at 2:39 PM (GMT)", -,https://media.licdn.com/dms/image/v2/D5622AQFi822x-8ZJ6Q/feedshare-shrink_800/feedshare-shrink_800/0/1722868801422?e=1788393600&v=beta&t=wPTeVsYdJI9weMqI8_nay8uE811YlWGumwaEUAeQR1o
"You uploaded a feed photo on August 5, 2024 at 2:31 PM (GMT)", -,https://media.licdn.com/dms/image/v2/D5622AQGWQ5YEuSgwpA/feedshare-shrink_800/feedshare-shrink_800/0/1722868291450?e=1788393600&v=beta&t=5yx40jO9PKAE_LVvp9nZwc1yc2syZPHWM5NqOe9IQv0
"You uploaded a feed photo on August 5, 2024 at 12:54 PM (GMT)", -,https://media.licdn.com/dms/image/v2/D5622AQHVbLrffM7KWg/feedshare-shrink_800/feedshare-shrink_800/0/1722862490303?e=1788393600&v=beta&t=ns281virQf8uljxE32MgP5KHu1fKl8ckc_yslOVRJUo
"You uploaded a feed photo on August 4, 2024 at 3:24 PM (GMT)", -,https://media.licdn.com/dms/image/v2/D5622AQHaSBeXN4NQnQ/feedshare-shrink_800/feedshare-shrink_800/0/1722785086565?e=1788393600&v=beta&t=1o9RUHV72IoO93PdKC0FuMiSkinNGgN7gDao22Isw0w
"You uploaded a photo on July 20, 2024 at 3:35 PM (GMT)", -,https://media.licdn.com/dms/image/v2/D562DAQFgFc8j-hC_RQ/profile-treasury-image-shrink_800_800/profile-treasury-image-shrink_800_800/0/1721489719170?e=1787191200&v=beta&t=KltNzVdvsx9BKfNJowJs2qAMkDWGchrm2xyTQ7o3PdU
"You uploaded a photo on July 20, 2024 at 3:34 PM (GMT)", -,https://media.licdn.com/dms/image/v2/D562DAQHsIwGGeUyKCw/profile-treasury-image-shrink_800_800/profile-treasury-image-shrink_800_800/0/1721489697122?e=1787191200&v=beta&t=zPShqxYVbC4disXn7zVhkkW95URcpllzgbYMr_C5vac
"You uploaded a photo on July 20, 2024 at 3:34 PM (GMT)", -,https://media.licdn.com/dms/image/v2/D562DAQHc_48q0wc88w/profile-treasury-image-shrink_800_800/profile-treasury-image-shrink_800_800/0/1721489686903?e=1787191200&v=beta&t=SDVaR6_CJGZOdOwLaLzLpgwZPOQjVe9a-buIEuoIlYQ
"You uploaded a feed photo on July 11, 2024 at 6:02 AM (GMT)", -,https://media.licdn.com/dms/image/v2/D5622AQEt1r08hXx5aA/feedshare-shrink_800/feedshare-shrink_800/0/1720677809474?e=1788393600&v=beta&t=D20rAmf_iTM6Vvm0P1JdK5A-Mi-ErEnG4vbiGBzsmb4
"You uploaded a feed photo on July 11, 2024 at 6:02 AM (GMT)", -,https://media.licdn.com/dms/image/v2/D5622AQHCCRutPyAHow/feedshare-shrink_800/feedshare-shrink_800/0/1720677810958?e=1788393600&v=beta&t=JEgFvaVf2Orratsfmh2jXhlSoOueOkODAoHtLP7V4o4
"You uploaded a feed photo on July 11, 2024 at 6:02 AM (GMT)", -,https://media.licdn.com/dms/image/v2/D5622AQFYaJXbQ4qfyw/feedshare-shrink_800/feedshare-shrink_800/0/1720677819805?e=1788393600&v=beta&t=OPZEMWsPYiwqIPXBp7IX8Gy2v-pIX0XIaDEmcOZ--nc
"You uploaded a feed photo on July 11, 2024 at 6:02 AM (GMT)", -,https://media.licdn.com/dms/image/v2/D5622AQEHvwn2-MhWYA/feedshare-shrink_800/feedshare-shrink_800/0/1720677810447?e=1788393600&v=beta&t=N1Sx1qiQzCOijoEe4BYvYCSvkVfSEyXAp1g5mnXJkv0
"You uploaded a feed photo on July 11, 2024 at 6:02 AM (GMT)", -,https://media.licdn.com/dms/image/v2/D5622AQGBEQxRklYR0A/feedshare-shrink_800/feedshare-shrink_800/0/1720677787894?e=1788393600&v=beta&t=EfdeZmWHJWFcaWwIwdJbLA7rk5_lIYKUoxAz-UNSiaE
"You uploaded a feed photo on July 11, 2024 at 6:02 AM (GMT)", -,https://media.licdn.com/dms/image/v2/D5622AQF3xDLZN0Nvmg/feedshare-shrink_800/feedshare-shrink_800/0/1720677812098?e=1788393600&v=beta&t=lE28KKesR1L5mCBpDMoadIrm5rjsnMA3ykNoy3rxXd8
"You uploaded a feed photo on July 9, 2024 at 1:59 PM (GMT)", -,https://media.licdn.com/dms/image/v2/D5622AQFq9z7p5FL4QQ/feedshare-shrink_800/feedshare-shrink_800/0/1720533543517?e=1788393600&v=beta&t=FFbgGAuFsQJfQiHi9iqbkWC_YlbNpR6kY8gFsciDeL0
"You uploaded a video on July 5, 2024 at 3:47 AM (GMT)", -,https://dms.licdn.com/playlist/vid/dynamic/D5605AQGu1hUBlqzsgA/CeJzLyCnWNTcyKNA1Nkgr0E0uSjOy0MkAipmaYIqZWGCKGZuhiAEAqbEXXA?e=1787191200&v=beta&t=mM7YKcCUHb74jQuK3eD0YrV9KJiJtjQfEv0CT6ojpvg
"You uploaded a feed photo on June 27, 2024 at 5:12 AM (GMT)", -,https://media.licdn.com/dms/image/v2/D5622AQGDWLUkW62EDw/feedshare-shrink_800/feedshare-shrink_800/0/1719465149459?e=1788393600&v=beta&t=5nblRidWlQAYF2HHI__vKv4h_NNSZHG7arWyqtsW990
"You uploaded a feed photo on June 27, 2024 at 4:08 AM (GMT)", -,https://media.licdn.com/dms/image/v2/D5622AQEQXuM7ttw0jw/feedshare-shrink_800/feedshare-shrink_800/0/1719461283174?e=1788393600&v=beta&t=80XHAWQrLsJEBWcRNQarvlZzFfDDdNE9a2T71z2NpV0
"You uploaded a photo on June 11, 2024 at 10:40 AM (GMT)", -,https://media.licdn.com/dms/image/v2/D562DAQGY34iafK8_Bg/profile-treasury-image-shrink_8192_8192/profile-treasury-image-shrink_8192_8192/0/1719386574548?e=1787191200&v=beta&t=qm8XCXowpX7Qs9u9_Je0AHY4NrvqN5xPRyY0wFBs5oQ
"You uploaded a photo on June 11, 2024 at 10:37 AM (GMT)", -,https://media.licdn.com/dms/image/v2/D562DAQEYBZ_mW3y03g/profile-treasury-image-shrink_8192_8192/profile-treasury-image-shrink_8192_8192/0/1719378549987?e=1787191200&v=beta&t=-R_BY72eanJcC5XArzAA_r8G_uJKcOHlJRwhgSK63O0
"You uploaded a photo on June 11, 2024 at 10:33 AM (GMT)", -,https://media.licdn.com/dms/image/v2/D562DAQH3yYoJ_1Qayg/profile-treasury-image-shrink_8192_8192/profile-treasury-image-shrink_8192_8192/0/1719381018570?e=1787191200&v=beta&t=oQh-dYQd3vpOmdKT_5mV3ho5bS2R340OrK08P9hCuAA
"You uploaded a photo on June 11, 2024 at 10:25 AM (GMT)", -,https://media.licdn.com/dms/image/v2/D562DAQE-301JvDPHmA/profile-treasury-image-shrink_8192_8192/profile-treasury-image-shrink_8192_8192/0/1719368531292?e=1787191200&v=beta&t=vZUccp6CDUK_Ozx30KOgE9nmafyyehfxhztjdSW6A6Y
"You uploaded a photo on June 11, 2024 at 10:17 AM (GMT)", -,https://media.licdn.com/dms/image/v2/D562DAQEbc98n8e7pQA/profile-treasury-image-shrink_8192_8192/profile-treasury-image-shrink_8192_8192/0/1719372317282?e=1787191200&v=beta&t=AydVSoHRXizlMaXJZgmJk1o4spfDEEhGLQ6iZFBt4fM
"You uploaded a photo on June 11, 2024 at 9:59 AM (GMT)", -,https://media.licdn.com/dms/image/v2/D562DAQFhbXioV-nuTA/profile-treasury-image-shrink_800_800/profile-treasury-image-shrink_800_800/0/1719379970143?e=1787191200&v=beta&t=o1lP3gSe94sWvV1PayjqEpiLxRiW7WBZxFPgYruBrC4
"You uploaded a feed photo on June 11, 2024 at 9:43 AM (GMT)", -,https://media.licdn.com/dms/image/v2/D5622AQHKCiVoIpxArw/feedshare-shrink_800/feedshare-shrink_800/0/1718099030588?e=1788393600&v=beta&t=4OkB4aCFrV_DivtlYvMvhF0rL8pq5rAzcREIJEKFP60
"You uploaded a feed photo on June 11, 2024 at 5:54 AM (GMT)", -,https://media.licdn.com/dms/image/v2/D5622AQHMzy4MDawKsw/feedshare-shrink_800/feedshare-shrink_800/0/1719136235092?e=1788393600&v=beta&t=FyGoI_Pp9vuJfbumFimztnDSCDdHL_xDFLL_Gc2RkME
"You uploaded a feed photo on June 8, 2024 at 9:22 AM (GMT)", -,https://media.licdn.com/dms/image/v2/D5622AQFIutL-tjGLpQ/feedshare-shrink_800/feedshare-shrink_800/0/1719181929555?e=1788393600&v=beta&t=imvx-ce60GmBzVvaw9vrykvAtEEWUh48Ry4Umdd96zU
"You uploaded a feed photo on June 8, 2024 at 9:22 AM (GMT)", -,https://media.licdn.com/dms/image/v2/D5622AQFb5G8NbxUu6A/feedshare-shrink_800/feedshare-shrink_800/0/1719142330479?e=1788393600&v=beta&t=Ol7kwKrIHU1yxQKRmuQVIy8QiFX1udzQhHXeNqmKQLo
"You uploaded a feed photo on June 3, 2024 at 11:10 AM (GMT)", -,https://media.licdn.com/dms/image/v2/D4E22AQFtPHU5oKxRow/feedshare-shrink_800/feedshare-shrink_800/0/1717413046485?e=1788393600&v=beta&t=zTnxh-kzus9OPk_OqR5Qh4VoxtKDGCP-1ZjTLiBYHTI
"You uploaded a feed photo on June 3, 2024 at 9:44 AM (GMT)", -,https://media.licdn.com/dms/image/v2/D5622AQEOySUJJAJfgA/feedshare-shrink_800/feedshare-shrink_800/0/1717407894920?e=1788393600&v=beta&t=RmnvDmg41M1-UlvnUWlqoXtMyHgrAJxzqlgQuM6lYBM
"You uploaded a feed photo on May 24, 2024 at 12:08 PM (GMT)", -,https://media.licdn.com/dms/image/v2/D5622AQFcLyh6zHthLQ/feedshare-shrink_800/feedshare-shrink_800/0/1716552499694?e=1788393600&v=beta&t=F057_i2S_BXCmez73_qKstMmd8MY8WDoiG8BWk8Grqs
"You uploaded a feed photo on May 23, 2024 at 2:31 AM (GMT)", -,https://media.licdn.com/dms/image/v2/D5622AQEEalk-cVUP9g/feedshare-shrink_800/feedshare-shrink_800/0/1716431479564?e=1788393600&v=beta&t=A6O1pGgSfly3IdLCw3aDSGtMVXehK8JcuK1tLuXByOg
"You uploaded a feed photo on May 19, 2024 at 12:52 PM (GMT)", -,https://media.licdn.com/dms/image/v2/D5622AQGLcdR4bZ-6rA/feedshare-shrink_800/feedshare-shrink_800/0/1716123168602?e=1788393600&v=beta&t=_f2oE3c-ffgph9uRaPD0DQbtX-E1bWQUqLMO0MdGfSA
"You uploaded a feed photo on May 18, 2024 at 7:19 AM (GMT)", -,https://media.licdn.com/dms/image/v2/D5622AQGTt4Z8vxDlXw/feedshare-shrink_800/feedshare-shrink_800/0/1716016769118?e=1788393600&v=beta&t=1uGNHr3rviBh2gjgU9-P6yEzLp4ylf6SJP02pY8lqN0
"You uploaded a feed photo on May 11, 2024 at 1:13 PM (GMT)", -,https://media.licdn.com/dms/image/v2/D5622AQEYpykeRXx77w/feedshare-shrink_800/feedshare-shrink_800/0/1715433193141?e=1788393600&v=beta&t=oCyw5p7QBuEs6Ttv3YHrZw4HB8nAb-8MrDlS03mZJJI
"You uploaded a feed photo on May 11, 2024 at 1:13 PM (GMT)", -,https://media.licdn.com/dms/image/v2/D5622AQH522d9PoiRPg/feedshare-shrink_800/feedshare-shrink_800/0/1715433194995?e=1788393600&v=beta&t=6mWNMlmruKK0zEWZYkIQK4BZhWAEpYH1hNZA3bsY3JY
"You uploaded a feed photo on May 11, 2024 at 3:57 AM (GMT)", -,https://media.licdn.com/dms/image/v2/D5622AQFsQXTPlBEAyA/feedshare-shrink_800/feedshare-shrink_800/0/1715399840369?e=1788393600&v=beta&t=OerxQ2_jbeoKALCcSbWEzGCfC-1Ge62GTZ1qA2cdnrY
"You uploaded a feed photo on May 11, 2024 at 3:56 AM (GMT)", -,https://media.licdn.com/dms/image/v2/D5622AQE6V9-wfSmT7A/feedshare-shrink_800/feedshare-shrink_800/0/1715399792258?e=1788393600&v=beta&t=u0QRULpM_-jqPijMC55dDUQ4I7hTguzDFDSq3-b6VCw
"You uploaded a feed photo on May 11, 2024 at 3:56 AM (GMT)", -,https://media.licdn.com/dms/image/v2/D5622AQHE_3KQPffuNg/feedshare-shrink_800/feedshare-shrink_800/0/1715399769493?e=1788393600&v=beta&t=BGKDiJKpl_n3Zr5_mzBIxKSM1fZcaKZmkOBMYrBFxOM
"You uploaded a feed photo on May 11, 2024 at 3:55 AM (GMT)", -,https://media.licdn.com/dms/image/v2/D5622AQGCeSiaOCLzmQ/feedshare-shrink_800/feedshare-shrink_800/0/1715399734036?e=1788393600&v=beta&t=FaAV7nJUYjaZW0IW54bobc8qyTF2ukwsnUOJ6w4XaHE
"You uploaded a feed photo on May 11, 2024 at 3:54 AM (GMT)", -,https://media.licdn.com/dms/image/v2/D5622AQFgXubuRPvV1g/feedshare-shrink_800/feedshare-shrink_800/0/1715399688888?e=1788393600&v=beta&t=eqyCvGGG7nVpRHX5eOPNPgJ3ayuYZxOG2i0FCiQiaCE
"You uploaded a feed photo on May 11, 2024 at 3:54 AM (GMT)", -,https://media.licdn.com/dms/image/v2/D5622AQEvxwItePUU0g/feedshare-shrink_800/feedshare-shrink_800/0/1715399663378?e=1788393600&v=beta&t=FrL-Lw9DdbrWbFqHF2LNHQChKRY4acIQqjQZKBrRh1c
"You uploaded a feed photo on May 11, 2024 at 3:53 AM (GMT)", -,https://media.licdn.com/dms/image/v2/D5622AQFlATuN3zmIyA/feedshare-shrink_800/feedshare-shrink_800/0/1715399595419?e=1788393600&v=beta&t=CfMaAdmNa7uQJt6LB_CoyBrRv6ZyUBpmJ0poPPacN9Y
"You uploaded a feed photo on May 11, 2024 at 3:52 AM (GMT)", -,https://media.licdn.com/dms/image/v2/D5622AQGiJgJg1pjfSw/feedshare-shrink_800/feedshare-shrink_800/0/1715399558467?e=1788393600&v=beta&t=6ewmFGbwykq6Age45mnzglfJ_aXgIywgIOpnYfT7lJM
"You uploaded a feed photo on May 9, 2024 at 11:18 AM (GMT)", -,https://media.licdn.com/dms/image/v2/D5622AQHcsCDWs340xA/feedshare-shrink_800/feedshare-shrink_800/0/1715253495565?e=1788393600&v=beta&t=-9cF4_JOi8LDKld1PCkrJ9cbTze2B1Rf9-zyRVhSSiM
"You uploaded a feed photo on May 9, 2024 at 5:09 AM (GMT)", -,https://media.licdn.com/dms/image/v2/D4E22AQFf95MrsspMGQ/feedshare-shrink_800/feedshare-shrink_800/0/1715231353677?e=1788393600&v=beta&t=m-5MrwgBtWObmYgz4OeBoYnMeD_kC30TV0li7SdIkDI
"You uploaded a feed photo on May 9, 2024 at 5:09 AM (GMT)", -,https://media.licdn.com/dms/image/v2/D4E22AQFs7drTqFj_MA/feedshare-shrink_800/feedshare-shrink_800/0/1715231354239?e=1788393600&v=beta&t=yUcAwdyy-LhfMqtWPYaqARLdJKUOOhQ5XSR1c65u3hI
"You uploaded a feed photo on May 9, 2024 at 5:09 AM (GMT)", -,https://media.licdn.com/dms/image/v2/D4E22AQGE8IVuQSz3rA/feedshare-shrink_800/feedshare-shrink_800/0/1715231350605?e=1788393600&v=beta&t=LFjsPdzgzdPrfcCWFefZAhsIA2LbnwN_gjFF9IefJBw
"You uploaded a feed photo on May 9, 2024 at 5:09 AM (GMT)", -,https://media.licdn.com/dms/image/v2/D4E22AQFQA-EV_81DGA/feedshare-shrink_800/feedshare-shrink_800/0/1715231343970?e=1788393600&v=beta&t=T6Lca-kHJ07ulAJkwrsCBb3WWnaalg9x5mSzrUU_J9k
"You uploaded a feed photo on May 9, 2024 at 4:51 AM (GMT)", -,https://media.licdn.com/dms/image/v2/D4E22AQFHVtCR_qwm7w/feedshare-shrink_800/feedshare-shrink_800/0/1715230286712?e=1788393600&v=beta&t=IFtgPmMg9NOIpq3DYfLFslk5_2Pkf89_mEUl4gUjE8k
"You uploaded a feed photo on May 9, 2024 at 4:44 AM (GMT)", -,https://media.licdn.com/dms/image/v2/D4E22AQGkQaODxzIDMg/feedshare-shrink_800/feedshare-shrink_800/0/1715229884448?e=1788393600&v=beta&t=PZ8JPFrX1PMWFq1Na2Yr7QKxCbiYD_BhEiHYwkqihDc
"You uploaded a feed photo on May 9, 2024 at 4:44 AM (GMT)", -,https://media.licdn.com/dms/image/v2/D4E22AQGQnqx3TmR5AQ/feedshare-shrink_800/feedshare-shrink_800/0/1715229883599?e=1788393600&v=beta&t=XjMm8xUvC59sya9lJG6GUBF7JnTCpPFcTwD2Llmk0z0
"You uploaded a feed photo on May 9, 2024 at 4:44 AM (GMT)", -,https://media.licdn.com/dms/image/v2/D4E22AQEbfDD-jg-tzw/feedshare-shrink_800/feedshare-shrink_800/0/1715229881813?e=1788393600&v=beta&t=3V-cYfTTAWqbjJ_-MnHlfY3V_g-415sLvCvuab0B6lc
"You uploaded a feed photo on May 9, 2024 at 4:44 AM (GMT)", -,https://media.licdn.com/dms/image/v2/D4E22AQEV6x8Hg_guiQ/feedshare-shrink_800/feedshare-shrink_800/0/1715229882754?e=1788393600&v=beta&t=FHon2dfiKa5Cc7jEDB-qPNjN72CLEyTP8eNPb_4E0us
"You uploaded a feed photo on May 9, 2024 at 4:31 AM (GMT)", -,https://media.licdn.com/dms/image/v2/D4E22AQEpFC3aEsMDkA/feedshare-shrink_800/feedshare-shrink_800/0/1715229099308?e=1788393600&v=beta&t=aDQX_Ul-pgfOAQtydGB1tazcjVx5-pBVUCJqEwrBDK0
"You uploaded a feed photo on May 9, 2024 at 4:22 AM (GMT)", -,https://media.licdn.com/dms/image/v2/D4E22AQHwW05eruYOfw/feedshare-shrink_800/feedshare-shrink_800/0/1715228530513?e=1788393600&v=beta&t=-Y7SYsy_7NMi2uIN00E-a57iWyW65N-100vSldEZbsY
"You uploaded a feed photo on May 9, 2024 at 3:50 AM (GMT)", -,https://media.licdn.com/dms/image/v2/D4E22AQHerqyS2M5BnA/feedshare-shrink_800/feedshare-shrink_800/0/1715226614747?e=1788393600&v=beta&t=nrfegXrgzsv7Q8sq-rJ4IUk_QnQ8cVDOha06FZ_qJQM
"You uploaded a feed photo on May 9, 2024 at 3:48 AM (GMT)", -,https://media.licdn.com/dms/image/v2/D4E22AQFQQTV4gsGRQQ/feedshare-shrink_800/feedshare-shrink_800/0/1715226492347?e=1788393600&v=beta&t=3kkBGAY5Mb8_MI1_x9tz4Wm25qn3egDkK_YAKe7Z4hc
"You uploaded a feed photo on May 9, 2024 at 3:47 AM (GMT)", -,https://media.licdn.com/dms/image/v2/D4E22AQG5cd000RjkmQ/feedshare-shrink_800/feedshare-shrink_800/0/1715226482999?e=1788393600&v=beta&t=jZ96hllNZVoTnQA2QVRaot3Tahuj9XpMAcu2uwCJoRI
"You uploaded a feed photo on May 9, 2024 at 3:46 AM (GMT)", -,https://media.licdn.com/dms/image/v2/D4E22AQG4adnvqfkbhQ/feedshare-shrink_800/feedshare-shrink_800/0/1715226393549?e=1788393600&v=beta&t=Dm7X1akMW3CXGWyuRmMOHcoeurvAwgIHosCDP7eKOYM
"You uploaded a feed photo on May 9, 2024 at 3:45 AM (GMT)", -,https://media.licdn.com/dms/image/v2/D4E22AQHB2TwpkD46eA/feedshare-shrink_800/feedshare-shrink_800/0/1715226319870?e=1788393600&v=beta&t=Hj1W_pysZVwVdvOeDPL3vObFLKb7Z4kmSHqoXAIZsBM
"You uploaded a feed photo on May 8, 2024 at 9:36 AM (GMT)", -,https://media.licdn.com/dms/image/v2/D5622AQHpaFSK3t6Aqg/feedshare-shrink_800/feedshare-shrink_800/0/1715161013843?e=1788393600&v=beta&t=AHLnHjDJ5qbFOwWy1O1zFYkMFd2Ire2lNAwCQU2KIdM
"You uploaded a feed photo on May 8, 2024 at 9:36 AM (GMT)", -,https://media.licdn.com/dms/image/v2/D5622AQGJdoK9ENP-Yw/feedshare-shrink_800/feedshare-shrink_800/0/1715161012859?e=1788393600&v=beta&t=LSBtbOB4Nj6z4AnX0aPwQjjbt3_FReIGbDRh4IyVo78
"You uploaded a feed photo on May 8, 2024 at 9:36 AM (GMT)", -,https://media.licdn.com/dms/image/v2/D5622AQGNBWndydCVmQ/feedshare-shrink_800/feedshare-shrink_800/0/1715161010948?e=1788393600&v=beta&t=mbFupGj_f2r5wi-d73JG9aPfCx2IDSCwS0mfCnnxTto
"You uploaded a feed photo on May 8, 2024 at 9:36 AM (GMT)", -,https://media.licdn.com/dms/image/v2/D5622AQHxvzW9Ufn1Gw/feedshare-shrink_800/feedshare-shrink_800/0/1715161011014?e=1788393600&v=beta&t=K7-zOaSPNRzloRgAnEwe5tuf-_wJEVbhyxjXTkbgiVc
"You uploaded a feed photo on May 8, 2024 at 9:36 AM (GMT)", -,https://media.licdn.com/dms/image/v2/D5622AQGCtONw7Fw_Gg/feedshare-shrink_800/feedshare-shrink_800/0/1715161011512?e=1788393600&v=beta&t=2FRwg_0Oj0awfpkswmTqHYTOleEDvysl7pcafVsmVEU
"You uploaded a feed photo on May 8, 2024 at 9:36 AM (GMT)", -,https://media.licdn.com/dms/image/v2/D5622AQH2wmqhe6h_Tw/feedshare-shrink_800/feedshare-shrink_800/0/1715161010280?e=1788393600&v=beta&t=LwfG8a0QBiu_8ehNFQteMS-CvZNY9mVSr-LWMUYl6vg
"You uploaded a feed photo on May 8, 2024 at 8:41 AM (GMT)", -,https://media.licdn.com/dms/image/v2/D4E22AQEB8AjA_c8cEA/feedshare-shrink_800/feedshare-shrink_800/0/1715157721822?e=1788393600&v=beta&t=n12iYFI8gznu8Xe6ZIhI8CoKxXBGn2TBZZh_noZpSzQ
"You uploaded a feed photo on May 8, 2024 at 8:41 AM (GMT)", -,https://media.licdn.com/dms/image/v2/D4E22AQGj1Ibok6_GEA/feedshare-shrink_800/feedshare-shrink_800/0/1715157728327?e=1788393600&v=beta&t=Inw3vk_f_fy8T-I9aLN22uyHlIIStvWm2cob3Rh95Ng
"You uploaded a feed photo on May 8, 2024 at 8:41 AM (GMT)", -,https://media.licdn.com/dms/image/v2/D4E22AQGBooi9ZOVbww/feedshare-shrink_800/feedshare-shrink_800/0/1715157725839?e=1788393600&v=beta&t=XcRMBZjfebBKDGf9Pktg9kVzakxOXdygjy1Ht-lymDg
"You uploaded a feed photo on May 8, 2024 at 8:41 AM (GMT)", -,https://media.licdn.com/dms/image/v2/D4E22AQExdGu1z6-p3w/feedshare-shrink_800/feedshare-shrink_800/0/1715157745011?e=1788393600&v=beta&t=TP0lieMNx_GEtzgz4aE4ZLWp6_M5mZNcoH2pA8Ok77s
"You uploaded a feed photo on May 8, 2024 at 8:41 AM (GMT)", -,https://media.licdn.com/dms/image/v2/D4E22AQEmRs6kinAOYw/feedshare-shrink_800/feedshare-shrink_800/0/1715157759503?e=1788393600&v=beta&t=-mUb5gf7Xd5aKvVUYBfq8tNeNAYs83uOjJUyEBR7sfE
"You uploaded a feed photo on May 8, 2024 at 8:41 AM (GMT)", -,https://media.licdn.com/dms/image/v2/D4E22AQF1DkjG3BAkDg/feedshare-shrink_800/feedshare-shrink_800/0/1715157720313?e=1788393600&v=beta&t=WQ3uNf6-hIaK4dG-gztbdHFVfBPgUsnP_mM7fLBJaDI
"You uploaded a feed photo on May 8, 2024 at 8:41 AM (GMT)", -,https://media.licdn.com/dms/image/v2/D4E22AQFqKeP3Z-F4tw/feedshare-shrink_800/feedshare-shrink_800/0/1715157718513?e=1788393600&v=beta&t=DpscXAzHfg5kqbkvUr3QjkPxxyGmM2xUBXne62DpKqY
"You uploaded a feed photo on May 8, 2024 at 8:41 AM (GMT)", -,https://media.licdn.com/dms/image/v2/D4E22AQGESv8PmurIpw/feedshare-shrink_800/feedshare-shrink_800/0/1715157718560?e=1788393600&v=beta&t=yztuxrl8l_FlDIW1PeyrJft7uhDEnDuiAmNl1I0a1GU
"You uploaded a feed photo on May 8, 2024 at 8:41 AM (GMT)", -,https://media.licdn.com/dms/image/v2/D4E22AQFmsOZSYATQVg/feedshare-shrink_800/feedshare-shrink_800/0/1715157719842?e=1788393600&v=beta&t=q-yXWsWzO7hP0Hnr13jv4P1ecSGzWjUPoDDOz-vctMw
"You uploaded a feed photo on May 8, 2024 at 8:41 AM (GMT)", -,https://media.licdn.com/dms/image/v2/D4E22AQFUEzI-hV5z2Q/feedshare-shrink_800/feedshare-shrink_800/0/1715157721471?e=1788393600&v=beta&t=ejU4FoO2ZfwXvOKe5m6bEoLQ3cwGJug4GEBm3VYwXBo
"You uploaded a feed photo on May 7, 2024 at 6:55 AM (GMT)", -,https://media.licdn.com/dms/image/v2/D4E22AQFa0JUPr4AhgQ/feedshare-shrink_20/feedshare-shrink_20/0/1715064951461?e=1788393600&v=beta&t=b-TCMqy5cj8gwOj1kM_NEY_eztnBlUMTZnV6NNGul6Y
"You uploaded a feed photo on May 7, 2024 at 1:27 AM (GMT)", -,https://media.licdn.com/dms/image/v2/D5622AQHOFQpU7Yci_Q/feedshare-shrink_800/feedshare-shrink_800/0/1715045266225?e=1788393600&v=beta&t=lhrHgBuOlihP6A4kplw2jRvXTJGd6LIf6nsFPhnczoU
"You uploaded a feed photo on May 6, 2024 at 9:57 AM (GMT)", -,https://media.licdn.com/dms/image/v2/D5622AQFYbzzRlXMwfw/feedshare-shrink_800/feedshare-shrink_800/0/1714989450729?e=1788393600&v=beta&t=4NghH9J1EcD2_WEm3H3-oRJ2Pqs7PQkbAxSWQRXfFVY
"You uploaded a feed photo on May 5, 2024 at 3:21 PM (GMT)", -,https://media.licdn.com/dms/image/v2/D5622AQH5aR23Pc5flQ/feedshare-shrink_800/feedshare-shrink_800/0/1714922496736?e=1788393600&v=beta&t=lQP5jOcjMAwaGjcQsKw57HpQd7_V_pQ_vejCPkYE8O0
"You uploaded a photo on July 21, 2023 at 9:03 AM (GMT)", -,https://media.licdn.com/dms/image/v2/D4D2DAQHllTUY2POc3w/profile-treasury-image-shrink_8192_8192/profile-treasury-image-shrink_8192_8192/0/1689930240013?e=1787191200&v=beta&t=zUS6k2YUlsKWP2S4IXE_ei0txt4DrC_QRROftBAshQU
"You uploaded a photo on June 12, 2023 at 11:41 AM (GMT)", -,https://media.licdn.com/dms/image/v2/D4E2DAQGwvp0GmAmnRQ/profile-treasury-image-shrink_8192_8192/profile-treasury-image-shrink_8192_8192/0/1686570074498?e=1787191200&v=beta&t=EAxFc7aCJ7NpBZipABsplgUi2NWZdmehNmv_MGChVzY
"You uploaded a profile background photo on April 23, 2023 at 12:02 PM (GMT)", -,https://media.licdn.com/dms/image/v2/D4E04AQHR6sN__jox4A/profile-originalbackgroundimage-shrink_396_1584/profile-originalbackgroundimage-shrink_396_1584/0/1682251338199?e=1788393600&v=beta&t=7A4WETumebtYEyXLdVY9-Q76FCtBR_EJsd54BKTRj-0
"You uploaded a profile background photo on April 23, 2023 at 12:02 PM (GMT)", -,https://media.licdn.com/dms/image/v2/D4E16AQHk10GX0WZHCw/profile-displaybackgroundimage-shrink_200_800/profile-displaybackgroundimage-shrink_200_800/0/1682251334966?e=1788393600&v=beta&t=PD6YObyN2Q41JxgHKGmpP8d4JitaBV-O4UGTe81k5lQ
"You uploaded a profile background photo on April 23, 2023 at 12:00 PM (GMT)", -,https://media.licdn.com/dms/image/v2/D4E04AQHJYGRsIn3CMg/profile-originalbackgroundimage-shrink_396_1584/profile-originalbackgroundimage-shrink_396_1584/0/1682251233808?e=1788393600&v=beta&t=WAv1zef9pC1SDDCsDrMy1rUSI-aqQIBf9ZmyBdPNAjM
"You uploaded a profile background photo on April 23, 2023 at 12:00 PM (GMT)", -,https://media.licdn.com/dms/image/v2/D4E16AQEr299jVLiXRQ/profile-displaybackgroundimage-shrink_200_800/profile-displaybackgroundimage-shrink_200_800/0/1682251228027?e=1788393600&v=beta&t=ECy0bRo6uK-TPZ4oS4BJvmTzHNu3uRC8UPCx7U23Eow
